date,close,fold_id,train_start,train_end,test_start,test_end,target,probability,position,market_return,gross_strategy_return,cost_bps,cost,net_strategy_return,benchmark_ma50_position,benchmark_ma50_gross_return,benchmark_ma50_cost,benchmark_ma50_return,model_probability,momentum_probability,model_blend_weight
2015-03-16,172.28976440429688,0,2010-03-16,2015-03-13,2015-03-16,2016-03-15,0,0.6015056082024308,1.0,-0.002972230896641337,-0.002972230896641337,5.0,0.0005,-0.003472230896641337,1.0,-0.002972230896641337,0.0005,-0.003472230896641337,0.6015056082024308,0.35,1.0
2015-03-17,171.77767944335938,0,2010-03-16,2015-03-13,2015-03-16,2016-03-15,1,0.5891725161669846,1.0,0.012021544159148245,0.012021544159148245,5.0,0.0,0.012021544159148245,1.0,0.012021544159148245,0.0,0.012021544159148245,0.5891725161669846,0.35,1.0
2015-03-18,173.84271240234375,0,2010-03-16,2015-03-13,2015-03-16,2016-03-15,0,0.5312690120091645,1.0,-0.004561766059659966,-0.004561766059659966,5.0,0.0,-0.004561766059659966,1.0,-0.004561766059659966,0.0,-0.004561766059659966,0.5312690120091645,0.65,1.0
2015-03-19,173.0496826171875,0,2010-03-16,2015-03-13,2015-03-16,2016-03-15,1,0.6170737025897417,1.0,0.008826923660239627,0.008826923660239627,5.0,0.0,0.008826923660239627,1.0,0.008826923660239627,0.0,0.008826923660239627,0.6170737025897417,0.35,1.0
2015-03-20,174.57717895507812,0,2010-03-16,2015-03-13,2015-03-16,2016-03-15,0,0.5561135696594102,1.0,-0.00194824094557422,-0.00194824094557422,5.0,0.0,-0.00194824094557422,1.0,-0.00194824094557422,0.0,-0.00194824094557422,0.5561135696594102,0.65,1.0
2015-03-23,174.237060546875,0,2010-03-16,2015-03-13,2015-03-16,2016-03-15,0,0.623153673694589,1.0,-0.005619154376992341,-0.005619154376992341,5.0,0.0,-0.005619154376992341,1.0,-0.005619154376992341,0.0,-0.005619154376992341,0.623153673694589,0.35,1.0
2015-03-24,173.25799560546875,0,2010-03-16,2015-03-13,2015-03-16,2016-03-15,0,0.5788930688618296,1.0,-0.01465392637861751,-0.01465392637861751,5.0,0.0,-0.01465392637861751,1.0,-0.01465392637861751,0.0,-0.01465392637861751,0.5788930688618296,0.35,1.0
2015-03-25,170.71908569335938,0,2010-03-16,2015-03-13,2015-03-16,2016-03-15,0,0.5799729815921043,1.0,-0.00238142779484829,-0.00238142779484829,5.0,0.0,-0.00238142779484829,0.0,-0.0,0.0005,-0.0005,0.5799729815921043,0.35,1.0
2015-03-26,170.31253051757812,0,2010-03-16,2015-03-13,2015-03-16,2016-03-15,1,0.5542220019443325,1.0,0.002289904262846809,0.002289904262846809,5.0,0.0,0.002289904262846809,0.0,0.0,0.0,0.0,0.5542220019443325,0.35,1.0
2015-03-27,170.70252990722656,0,2010-03-16,2015-03-13,2015-03-16,2016-03-15,1,0.5972363086758102,1.0,0.012199788668456613,0.012199788668456613,5.0,0.0,0.012199788668456613,0.0,0.0,0.0,0.0,0.5972363086758102,0.35,1.0
2015-03-30,172.78506469726562,0,2010-03-16,2015-03-13,2015-03-16,2016-03-15,0,0.6032930300015346,1.0,-0.008739591025572868,-0.008739591025572868,5.0,0.0,-0.008739591025572868,1.0,-0.008739591025572868,0.0005,-0.009239591025572869,0.6032930300015346,0.35,1.0
2015-03-31,171.27499389648438,0,2010-03-16,2015-03-13,2015-03-16,2016-03-15,0,0.6144361242717173,1.0,-0.0035364934299229045,-0.0035364934299229045,5.0,0.0,-0.0035364934299229045,0.0,-0.0,0.0005,-0.0005,0.6144361242717173,0.35,1.0
2015-04-01,170.66928100585938,0,2010-03-16,2015-03-13,2015-03-16,2016-03-15,1,0.5795524694517448,1.0,0.003597770653542387,0.003597770653542387,5.0,0.0,0.003597770653542387,0.0,0.0,0.0,0.0,0.5795524694517448,0.35,1.0
2015-04-02,171.28330993652344,0,2010-03-16,2015-03-13,2015-03-16,2016-03-15,1,0.5594268763929292,1.0,0.006733229264131335,0.006733229264131335,5.0,0.0,0.006733229264131335,0.0,0.0,0.0,0.0,0.5594268763929292,0.35,1.0
2015-04-06,172.4365997314453,0,2010-03-16,2015-03-13,2015-03-16,2016-03-15,0,0.5947880136670847,1.0,-0.0026467141057650023,-0.0026467141057650023,5.0,0.0,-0.0026467141057650023,1.0,-0.0026467141057650023,0.0005,-0.0031467141057650023,0.5947880136670847,0.65,1.0
2015-04-07,171.98020935058594,0,2010-03-16,2015-03-13,2015-03-16,2016-03-15,1,0.6549869802787606,1.0,0.0033771053674087614,0.0033771053674087614,5.0,0.0,0.0033771053674087614,1.0,0.0033771053674087614,0.0,0.0033771053674087614,0.6549869802787606,0.35,1.0
2015-04-08,172.56100463867188,0,2010-03-16,2015-03-13,2015-03-16,2016-03-15,1,0.6079405058840821,1.0,0.004423572887970684,0.004423572887970684,5.0,0.0,0.004423572887970684,1.0,0.004423572887970684,0.0,0.004423572887970684,0.6079405058840821,0.65,1.0
2015-04-09,173.3243408203125,0,2010-03-16,2015-03-13,2015-03-16,2016-03-15,1,0.5839563308981188,1.0,0.005457354284502891,0.005457354284502891,5.0,0.0,0.005457354284502891,1.0,0.005457354284502891,0.0,0.005457354284502891,0.5839563308981188,0.65,1.0
2015-04-10,174.27023315429688,0,2010-03-16,2015-03-13,2015-03-16,2016-03-15,0,0.6013338598160465,1.0,-0.0045231693899311365,-0.0045231693899311365,5.0,0.0,-0.0045231693899311365,1.0,-0.0045231693899311365,0.0,-0.0045231693899311365,0.6013338598160465,0.65,1.0
2015-04-13,173.4819793701172,0,2010-03-16,2015-03-13,2015-03-16,2016-03-15,1,0.6129796359704752,1.0,0.0019133958378318994,0.0019133958378318994,5.0,0.0,0.0019133958378318994,1.0,0.0019133958378318994,0.0,0.0019133958378318994,0.6129796359704752,0.65,1.0
2015-04-14,173.8139190673828,0,2010-03-16,2015-03-13,2015-03-16,2016-03-15,1,0.5858235792293395,1.0,0.0044864972725562335,0.0044864972725562335,5.0,0.0,0.0044864972725562335,1.0,0.0044864972725562335,0.0,0.0044864972725562335,0.5858235792293395,0.65,1.0
2015-04-15,174.59373474121094,0,2010-03-16,2015-03-13,2015-03-16,2016-03-15,0,0.5528916153753269,1.0,-0.00028482347106206785,-0.00028482347106206785,5.0,0.0,-0.00028482347106206785,1.0,-0.00028482347106206785,0.0,-0.00028482347106206785,0.5528916153753269,0.65,1.0
2015-04-16,174.54400634765625,0,2010-03-16,2015-03-13,2015-03-16,2016-03-15,0,0.5714084249083438,1.0,-0.01150353757296585,-0.01150353757296585,5.0,0.0,-0.01150353757296585,1.0,-0.01150353757296585,0.0,-0.01150353757296585,0.5714084249083438,0.65,1.0
2015-04-17,172.5361328125,0,2010-03-16,2015-03-13,2015-03-16,2016-03-15,1,0.5622821342200951,1.0,0.009136906614896079,0.009136906614896079,5.0,0.0,0.009136906614896079,0.0,0.0,0.0005,-0.0005,0.5622821342200951,0.35,1.0
2015-04-20,174.11257934570312,0,2010-03-16,2015-03-13,2015-03-16,2016-03-15,0,0.5554273868572905,1.0,-0.0011913440102668815,-0.0011913440102668815,5.0,0.0,-0.0011913440102668815,1.0,-0.0011913440102668815,0.0005,-0.0016913440102668815,0.5554273868572905,0.35,1.0
2015-04-21,173.9051513671875,0,2010-03-16,2015-03-13,2015-03-16,2016-03-15,1,0.5658769222649203,1.0,0.004913991763481285,0.004913991763481285,5.0,0.0,0.004913991763481285,1.0,0.004913991763481285,0.0,0.004913991763481285,0.5658769222649203,0.35,1.0
2015-04-22,174.7597198486328,0,2010-03-16,2015-03-13,2015-03-16,2016-03-15,1,0.5565152614026352,1.0,0.002516359611712371,0.002516359611712371,5.0,0.0,0.002516359611712371,1.0,0.002516359611712371,0.0,0.002516359611712371,0.5565152614026352,0.65,1.0
2015-04-23,175.19947814941406,0,2010-03-16,2015-03-13,2015-03-16,2016-03-15,1,0.5597402547498425,1.0,0.002320353134022568,0.002320353134022568,5.0,0.0,0.002320353134022568,1.0,0.002320353134022568,0.0,0.002320353134022568,0.5597402547498425,0.65,1.0
2015-04-24,175.6060028076172,0,2010-03-16,2015-03-13,2015-03-16,2016-03-15,0,0.5317135817110912,1.0,-0.004157443423413065,-0.004157443423413065,5.0,0.0,-0.004157443423413065,1.0,-0.004157443423413065,0.0,-0.004157443423413065,0.5317135817110912,0.65,1.0
2015-04-27,174.8759307861328,0,2010-03-16,2015-03-13,2015-03-16,2016-03-15,1,0.5446582315815516,1.0,0.0031788720187277963,0.0031788720187277963,5.0,0.0,0.0031788720187277963,1.0,0.0031788720187277963,0.0,0.0031788720187277963,0.5446582315815516,0.65,1.0
2015-04-28,175.4318389892578,0,2010-03-16,2015-03-13,2015-03-16,2016-03-15,0,0.5288423088144913,1.0,-0.004114863390345058,-0.004114863390345058,5.0,0.0,-0.004114863390345058,1.0,-0.004114863390345058,0.0,-0.004114863390345058,0.5288423088144913,0.65,1.0
2015-04-29,174.7099609375,0,2010-03-16,2015-03-13,2015-03-16,2016-03-15,0,0.5622516133073057,1.0,-0.010020444039507415,-0.010020444039507415,5.0,0.0,-0.010020444039507415,1.0,-0.010020444039507415,0.0,-0.010020444039507415,0.5622516133073057,0.65,1.0
2015-04-30,172.95928955078125,0,2010-03-16,2015-03-13,2015-03-16,2016-03-15,1,0.5762143962034101,1.0,0.010841495325123907,0.010841495325123907,5.0,0.0,0.010841495325123907,0.0,0.0,0.0005,-0.0005,0.5762143962034101,0.65,1.0
2015-05-01,174.8344268798828,0,2010-03-16,2015-03-13,2015-03-16,2016-03-15,1,0.5365989041660164,1.0,0.002847368233180214,0.002847368233180214,5.0,0.0,0.002847368233180214,1.0,0.002847368233180214,0.0005,0.002347368233180214,0.5365989041660164,0.65,1.0
2015-05-04,175.33224487304688,0,2010-03-16,2015-03-13,2015-03-16,2016-03-15,0,0.5739986827959785,1.0,-0.011451995348535249,-0.011451995348535249,5.0,0.0,-0.011451995348535249,1.0,-0.011451995348535249,0.0,-0.011451995348535249,0.5739986827959785,0.65,1.0
2015-05-05,173.3243408203125,0,2010-03-16,2015-03-13,2015-03-16,2016-03-15,0,0.586990827839668,1.0,-0.004116653390831448,-0.004116653390831448,5.0,0.0,-0.004116653390831448,1.0,-0.004116653390831448,0.0,-0.004116653390831448,0.586990827839668,0.65,1.0
2015-05-06,172.61082458496094,0,2010-03-16,2015-03-13,2015-03-16,2016-03-15,1,0.5612746199363622,1.0,0.003989224752729781,0.003989224752729781,5.0,0.0,0.003989224752729781,0.0,0.0,0.0005,-0.0005,0.5612746199363622,0.65,1.0
2015-05-07,173.29940795898438,0,2010-03-16,2015-03-13,2015-03-16,2016-03-15,1,0.5164073152020237,1.0,0.013166803875904076,0.013166803875904076,5.0,0.0,0.013166803875904076,1.0,0.013166803875904076,0.0005,0.012666803875904076,0.5164073152020237,0.35,1.0
2015-05-08,175.58120727539062,0,2010-03-16,2015-03-13,2015-03-16,2016-03-15,0,0.5667504361872677,1.0,-0.004772792648578328,-0.004772792648578328,5.0,0.0,-0.004772792648578328,1.0,-0.004772792648578328,0.0,-0.004772792648578328,0.5667504361872677,0.65,1.0
2015-05-11,174.74319458007812,0,2010-03-16,2015-03-13,2015-03-16,2016-03-15,0,0.6214276183000754,1.0,-0.0029918869853833296,-0.0029918869853833296,5.0,0.0,-0.0029918869853833296,1.0,-0.0029918869853833296,0.0,-0.0029918869853833296,0.6214276183000754,0.65,1.0
2015-05-12,174.2203826904297,0,2010-03-16,2015-03-13,2015-03-16,2016-03-15,1,0.5633578596398857,1.0,0.00019075634013021592,0.00019075634013021592,5.0,0.0,0.00019075634013021592,1.0,0.00019075634013021592,0.0,0.00019075634013021592,0.5633578596398857,0.65,1.0
2015-05-13,174.2536163330078,0,2010-03-16,2015-03-13,2015-03-16,2016-03-15,1,0.552840917494863,1.0,0.010427513061646465,0.010427513061646465,5.0,0.0,0.010427513061646465,1.0,0.010427513061646465,0.0,0.010427513061646465,0.552840917494863,0.35,1.0
2015-05-14,176.07064819335938,0,2010-03-16,2015-03-13,2015-03-16,2016-03-15,1,0.5529321975086477,1.0,0.0010837192864594503,0.0010837192864594503,5.0,0.0,0.0010837192864594503,1.0,0.0010837192864594503,0.0,0.0010837192864594503,0.5529321975086477,0.65,1.0
2015-05-15,176.26145935058594,0,2010-03-16,2015-03-13,2015-03-16,2016-03-15,1,0.6256879678942388,1.0,0.0031067904685040393,0.0031067904685040393,5.0,0.0,0.0031067904685040393,1.0,0.0031067904685040393,0.0,0.0031067904685040393,0.6256879678942388,0.65,1.0
2015-05-18,176.80906677246094,0,2010-03-16,2015-03-13,2015-03-16,2016-03-15,0,0.6010143368282348,1.0,-0.0003282024834131425,-0.0003282024834131425,5.0,0.0,-0.0003282024834131425,1.0,-0.0003282024834131425,0.0,-0.0003282024834131425,0.6010143368282348,0.65,1.0
2015-05-19,176.75103759765625,0,2010-03-16,2015-03-13,2015-03-16,2016-03-15,0,0.5761949790758223,1.0,-0.0007042742315054307,-0.0007042742315054307,5.0,0.0,-0.0007042742315054307,1.0,-0.0007042742315054307,0.0,-0.0007042742315054307,0.5761949790758223,0.65,1.0
2015-05-20,176.62655639648438,0,2010-03-16,2015-03-13,2015-03-16,2016-03-15,1,0.5372807230083414,1.0,0.002912556440823888,0.002912556440823888,5.0,0.0,0.002912556440823888,1.0,0.002912556440823888,0.0,0.002912556440823888,0.5372807230083414,0.65,1.0
2015-05-21,177.1409912109375,0,2010-03-16,2015-03-13,2015-03-16,2016-03-15,0,0.5783921328040799,1.0,-0.002388554783518293,-0.002388554783518293,5.0,0.0,-0.002388554783518293,1.0,-0.002388554783518293,0.0,-0.002388554783518293,0.5783921328040799,0.65,1.0
2015-05-22,176.71788024902344,0,2010-03-16,2015-03-13,2015-03-16,2016-03-15,0,0.6130776490361924,1.0,-0.010752083753727826,-0.010752083753727826,5.0,0.0,-0.010752083753727826,1.0,-0.010752083753727826,0.0,-0.010752083753727826,0.6130776490361924,0.65,1.0
2015-05-26,174.8177947998047,0,2010-03-16,2015-03-13,2015-03-16,2016-03-15,1,0.5713675416453378,1.0,0.009492217718660934,0.009492217718660934,5.0,0.0,0.009492217718660934,1.0,0.009492217718660934,0.0,0.009492217718660934,0.5713675416453378,0.35,1.0
2015-05-27,176.47720336914062,0,2010-03-16,2015-03-13,2015-03-16,2016-03-15,0,0.5365652562666707,1.0,-0.0011279128381468384,-0.0011279128381468384,5.0,0.0,-0.0011279128381468384,1.0,-0.0011279128381468384,0.0,-0.0011279128381468384,0.5365652562666707,0.65,1.0
2015-05-28,176.2781524658203,0,2010-03-16,2015-03-13,2015-03-16,2016-03-15,0,0.5698292973461635,1.0,-0.006213338769355592,-0.006213338769355592,5.0,0.0,-0.006213338769355592,1.0,-0.006213338769355592,0.0,-0.006213338769355592,0.5698292973461635,0.65,1.0
2015-05-29,175.18287658691406,0,2010-03-16,2015-03-13,2015-03-16,2016-03-15,1,0.609469647691117,1.0,0.0020365332161520477,0.0020365332161520477,5.0,0.0,0.0020365332161520477,1.0,0.0020365332161520477,0.0,0.0020365332161520477,0.609469647691117,0.65,1.0
2015-06-01,175.53964233398438,0,2010-03-16,2015-03-13,2015-03-16,2016-03-15,0,0.5866955676321465,1.0,-0.000992596942707591,-0.000992596942707591,5.0,0.0,-0.000992596942707591,1.0,-0.000992596942707591,0.0,-0.000992596942707591,0.5866955676321465,0.65,1.0
2015-06-02,175.3654022216797,0,2010-03-16,2015-03-13,2015-03-16,2016-03-15,1,0.5604151668541568,1.0,0.002649758147464709,0.002649758147464709,5.0,0.0,0.002649758147464709,1.0,0.002649758147464709,0.0,0.002649758147464709,0.5604151668541568,0.65,1.0
2015-06-03,175.830078125,0,2010-03-16,2015-03-13,2015-03-16,2016-03-15,0,0.5848984274312194,1.0,-0.008446612052207758,-0.008446612052207758,5.0,0.0,-0.008446612052207758,1.0,-0.008446612052207758,0.0,-0.008446612052207758,0.5848984274312194,0.65,1.0
2015-06-04,174.34490966796875,0,2010-03-16,2015-03-13,2015-03-16,2016-03-15,0,0.6159051874883616,1.0,-0.001713567844473629,-0.001713567844473629,5.0,0.0,-0.001713567844473629,1.0,-0.001713567844473629,0.0,-0.001713567844473629,0.6159051874883616,0.65,1.0
2015-06-05,174.04615783691406,0,2010-03-16,2015-03-13,2015-03-16,2016-03-15,0,0.5956013318791196,1.0,-0.006149502261427853,-0.006149502261427853,5.0,0.0,-0.006149502261427853,0.0,-0.0,0.0005,-0.0005,0.5956013318791196,0.65,1.0
2015-06-08,172.97586059570312,0,2010-03-16,2015-03-13,2015-03-16,2016-03-15,0,0.622560116088085,1.0,-0.00014369963125038243,-0.00014369963125038243,5.0,0.0,-0.00014369963125038243,0.0,-0.0,0.0,-0.0,0.622560116088085,0.35,1.0
2015-06-09,172.9510040283203,0,2010-03-16,2015-03-13,2015-03-16,2016-03-15,1,0.6077721827355513,1.0,0.011993365045903648,0.011993365045903648,5.0,0.0,0.011993365045903648,0.0,0.0,0.0,0.0,0.6077721827355513,0.35,1.0
2015-06-10,175.0252685546875,0,2010-03-16,2015-03-13,2015-03-16,2016-03-15,1,0.6153901553725682,1.0,0.003223237158139103,0.003223237158139103,5.0,0.0,0.003223237158139103,1.0,0.003223237158139103,0.0005,0.002723237158139103,0.6153901553725682,0.65,1.0
2015-06-11,175.58941650390625,0,2010-03-16,2015-03-13,2015-03-16,2016-03-15,0,0.6291934477665522,1.0,-0.007654794798629183,-0.007654794798629183,5.0,0.0,-0.007654794798629183,1.0,-0.007654794798629183,0.0,-0.007654794798629183,0.6291934477665522,0.65,1.0
2015-06-12,174.2453155517578,0,2010-03-16,2015-03-13,2015-03-16,2016-03-15,0,0.6105717650756627,1.0,-0.004285273554752389,-0.004285273554752389,5.0,0.0,-0.004285273554752389,0.0,-0.0,0.0005,-0.0005,0.6105717650756627,0.35,1.0
2015-06-15,173.49862670898438,0,2010-03-16,2015-03-13,2015-03-16,2016-03-15,1,0.5674159697020636,1.0,0.005451608324276158,0.005451608324276158,5.0,0.0,0.005451608324276158,0.0,0.0,0.0,0.0,0.5674159697020636,0.35,1.0
2015-06-16,174.44447326660156,0,2010-03-16,2015-03-13,2015-03-16,2016-03-15,1,0.572198081512,1.0,0.001616634417658691,0.001616634417658691,5.0,0.0,0.001616634417658691,0.0,0.0,0.0,0.0,0.572198081512,0.35,1.0
2015-06-17,174.7264862060547,0,2010-03-16,2015-03-13,2015-03-16,2016-03-15,1,0.6249233047320937,1.0,0.0103995546191884,0.0103995546191884,5.0,0.0,0.0103995546191884,0.0,0.0,0.0,0.0,0.6249233047320937,0.35,1.0
2015-06-18,176.54356384277344,0,2010-03-16,2015-03-13,2015-03-16,2016-03-15,0,0.6103504433641275,1.0,-0.004439082281968321,-0.004439082281968321,5.0,0.0,-0.004439082281968321,1.0,-0.004439082281968321,0.0005,-0.004939082281968321,0.6103504433641275,0.35,1.0
2015-06-19,175.75987243652344,0,2010-03-16,2015-03-13,2015-03-16,2016-03-15,1,0.6162754465132213,1.0,0.005122932051024653,0.005122932051024653,5.0,0.0,0.005122932051024653,1.0,0.005122932051024653,0.0,0.005122932051024653,0.6162754465132213,0.35,1.0
2015-06-22,176.6602783203125,0,2010-03-16,2015-03-13,2015-03-16,2016-03-15,1,0.5644036724089034,1.0,0.0007083501186082586,0.0007083501186082586,5.0,0.0,0.0007083501186082586,1.0,0.0007083501186082586,0.0,0.0007083501186082586,0.5644036724089034,0.35,1.0
2015-06-23,176.78541564941406,0,2010-03-16,2015-03-13,2015-03-16,2016-03-15,0,0.5774118080949154,1.0,-0.007263195863146055,-0.007263195863146055,5.0,0.0,-0.007263195863146055,1.0,-0.007263195863146055,0.0,-0.007263195863146055,0.5774118080949154,0.65,1.0
2015-06-24,175.5013885498047,0,2010-03-16,2015-03-13,2015-03-16,2016-03-15,0,0.57880715185573,1.0,-0.003040083174088215,-0.003040083174088215,5.0,0.0,-0.003040083174088215,1.0,-0.003040083174088215,0.0,-0.003040083174088215,0.57880715185573,0.35,1.0
2015-06-25,174.9678497314453,0,2010-03-16,2015-03-13,2015-03-16,2016-03-15,0,0.5970569589544807,1.0,-0.00019063909707883742,-0.00019063909707883742,5.0,0.0,-0.00019063909707883742,0.0,-0.0,0.0005,-0.0005,0.5970569589544807,0.35,1.0
2015-06-26,174.9344940185547,0,2010-03-16,2015-03-13,2015-03-16,2016-03-15,0,0.5603773215273181,1.0,-0.020970722945173326,-0.020970722945173326,5.0,0.0,-0.020970722945173326,0.0,-0.0,0.0,-0.0,0.5603773215273181,0.35,1.0
2015-06-29,171.2659912109375,0,2010-03-16,2015-03-13,2015-03-16,2016-03-15,1,0.5744904419212636,1.0,0.002093711310887869,0.002093711310887869,5.0,0.0,0.002093711310887869,0.0,0.0,0.0,0.0,0.5744904419212636,0.35,1.0
2015-06-30,171.62457275390625,0,2010-03-16,2015-03-13,2015-03-16,2016-03-15,1,0.5768098420181896,1.0,0.00801549630018461,0.00801549630018461,5.0,0.0,0.00801549630018461,0.0,0.0,0.0,0.0,0.5768098420181896,0.35,1.0
2015-07-01,173.00022888183594,0,2010-03-16,2015-03-13,2015-03-16,2016-03-15,0,0.5847821131552576,1.0,-0.0009157025344462832,-0.0009157025344462832,5.0,0.0,-0.0009157025344462832,0.0,-0.0,0.0,-0.0,0.5847821131552576,0.35,1.0
2015-07-02,172.84181213378906,0,2010-03-16,2015-03-13,2015-03-16,2016-03-15,0,0.6197269066862773,1.0,-0.0028460291854386366,-0.0028460291854386366,5.0,0.0,-0.0028460291854386366,0.0,-0.0,0.0,-0.0,0.6197269066862773,0.35,1.0
2015-07-06,172.3498992919922,0,2010-03-16,2015-03-13,2015-03-16,2016-03-15,1,0.6142012171743267,1.0,0.006288997472626123,0.006288997472626123,5.0,0.0,0.006288997472626123,0.0,0.0,0.0,0.0,0.6142012171743267,0.35,1.0
2015-07-07,173.43380737304688,0,2010-03-16,2015-03-13,2015-03-16,2016-03-15,0,0.5446826893711705,1.0,-0.01677743701961565,-0.01677743701961565,5.0,0.0,-0.01677743701961565,0.0,-0.0,0.0,-0.0,0.5446826893711705,0.65,1.0
2015-07-08,170.52403259277344,0,2010-03-16,2015-03-13,2015-03-16,2016-03-15,1,0.5932303267975539,1.0,0.0018087841192799825,0.0018087841192799825,5.0,0.0,0.0018087841192799825,0.0,0.0,0.0,0.0,0.5932303267975539,0.35,1.0
2015-07-09,170.8324737548828,0,2010-03-16,2015-03-13,2015-03-16,2016-03-15,1,0.5970958116211835,1.0,0.012591824505119309,0.012591824505119309,5.0,0.0,0.012591824505119309,0.0,0.0,0.0,0.0,0.5970958116211835,0.35,1.0
2015-07-10,172.9835662841797,0,2010-03-16,2015-03-13,2015-03-16,2016-03-15,1,0.5873253761254486,1.0,0.011037298404969809,0.011037298404969809,5.0,0.0,0.011037298404969809,0.0,0.0,0.0,0.0,0.5873253761254486,0.35,1.0
2015-07-13,174.89283752441406,0,2010-03-16,2015-03-13,2015-03-16,2016-03-15,1,0.6066562282219232,1.0,0.004337547310508727,0.004337547310508727,5.0,0.0,0.004337547310508727,1.0,0.004337547310508727,0.0005,0.003837547310508727,0.6066562282219232,0.65,1.0
2015-07-14,175.6514434814453,0,2010-03-16,2015-03-13,2015-03-16,2016-03-15,0,0.6403623900985428,1.0,-0.0003317554030567438,-0.0003317554030567438,5.0,0.0,-0.0003317554030567438,1.0,-0.0003317554030567438,0.0,-0.0003317554030567438,0.6403623900985428,0.65,1.0
2015-07-15,175.59317016601562,0,2010-03-16,2015-03-13,2015-03-16,2016-03-15,1,0.5583495211394106,1.0,0.008024210626752293,0.008024210626752293,5.0,0.0,0.008024210626752293,1.0,0.008024210626752293,0.0,0.008024210626752293,0.5583495211394106,0.65,1.0
2015-07-16,177.00216674804688,0,2010-03-16,2015-03-13,2015-03-16,2016-03-15,1,0.539125761058851,1.0,0.0008475851839488957,0.0008475851839488957,5.0,0.0,0.0008475851839488957,1.0,0.0008475851839488957,0.0,0.0008475851839488957,0.539125761058851,0.65,1.0
2015-07-17,177.15219116210938,0,2010-03-16,2015-03-13,2015-03-16,2016-03-15,1,0.5857794634223197,1.0,0.000517836326166643,0.000517836326166643,5.0,0.0,0.000517836326166643,1.0,0.000517836326166643,0.0,0.000517836326166643,0.5857794634223197,0.65,1.0
2015-07-20,177.24392700195312,0,2010-03-16,2015-03-13,2015-03-16,2016-03-15,0,0.556071174670419,1.0,-0.003951236318488038,-0.003951236318488038,5.0,0.0,-0.003951236318488038,1.0,-0.003951236318488038,0.0,-0.003951236318488038,0.556071174670419,0.65,1.0
2015-07-21,176.54359436035156,0,2010-03-16,2015-03-13,2015-03-16,2016-03-15,0,0.5625080483228663,1.0,-0.001794388070970987,-0.001794388070970987,5.0,0.0,-0.001794388070970987,1.0,-0.001794388070970987,0.0,-0.001794388070970987,0.5625080483228663,0.35,1.0
2015-07-22,176.226806640625,0,2010-03-16,2015-03-13,2015-03-16,2016-03-15,0,0.5551423218782534,1.0,-0.0056300003463443105,-0.0056300003463443105,5.0,0.0,-0.0056300003463443105,1.0,-0.0056300003463443105,0.0,-0.0056300003463443105,0.5551423218782534,0.35,1.0
2015-07-23,175.23464965820312,0,2010-03-16,2015-03-13,2015-03-16,2016-03-15,0,0.5705966108190588,1.0,-0.010372183363929088,-0.010372183363929088,5.0,0.0,-0.010372183363929088,1.0,-0.010372183363929088,0.0,-0.010372183363929088,0.5705966108190588,0.35,1.0
2015-07-24,173.41708374023438,0,2010-03-16,2015-03-13,2015-03-16,2016-03-15,0,0.5728256511021069,1.0,-0.005817302184537132,-0.005817302184537132,5.0,0.0,-0.005817302184537132,0.0,-0.0,0.0005,-0.0005,0.5728256511021069,0.35,1.0
2015-07-27,172.40826416015625,0,2010-03-16,2015-03-13,2015-03-16,2016-03-15,1,0.5972790992793703,1.0,0.012283267433392808,0.012283267433392808,5.0,0.0,0.012283267433392808,0.0,0.0,0.0,0.0,0.5972790992793703,0.35,1.0
2015-07-28,174.5260009765625,0,2010-03-16,2015-03-13,2015-03-16,2016-03-15,1,0.536569843810431,1.0,0.006878721453266623,0.006878721453266623,5.0,0.0,0.006878721453266623,0.0,0.0,0.0,0.0,0.536569843810431,0.65,1.0
2015-07-29,175.7265167236328,0,2010-03-16,2015-03-13,2015-03-16,2016-03-15,1,0.5751179319282754,1.0,0.00023696614562185303,0.00023696614562185303,5.0,0.0,0.00023696614562185303,1.0,0.00023696614562185303,0.0005,-0.000263033854378147,0.5751179319282754,0.65,1.0
2015-07-30,175.76815795898438,0,2010-03-16,2015-03-13,2015-03-16,2016-03-15,0,0.5990834343021055,1.0,-0.0015177345673835774,-0.0015177345673835774,5.0,0.0,-0.0015177345673835774,1.0,-0.0015177345673835774,0.0,-0.0015177345673835774,0.5990834343021055,0.65,1.0
2015-07-31,175.5013885498047,0,2010-03-16,2015-03-13,2015-03-16,2016-03-15,0,0.5724610892970534,1.0,-0.00337247000628349,-0.00337247000628349,5.0,0.0,-0.00337247000628349,1.0,-0.00337247000628349,0.0,-0.00337247000628349,0.5724610892970534,0.65,1.0
2015-08-03,174.90951538085938,0,2010-03-16,2015-03-13,2015-03-16,2016-03-15,0,0.5557218297839577,1.0,-0.0019548333009098418,-0.0019548333009098418,5.0,0.0,-0.0019548333009098418,1.0,-0.0019548333009098418,0.0,-0.0019548333009098418,0.5557218297839577,0.65,1.0
2015-08-04,174.56759643554688,0,2010-03-16,2015-03-13,2015-03-16,2016-03-15,1,0.5913156146645012,1.0,0.0032959333285667025,0.0032959333285667025,5.0,0.0,0.0032959333285667025,0.0,0.0,0.0005,-0.0005,0.5913156146645012,0.65,1.0
2015-08-05,175.14295959472656,0,2010-03-16,2015-03-13,2015-03-16,2016-03-15,0,0.6057007931699465,1.0,-0.008187978413630281,-0.008187978413630281,5.0,0.0,-0.008187978413630281,1.0,-0.008187978413630281,0.0005,-0.008687978413630282,0.6057007931699465,0.65,1.0
2015-08-06,173.70889282226562,0,2010-03-16,2015-03-13,2015-03-16,2016-03-15,0,0.6165512862635785,1.0,-0.001919944034645904,-0.001919944034645904,5.0,0.0,-0.001919944034645904,0.0,-0.0,0.0005,-0.0005,0.6165512862635785,0.65,1.0
2015-08-07,173.37538146972656,0,2010-03-16,2015-03-13,2015-03-16,2016-03-15,1,0.5985304326744961,1.0,0.012599441540550371,0.012599441540550371,5.0,0.0,0.012599441540550371,0.0,0.0,0.0,0.0,0.5985304326744961,0.65,1.0
2015-08-10,175.559814453125,0,2010-03-16,2015-03-13,2015-03-16,2016-03-15,0,0.5608577059856693,1.0,-0.009023432991282054,-0.009023432991282054,5.0,0.0,-0.009023432991282054,1.0,-0.009023432991282054,0.0005,-0.009523432991282055,0.5608577059856693,0.65,1.0
2015-08-11,173.9756622314453,0,2010-03-16,2015-03-13,2015-03-16,2016-03-15,1,0.607201611618063,1.0,0.0011982456252677132,0.0011982456252677132,5.0,0.0,0.0011982456252677132,0.0,0.0,0.0005,-0.0005,0.607201611618063,0.35,1.0
2015-08-12,174.1841278076172,0,2010-03-16,2015-03-13,2015-03-16,2016-03-15,0,0.6007479006945435,1.0,-0.0012447295658793989,-0.0012447295658793989,5.0,0.0,-0.0012447295658793989,0.0,-0.0,0.0,-0.0,0.6007479006945435,0.35,1.0
2015-08-13,173.96731567382812,0,2010-03-16,2015-03-13,2015-03-16,2016-03-15,1,0.5775500183801183,1.0,0.003642448523925923,0.003642448523925923,5.0,0.0,0.003642448523925923,0.0,0.0,0.0,0.0,0.5775500183801183,0.35,1.0
2015-08-14,174.60098266601562,0,2010-03-16,2015-03-13,2015-03-16,2016-03-15,1,0.5513855763389669,1.0,0.005586817738897798,0.005586817738897798,5.0,0.0,0.005586817738897798,1.0,0.005586817738897798,0.0005,0.0050868177388977975,0.5513855763389669,0.35,1.0
2015-08-17,175.57644653320312,0,2010-03-16,2015-03-13,2015-03-16,2016-03-15,0,0.6156461321484583,1.0,-0.002896343291637238,-0.002896343291637238,5.0,0.0,-0.002896343291637238,1.0,-0.002896343291637238,0.0,-0.002896343291637238,0.6156461321484583,0.35,1.0
2015-08-18,175.0679168701172,0,2010-03-16,2015-03-13,2015-03-16,2016-03-15,0,0.6135379615103759,1.0,-0.007905780148974362,-0.007905780148974362,5.0,0.0,-0.007905780148974362,1.0,-0.007905780148974362,0.0,-0.007905780148974362,0.6135379615103759,0.35,1.0
2015-08-19,173.68386840820312,0,2010-03-16,2015-03-13,2015-03-16,2016-03-15,0,0.6002986214198913,1.0,-0.020880917151575806,-0.020880917151575806,5.0,0.0,-0.020880917151575806,0.0,-0.0,0.0005,-0.0005,0.6002986214198913,0.35,1.0
2015-08-20,170.05718994140625,0,2010-03-16,2015-03-13,2015-03-16,2016-03-15,0,0.5862435953538887,1.0,-0.03010300346311867,-0.03010300346311867,5.0,0.0,-0.03010300346311867,0.0,-0.0,0.0,-0.0,0.5862435953538887,0.35,1.0
2015-08-21,164.93795776367188,0,2010-03-16,2015-03-13,2015-03-16,2016-03-15,0,0.545827787046659,1.0,-0.042106693690124875,-0.042106693690124875,5.0,0.0,-0.042106693690124875,0.0,-0.0,0.0,-0.0,0.545827787046659,0.35,1.0
2015-08-24,157.9929656982422,0,2010-03-16,2015-03-13,2015-03-16,2016-03-15,0,0.5627234401931764,1.0,-0.011767657788456787,-0.011767657788456787,5.0,0.0,-0.011767657788456787,0.0,-0.0,0.0,-0.0,0.5627234401931764,0.35,1.0
2015-08-25,156.13375854492188,0,2010-03-16,2015-03-13,2015-03-16,2016-03-15,1,0.5524354055106204,1.0,0.038393308615725985,0.038393308615725985,5.0,0.0,0.038393308615725985,0.0,0.0,0.0,0.0,0.5524354055106204,0.35,1.0
2015-08-26,162.1282501220703,0,2010-03-16,2015-03-13,2015-03-16,2016-03-15,1,0.5244594406297232,1.0,0.024735542369549002,0.024735542369549002,5.0,0.0,0.024735542369549002,0.0,0.0,0.0,0.0,0.5244594406297232,0.35,1.0
2015-08-27,166.13858032226562,0,2010-03-16,2015-03-13,2015-03-16,2016-03-15,1,0.6155451578255827,1.0,5.033037112767147e-05,5.033037112767147e-05,5.0,0.0,5.033037112767147e-05,0.0,0.0,0.0,0.0,0.6155451578255827,0.35,1.0
2015-08-28,166.14694213867188,0,2010-03-16,2015-03-13,2015-03-16,2016-03-15,0,0.6206529465326798,1.0,-0.00807908744241459,-0.00807908744241459,5.0,0.0,-0.00807908744241459,0.0,-0.0,0.0,-0.0,0.6206529465326798,0.35,1.0
2015-08-31,164.80462646484375,0,2010-03-16,2015-03-13,2015-03-16,2016-03-15,0,0.4701968902758835,1.0,-0.02984787192161642,-0.02984787192161642,5.0,0.0,-0.02984787192161642,0.0,-0.0,0.0,-0.0,0.4701968902758835,0.35,1.0
2015-09-01,159.88555908203125,0,2010-03-16,2015-03-13,2015-03-16,2016-03-15,1,0.4230117835455736,0.0,0.018981109459013323,0.0,5.0,0.0005,-0.0005,0.0,0.0,0.0,0.0,0.4230117835455736,0.35,1.0
2015-09-02,162.9203643798828,0,2010-03-16,2015-03-13,2015-03-16,2016-03-15,1,0.47366163746943096,0.0,0.000716389740369916,0.0,5.0,0.0,0.0,0.0,0.0,0.0,0.0,0.47366163746943096,0.35,1.0
2015-09-03,163.03707885742188,0,2010-03-16,2015-03-13,2015-03-16,2016-03-15,0,0.6298834854337099,1.0,-0.01513664554070182,-0.01513664554070182,5.0,0.0005,-0.01563664554070182,0.0,-0.0,0.0,-0.0,0.6298834854337099,0.35,1.0
2015-09-04,160.56924438476562,0,2010-03-16,2015-03-13,2015-03-16,2016-03-15,1,0.6346746590159452,1.0,0.025130793629917436,0.025130793629917436,5.0,0.0,0.025130793629917436,0.0,0.0,0.0,0.0,0.6346746590159452,0.35,1.0
2015-09-08,164.60447692871094,0,2010-03-16,2015-03-13,2015-03-16,2016-03-15,0,0.556940393572375,1.0,-0.01337193473309295,-0.01337193473309295,5.0,0.0,-0.01337193473309295,0.0,-0.0,0.0,-0.0,0.556940393572375,0.35,1.0
2015-09-09,162.4033966064453,0,2010-03-16,2015-03-13,2015-03-16,2016-03-15,1,0.5098102257840313,1.0,0.005441843102903743,0.005441843102903743,5.0,0.0,0.005441843102903743,0.0,0.0,0.0,0.0,0.5098102257840313,0.35,1.0
2015-09-10,163.28717041015625,0,2010-03-16,2015-03-13,2015-03-16,2016-03-15,1,0.590865919584087,1.0,0.004544448709806748,0.004544448709806748,5.0,0.0,0.004544448709806748,0.0,0.0,0.0,0.0,0.590865919584087,0.35,1.0
2015-09-11,164.0292205810547,0,2010-03-16,2015-03-13,2015-03-16,2016-03-15,0,0.6387819927708323,1.0,-0.0037106671284419246,-0.0037106671284419246,5.0,0.0,-0.0037106671284419246,0.0,-0.0,0.0,-0.0,0.6387819927708323,0.35,1.0
2015-09-14,163.42056274414062,0,2010-03-16,2015-03-13,2015-03-16,2016-03-15,1,0.5760774999781371,1.0,0.012499521472129071,0.012499521472129071,5.0,0.0,0.012499521472129071,0.0,0.0,0.0,0.0,0.5760774999781371,0.35,1.0
2015-09-15,165.46324157714844,0,2010-03-16,2015-03-13,2015-03-16,2016-03-15,1,0.6164453220892162,1.0,0.008666335478922038,0.008666335478922038,5.0,0.0,0.008666335478922038,0.0,0.0,0.0,0.0,0.6164453220892162,0.35,1.0
2015-09-16,166.89720153808594,0,2010-03-16,2015-03-13,2015-03-16,2016-03-15,0,0.6232597120968778,1.0,-0.0022474406357783083,-0.0022474406357783083,5.0,0.0,-0.0022474406357783083,0.0,-0.0,0.0,-0.0,0.6232597120968778,0.35,1.0
2015-09-17,166.52210998535156,0,2010-03-16,2015-03-13,2015-03-16,2016-03-15,0,0.6634495280303443,1.0,-0.016341413553301987,-0.016341413553301987,5.0,0.0,-0.016341413553301987,0.0,-0.0,0.0,-0.0,0.6634495280303443,0.35,1.0
2015-09-18,163.8009033203125,0,2010-03-16,2015-03-13,2015-03-16,2016-03-15,1,0.6617411325562169,1.0,0.005167372529263581,0.005167372529263581,5.0,0.0,0.005167372529263581,0.0,0.0,0.0,0.0,0.6617411325562169,0.35,1.0
2015-09-21,164.64732360839844,0,2010-03-16,2015-03-13,2015-03-16,2016-03-15,0,0.5638791941945962,1.0,-0.012979588107014717,-0.012979588107014717,5.0,0.0,-0.012979588107014717,0.0,-0.0,0.0,-0.0,0.5638791941945962,0.35,1.0
2015-09-22,162.51026916503906,0,2010-03-16,2015-03-13,2015-03-16,2016-03-15,0,0.6049424388090211,1.0,-0.0015986444666723498,-0.0015986444666723498,5.0,0.0,-0.0015986444666723498,0.0,-0.0,0.0,-0.0,0.6049424388090211,0.65,1.0
2015-09-23,162.25047302246094,0,2010-03-16,2015-03-13,2015-03-16,2016-03-15,0,0.6061385583293369,1.0,-0.003615828730396231,-0.003615828730396231,5.0,0.0,-0.003615828730396231,0.0,-0.0,0.0,-0.0,0.6061385583293369,0.65,1.0
2015-09-24,161.66380310058594,0,2010-03-16,2015-03-13,2015-03-16,2016-03-15,0,0.6061351872435409,1.0,-0.0002592781609165318,-0.0002592781609165318,5.0,0.0,-0.0002592781609165318,0.0,-0.0,0.0,-0.0,0.6061351872435409,0.35,1.0
2015-09-25,161.62188720703125,0,2010-03-16,2015-03-13,2015-03-16,2016-03-15,0,0.5650905222787149,1.0,-0.025097403222718362,-0.025097403222718362,5.0,0.0,-0.025097403222718362,0.0,-0.0,0.0,-0.0,0.5650905222787149,0.35,1.0
2015-09-28,157.5655975341797,0,2010-03-16,2015-03-13,2015-03-16,2016-03-15,1,0.6279882438856608,1.0,0.0005853061996845543,0.0005853061996845543,5.0,0.0,0.0005853061996845543,0.0,0.0,0.0,0.0,0.6279882438856608,0.35,1.0
2015-09-29,157.65782165527344,0,2010-03-16,2015-03-13,2015-03-16,2016-03-15,1,0.5620470853714907,1.0,0.018658061646320778,0.018658061646320778,5.0,0.0,0.018658061646320778,0.0,0.0,0.0,0.0,0.5620470853714907,0.35,1.0
2015-09-30,160.5994110107422,0,2010-03-16,2015-03-13,2015-03-16,2016-03-15,1,0.5641986211732787,1.0,0.0026092054920821006,0.0026092054920821006,5.0,0.0,0.0026092054920821006,0.0,0.0,0.0,0.0,0.5641986211732787,0.65,1.0
2015-10-01,161.01844787597656,0,2010-03-16,2015-03-13,2015-03-16,2016-03-15,1,0.6323328975456237,1.0,0.014937590647907673,0.014937590647907673,5.0,0.0,0.014937590647907673,0.0,0.0,0.0,0.0,0.6323328975456237,0.35,1.0
2015-10-02,163.42367553710938,0,2010-03-16,2015-03-13,2015-03-16,2016-03-15,1,0.5975227303149053,1.0,0.017795202188880088,0.017795202188880088,5.0,0.0,0.017795202188880088,0.0,0.0,0.0,0.0,0.5975227303149053,0.65,1.0
2015-10-05,166.3318328857422,0,2010-03-16,2015-03-13,2015-03-16,2016-03-15,0,0.5310609507439004,1.0,-0.0034261030208729837,-0.0034261030208729837,5.0,0.0,-0.0034261030208729837,0.0,-0.0,0.0,-0.0,0.5310609507439004,0.65,1.0
2015-10-06,165.761962890625,0,2010-03-16,2015-03-13,2015-03-16,2016-03-15,1,0.5506703280168158,1.0,0.00819036365859005,0.00819036365859005,5.0,0.0,0.00819036365859005,0.0,0.0,0.0,0.0,0.5506703280168158,0.65,1.0
2015-10-07,167.11961364746094,0,2010-03-16,2015-03-13,2015-03-16,2016-03-15,1,0.5450377037166273,1.0,0.009026829034241235,0.009026829034241235,5.0,0.0,0.009026829034241235,1.0,0.009026829034241235,0.0005,0.008526829034241235,0.5450377037166273,0.65,1.0
2015-10-08,168.628173828125,0,2010-03-16,2015-03-13,2015-03-16,2016-03-15,1,0.5166191233439333,1.0,0.0005963144689236088,0.0005963144689236088,5.0,0.0,0.0005963144689236088,1.0,0.0005963144689236088,0.0,0.0005963144689236088,0.5166191233439333,0.65,1.0
2015-10-09,168.72872924804688,0,2010-03-16,2015-03-13,2015-03-16,2016-03-15,1,0.5631419242621871,1.0,0.0009439485554367799,0.0009439485554367799,5.0,0.0,0.0009439485554367799,1.0,0.0009439485554367799,0.0,0.0009439485554367799,0.5631419242621871,0.65,1.0
2015-10-12,168.88800048828125,0,2010-03-16,2015-03-13,2015-03-16,2016-03-15,0,0.5777268684521067,1.0,-0.0063024450852366964,-0.0063024450852366964,5.0,0.0,-0.0063024450852366964,1.0,-0.0063024450852366964,0.0,-0.0063024450852366964,0.5777268684521067,0.65,1.0
2015-10-13,167.82359313964844,0,2010-03-16,2015-03-13,2015-03-16,2016-03-15,0,0.5182526772590889,1.0,-0.004793932110844001,-0.004793932110844001,5.0,0.0,-0.004793932110844001,1.0,-0.004793932110844001,0.0,-0.004793932110844001,0.5182526772590889,0.65,1.0
2015-10-14,167.01905822753906,0,2010-03-16,2015-03-13,2015-03-16,2016-03-15,1,0.5393700640116413,1.0,0.015354528570466597,0.015354528570466597,5.0,0.0,0.015354528570466597,1.0,0.015354528570466597,0.0,0.015354528570466597,0.5393700640116413,0.65,1.0
2015-10-15,169.58355712890625,0,2010-03-16,2015-03-13,2015-03-16,2016-03-15,1,0.5477603805117287,1.0,0.004546498290238121,0.004546498290238121,5.0,0.0,0.004546498290238121,1.0,0.004546498290238121,0.0,0.004546498290238121,0.5477603805117287,0.65,1.0
2015-10-16,170.3545684814453,0,2010-03-16,2015-03-13,2015-03-16,2016-03-15,1,0.5614124000445274,1.0,0.0004920122135112504,0.0004920122135112504,5.0,0.0,0.0004920122135112504,1.0,0.0004920122135112504,0.0,0.0004920122135112504,0.5614124000445274,0.65,1.0
2015-10-19,170.43838500976562,0,2010-03-16,2015-03-13,2015-03-16,2016-03-15,0,0.5842511603862556,1.0,-0.0012786205723442912,-0.0012786205723442912,5.0,0.0,-0.0012786205723442912,1.0,-0.0012786205723442912,0.0,-0.0012786205723442912,0.5842511603862556,0.65,1.0
2015-10-20,170.220458984375,0,2010-03-16,2015-03-13,2015-03-16,2016-03-15,0,0.5341349156700393,1.0,-0.006203359613782156,-0.006203359613782156,5.0,0.0,-0.006203359613782156,1.0,-0.006203359613782156,0.0,-0.006203359613782156,0.5341349156700393,0.65,1.0
2015-10-21,169.16452026367188,0,2010-03-16,2015-03-13,2015-03-16,2016-03-15,1,0.5057059132822873,1.0,0.016893633134608788,0.016893633134608788,5.0,0.0,0.016893633134608788,1.0,0.016893633134608788,0.0,0.016893633134608788,0.5057059132822873,0.65,1.0
2015-10-22,172.02232360839844,0,2010-03-16,2015-03-13,2015-03-16,2016-03-15,1,0.5412504188827093,1.0,0.010961662388994542,0.010961662388994542,5.0,0.0,0.010961662388994542,1.0,0.010961662388994542,0.0,0.010961662388994542,0.5412504188827093,0.65,1.0
2015-10-23,173.90797424316406,0,2010-03-16,2015-03-13,2015-03-16,2016-03-15,0,0.6126115963177257,1.0,-0.0024577895354074286,-0.0024577895354074286,5.0,0.0,-0.0024577895354074286,1.0,-0.0024577895354074286,0.0,-0.0024577895354074286,0.6126115963177257,0.65,1.0
2015-10-26,173.4805450439453,0,2010-03-16,2015-03-13,2015-03-16,2016-03-15,0,0.5859238308826025,1.0,-0.0019322344072649766,-0.0019322344072649766,5.0,0.0,-0.0019322344072649766,1.0,-0.0019322344072649766,0.0,-0.0019322344072649766,0.5859238308826025,0.65,1.0
2015-10-27,173.1453399658203,0,2010-03-16,2015-03-13,2015-03-16,2016-03-15,1,0.5291198701368206,1.0,0.011374999746634806,0.011374999746634806,5.0,0.0,0.011374999746634806,1.0,0.011374999746634806,0.0,0.011374999746634806,0.5291198701368206,0.65,1.0
2015-10-28,175.1148681640625,0,2010-03-16,2015-03-13,2015-03-16,2016-03-15,0,0.47791374477349136,1.0,-0.0005748354351671203,-0.0005748354351671203,5.0,0.0,-0.0005748354351671203,1.0,-0.0005748354351671203,0.0,-0.0005748354351671203,0.47791374477349136,0.65,1.0
2015-10-29,175.0142059326172,0,2010-03-16,2015-03-13,2015-03-16,2016-03-15,0,0.5779370234266331,1.0,-0.004309429750357752,-0.004309429750357752,5.0,0.0,-0.004309429750357752,1.0,-0.004309429750357752,0.0,-0.004309429750357752,0.5779370234266331,0.65,1.0
2015-10-30,174.25999450683594,0,2010-03-16,2015-03-13,2015-03-16,2016-03-15,1,0.58355974576101,1.0,0.011830771915596339,0.011830771915596339,5.0,0.0,0.011830771915596339,1.0,0.011830771915596339,0.0,0.011830771915596339,0.58355974576101,0.65,1.0
2015-11-02,176.32162475585938,0,2010-03-16,2015-03-13,2015-03-16,2016-03-15,1,0.5402179932154507,1.0,0.0028995066728028096,0.0028995066728028096,5.0,0.0,0.0028995066728028096,1.0,0.0028995066728028096,0.0,0.0028995066728028096,0.5402179932154507,0.65,1.0
2015-11-03,176.83287048339844,0,2010-03-16,2015-03-13,2015-03-16,2016-03-15,0,0.5225986762423659,1.0,-0.0030329834905222786,-0.0030329834905222786,5.0,0.0,-0.0030329834905222786,1.0,-0.0030329834905222786,0.0,-0.0030329834905222786,0.5225986762423659,0.65,1.0
2015-11-04,176.29653930664062,0,2010-03-16,2015-03-13,2015-03-16,2016-03-15,0,0.5465495989381314,1.0,-0.000998548525719345,-0.000998548525719345,5.0,0.0,-0.000998548525719345,1.0,-0.000998548525719345,0.0,-0.000998548525719345,0.5465495989381314,0.65,1.0
2015-11-05,176.12049865722656,0,2010-03-16,2015-03-13,2015-03-16,2016-03-15,0,0.547626202193758,1.0,-0.0005233822606076632,-0.0005233822606076632,5.0,0.0,-0.0005233822606076632,1.0,-0.0005233822606076632,0.0,-0.0005233822606076632,0.547626202193758,0.65,1.0
2015-11-06,176.0283203125,0,2010-03-16,2015-03-13,2015-03-16,2016-03-15,0,0.5288476223256858,1.0,-0.00933158879463869,-0.00933158879463869,5.0,0.0,-0.00933158879463869,1.0,-0.00933158879463869,0.0,-0.00933158879463869,0.5288476223256858,0.65,1.0
2015-11-09,174.3856964111328,0,2010-03-16,2015-03-13,2015-03-16,2016-03-15,1,0.5629558021786178,1.0,0.0023065936413055876,0.0023065936413055876,5.0,0.0,0.0023065936413055876,1.0,0.0023065936413055876,0.0,0.0023065936413055876,0.5629558021786178,0.65,1.0
2015-11-10,174.78793334960938,0,2010-03-16,2015-03-13,2015-03-16,2016-03-15,0,0.5326847491468347,1.0,-0.003931679205985361,-0.003931679205985361,5.0,0.0,-0.003931679205985361,1.0,-0.003931679205985361,0.0,-0.003931679205985361,0.5326847491468347,0.65,1.0
2015-11-11,174.10072326660156,0,2010-03-16,2015-03-13,2015-03-16,2016-03-15,0,0.5679765461461052,1.0,-0.013959236152224386,-0.013959236152224386,5.0,0.0,-0.013959236152224386,1.0,-0.013959236152224386,0.0,-0.013959236152224386,0.5679765461461052,0.65,1.0
2015-11-12,171.67041015625,0,2010-03-16,2015-03-13,2015-03-16,2016-03-15,0,0.5749684922293492,1.0,-0.011228386915106303,-0.011228386915106303,5.0,0.0,-0.011228386915106303,1.0,-0.011228386915106303,0.0,-0.011228386915106303,0.5749684922293492,0.65,1.0
2015-11-13,169.74282836914062,0,2010-03-16,2015-03-13,2015-03-16,2016-03-15,1,0.5598342800784184,1.0,0.015206486432453259,0.015206486432453259,5.0,0.0,0.015206486432453259,1.0,0.015206486432453259,0.0,0.015206486432453259,0.5598342800784184,0.35,1.0
2015-11-16,172.3240203857422,0,2010-03-16,2015-03-13,2015-03-16,2016-03-15,0,0.5279414147860367,1.0,-0.0007293623095983026,-0.0007293623095983026,5.0,0.0,-0.0007293623095983026,1.0,-0.0007293623095983026,0.0,-0.0007293623095983026,0.5279414147860367,0.65,1.0
2015-11-17,172.19833374023438,0,2010-03-16,2015-03-13,2015-03-16,2016-03-15,1,0.6286538513435143,1.0,0.015865838324387926,0.015865838324387926,5.0,0.0,0.015865838324387926,1.0,0.015865838324387926,0.0,0.015865838324387926,0.6286538513435143,0.65,1.0
2015-11-18,174.93040466308594,0,2010-03-16,2015-03-13,2015-03-16,2016-03-15,0,0.5907732710390943,1.0,-0.0008622465041072669,-0.0008622465041072669,5.0,0.0,-0.0008622465041072669,1.0,-0.0008622465041072669,0.0,-0.0008622465041072669,0.5907732710390943,0.65,1.0
2015-11-19,174.77957153320312,0,2010-03-16,2015-03-13,2015-03-16,2016-03-15,1,0.5837377428274981,1.0,0.003644203767405818,0.003644203767405818,5.0,0.0,0.003644203767405818,1.0,0.003644203767405818,0.0,0.003644203767405818,0.5837377428274981,0.65,1.0
2015-11-20,175.41650390625,0,2010-03-16,2015-03-13,2015-03-16,2016-03-15,0,0.5401968149433222,1.0,-0.0011466501323579292,-0.0011466501323579292,5.0,0.0,-0.0011466501323579292,1.0,-0.0011466501323579292,0.0,-0.0011466501323579292,0.5401968149433222,0.65,1.0
2015-11-23,175.21536254882812,0,2010-03-16,2015-03-13,2015-03-16,2016-03-15,1,0.5938030853695555,1.0,0.0013392941896106514,0.0013392941896106514,5.0,0.0,0.0013392941896106514,1.0,0.0013392941896106514,0.0,0.0013392941896106514,0.5938030853695555,0.65,1.0
2015-11-24,175.4500274658203,0,2010-03-16,2015-03-13,2015-03-16,2016-03-15,0,0.5629368149258104,1.0,-0.0001429777446095848,-0.0001429777446095848,5.0,0.0,-0.0001429777446095848,1.0,-0.0001429777446095848,0.0,-0.0001429777446095848,0.5629368149258104,0.65,1.0
2015-11-25,175.42494201660156,0,2010-03-16,2015-03-13,2015-03-16,2016-03-15,1,0.6221701383565725,1.0,0.001146334031768781,0.001146334031768781,5.0,0.0,0.001146334031768781,1.0,0.001146334031768781,0.0,0.001146334031768781,0.6221701383565725,0.65,1.0
2015-11-27,175.62603759765625,0,2010-03-16,2015-03-13,2015-03-16,2016-03-15,0,0.6055743861069739,1.0,-0.004151148044957753,-0.004151148044957753,5.0,0.0,-0.004151148044957753,1.0,-0.004151148044957753,0.0,-0.004151148044957753,0.6055743861069739,0.65,1.0
2015-11-30,174.89698791503906,0,2010-03-16,2015-03-13,2015-03-16,2016-03-15,1,0.5701955967357388,1.0,0.009535293384280497,0.009535293384280497,5.0,0.0,0.009535293384280497,1.0,0.009535293384280497,0.0,0.009535293384280497,0.5701955967357388,0.65,1.0
2015-12-01,176.56468200683594,0,2010-03-16,2015-03-13,2015-03-16,2016-03-15,0,0.6038135810309416,1.0,-0.010205038429852098,-0.010205038429852098,5.0,0.0,-0.010205038429852098,1.0,-0.010205038429852098,0.0,-0.010205038429852098,0.6038135810309416,0.65,1.0
2015-12-02,174.76283264160156,0,2010-03-16,2015-03-13,2015-03-16,2016-03-15,0,0.6187475623096901,1.0,-0.014002741752848102,-0.014002741752848102,5.0,0.0,-0.014002741752848102,1.0,-0.014002741752848102,0.0,-0.014002741752848102,0.6187475623096901,0.35,1.0
2015-12-03,172.315673828125,0,2010-03-16,2015-03-13,2015-03-16,2016-03-15,1,0.5928458258845323,1.0,0.019502996578375065,0.019502996578375065,5.0,0.0,0.019502996578375065,1.0,0.019502996578375065,0.0,0.019502996578375065,0.5928458258845323,0.35,1.0
2015-12-04,175.6763458251953,0,2010-03-16,2015-03-13,2015-03-16,2016-03-15,0,0.5322450221321423,1.0,-0.006058737310678075,-0.006058737310678075,5.0,0.0,-0.006058737310678075,1.0,-0.006058737310678075,0.0,-0.006058737310678075,0.5322450221321423,0.35,1.0
2015-12-07,174.61196899414062,0,2010-03-16,2015-03-13,2015-03-16,2016-03-15,0,0.6086739515188332,1.0,-0.006719524056287618,-0.006719524056287618,5.0,0.0,-0.006719524056287618,1.0,-0.006719524056287618,0.0,-0.006719524056287618,0.6086739515188332,0.35,1.0
2015-12-08,173.43865966796875,0,2010-03-16,2015-03-13,2015-03-16,2016-03-15,0,0.6060848049577472,1.0,-0.007779456007297236,-0.007779456007297236,5.0,0.0,-0.007779456007297236,1.0,-0.007779456007297236,0.0,-0.007779456007297236,0.6060848049577472,0.35,1.0
2015-12-09,172.0894012451172,0,2010-03-16,2015-03-13,2015-03-16,2016-03-15,1,0.5797626245717035,1.0,0.0025809423986467017,0.0025809423986467017,5.0,0.0,0.0025809423986467017,1.0,0.0025809423986467017,0.0,0.0025809423986467017,0.5797626245717035,0.35,1.0
2015-12-10,172.53355407714844,0,2010-03-16,2015-03-13,2015-03-16,2016-03-15,0,0.5255963125348191,1.0,-0.01938117258278582,-0.01938117258278582,5.0,0.0,-0.01938117258278582,1.0,-0.01938117258278582,0.0,-0.01938117258278582,0.5255963125348191,0.35,1.0
2015-12-11,169.1896514892578,0,2010-03-16,2015-03-13,2015-03-16,2016-03-15,1,0.6040445169602707,1.0,0.0050524832537623965,0.0050524832537623965,5.0,0.0,0.0050524832537623965,0.0,0.0,0.0005,-0.0005,0.6040445169602707,0.35,1.0
2015-12-14,170.0444793701172,0,2010-03-16,2015-03-13,2015-03-16,2016-03-15,1,0.5433358433384097,1.0,0.010498172340628775,0.010498172340628775,5.0,0.0,0.010498172340628775,0.0,0.0,0.0,0.0,0.5433358433384097,0.65,1.0
2015-12-15,171.8296356201172,0,2010-03-16,2015-03-13,2015-03-16,2016-03-15,1,0.5694487805101253,1.0,0.014631702774533739,0.014631702774533739,5.0,0.0,0.014631702774533739,0.0,0.0,0.0,0.0,0.5694487805101253,0.35,1.0
2015-12-16,174.3437957763672,0,2010-03-16,2015-03-13,2015-03-16,2016-03-15,0,0.5560754021589714,1.0,-0.015238151918531728,-0.015238151918531728,5.0,0.0,-0.015238151918531728,1.0,-0.015238151918531728,0.0005,-0.01573815191853173,0.5560754021589714,0.65,1.0
2015-12-17,171.68711853027344,0,2010-03-16,2015-03-13,2015-03-16,2016-03-15,0,0.5982459377639194,1.0,-0.017815106303614714,-0.017815106303614714,5.0,0.0,-0.017815106303614714,0.0,-0.0,0.0005,-0.0005,0.5982459377639194,0.35,1.0
2015-12-18,168.6284942626953,0,2010-03-16,2015-03-13,2015-03-16,2016-03-15,1,0.5094178111531668,1.0,0.008249212282751772,0.008249212282751772,5.0,0.0,0.008249212282751772,0.0,0.0,0.0,0.0,0.5094178111531668,0.35,1.0
2015-12-21,170.01954650878906,0,2010-03-16,2015-03-13,2015-03-16,2016-03-15,1,0.49860026034846544,1.0,0.00907407658367343,0.00907407658367343,5.0,0.0,0.00907407658367343,0.0,0.0,0.0,0.0,0.49860026034846544,0.35,1.0
2015-12-22,171.56231689453125,0,2010-03-16,2015-03-13,2015-03-16,2016-03-15,1,0.5554125973792948,1.0,0.012383145900727754,0.012383145900727754,5.0,0.0,0.012383145900727754,0.0,0.0,0.0,0.0,0.5554125973792948,0.35,1.0
2015-12-23,173.68679809570312,0,2010-03-16,2015-03-13,2015-03-16,2016-03-15,0,0.6142191183443526,1.0,-0.001650130223501578,-0.001650130223501578,5.0,0.0,-0.001650130223501578,1.0,-0.001650130223501578,0.0005,-0.002150130223501578,0.6142191183443526,0.35,1.0
2015-12-24,173.4001922607422,0,2010-03-16,2015-03-13,2015-03-16,2016-03-15,0,0.6091133623372074,1.0,-0.002285119925237278,-0.002285119925237278,5.0,0.0,-0.002285119925237278,1.0,-0.002285119925237278,0.0,-0.002285119925237278,0.6091133623372074,0.35,1.0
2015-12-28,173.0039520263672,0,2010-03-16,2015-03-13,2015-03-16,2016-03-15,1,0.5028363990535621,1.0,0.010672176639468622,0.010672176639468622,5.0,0.0,0.010672176639468622,0.0,0.0,0.0005,-0.0005,0.5028363990535621,0.35,1.0
2015-12-29,174.85028076171875,0,2010-03-16,2015-03-13,2015-03-16,2016-03-15,0,0.5036736588904647,1.0,-0.007087885945949113,-0.007087885945949113,5.0,0.0,-0.007087885945949113,1.0,-0.007087885945949113,0.0005,-0.007587885945949113,0.5036736588904647,0.35,1.0
2015-12-30,173.6109619140625,0,2010-03-16,2015-03-13,2015-03-16,2016-03-15,0,0.5698579980561733,1.0,-0.010003455862344857,-0.010003455862344857,5.0,0.0,-0.010003455862344857,1.0,-0.010003455862344857,0.0,-0.010003455862344857,0.5698579980561733,0.35,1.0
2015-12-31,171.87425231933594,0,2010-03-16,2015-03-13,2015-03-16,2016-03-15,0,0.5857632000422892,1.0,-0.013979641779336527,-0.013979641779336527,5.0,0.0,-0.013979641779336527,0.0,-0.0,0.0005,-0.0005,0.5857632000422892,0.35,1.0
2016-01-04,169.4715118408203,0,2010-03-16,2015-03-13,2015-03-16,2016-03-15,1,0.5250638806718886,1.0,0.0016916243077804705,0.0016916243077804705,5.0,0.0,0.0016916243077804705,0.0,0.0,0.0,0.0,0.5250638806718886,0.35,1.0
2016-01-05,169.75819396972656,0,2010-03-16,2015-03-13,2015-03-16,2016-03-15,0,0.5153332953294629,1.0,-0.01261461179424539,-0.01261461179424539,5.0,0.0,-0.01261461179424539,0.0,-0.0,0.0,-0.0,0.5153332953294629,0.35,1.0
2016-01-06,167.61676025390625,0,2010-03-16,2015-03-13,2015-03-16,2016-03-15,0,0.595400513486678,1.0,-0.02399104518808126,-0.02399104518808126,5.0,0.0,-0.02399104518808126,0.0,-0.0,0.0,-0.0,0.595400513486678,0.35,1.0
2016-01-07,163.595458984375,0,2010-03-16,2015-03-13,2015-03-16,2016-03-15,0,0.5936396977261998,1.0,-0.010976746303091978,-0.010976746303091978,5.0,0.0,-0.010976746303091978,0.0,-0.0,0.0,-0.0,0.5936396977261998,0.35,1.0
2016-01-08,161.79971313476562,0,2010-03-16,2015-03-13,2015-03-16,2016-03-15,1,0.5749081184769157,1.0,0.0009903141411125027,0.0009903141411125027,5.0,0.0,0.0009903141411125027,0.0,0.0,0.0,0.0,0.5749081184769157,0.35,1.0
2016-01-11,161.95994567871094,0,2010-03-16,2015-03-13,2015-03-16,2016-03-15,1,0.5588833246341239,1.0,0.008067866021455927,0.008067866021455927,5.0,0.0,0.008067866021455927,0.0,0.0,0.0,0.0,0.5588833246341239,0.35,1.0
2016-01-12,163.26661682128906,0,2010-03-16,2015-03-13,2015-03-16,2016-03-15,0,0.6142043163941415,1.0,-0.02494065098724363,-0.02494065098724363,5.0,0.0,-0.02494065098724363,0.0,-0.0,0.0,-0.0,0.6142043163941415,0.35,1.0
2016-01-13,159.19464111328125,0,2010-03-16,2015-03-13,2015-03-16,2016-03-15,1,0.6806804996993842,1.0,0.016417073549455763,0.016417073549455763,5.0,0.0,0.016417073549455763,0.0,0.0,0.0,0.0,0.6806804996993842,0.35,1.0
2016-01-14,161.8081512451172,0,2010-03-16,2015-03-13,2015-03-16,2016-03-15,0,0.5539581492848265,1.0,-0.021465997765614753,-0.021465997765614753,5.0,0.0,-0.021465997765614753,0.0,-0.0,0.0,-0.0,0.5539581492848265,0.35,1.0
2016-01-15,158.33477783203125,0,2010-03-16,2015-03-13,2015-03-16,2016-03-15,1,0.6233181019829944,1.0,0.0013310682429783505,0.0013310682429783505,5.0,0.0,0.0013310682429783505,0.0,0.0,0.0,0.0,0.6233181019829944,0.35,1.0
2016-01-19,158.5455322265625,0,2010-03-16,2015-03-13,2015-03-16,2016-03-15,0,0.5926106904010254,1.0,-0.012814952976004879,-0.012814952976004879,5.0,0.0,-0.012814952976004879,0.0,-0.0,0.0,-0.0,0.5926106904010254,0.35,1.0
2016-01-20,156.51377868652344,0,2010-03-16,2015-03-13,2015-03-16,2016-03-15,1,0.6811976827536073,1.0,0.0056018711380505515,0.0056018711380505515,5.0,0.0,0.0056018711380505515,0.0,0.0,0.0,0.0,0.6811976827536073,0.35,1.0
2016-01-21,157.3905487060547,0,2010-03-16,2015-03-13,2015-03-16,2016-03-15,1,0.593810700706829,1.0,0.02051489968682696,0.02051489968682696,5.0,0.0,0.02051489968682696,0.0,0.0,0.0,0.0,0.593810700706829,0.35,1.0
2016-01-22,160.61940002441406,0,2010-03-16,2015-03-13,2015-03-16,2016-03-15,0,0.6440533121093917,1.0,-0.015116346563714855,-0.015116346563714855,5.0,0.0,-0.015116346563714855,0.0,-0.0,0.0,-0.0,0.6440533121093917,0.35,1.0
2016-01-25,158.19142150878906,0,2010-03-16,2015-03-13,2015-03-16,2016-03-15,1,0.6431218069409064,1.0,0.01364298458421831,0.01364298458421831,5.0,0.0,0.01364298458421831,0.0,0.0,0.0,0.0,0.6431218069409064,0.35,1.0
2016-01-26,160.34962463378906,0,2010-03-16,2015-03-13,2015-03-16,2016-03-15,0,0.5892273543836507,1.0,-0.01088301063321695,-0.01088301063321695,5.0,0.0,-0.01088301063321695,0.0,-0.0,0.0,-0.0,0.5892273543836507,0.35,1.0
2016-01-27,158.6045379638672,0,2010-03-16,2015-03-13,2015-03-16,2016-03-15,1,0.6029029942284512,1.0,0.005209005275676359,0.005209005275676359,5.0,0.0,0.005209005275676359,0.0,0.0,0.0,0.0,0.6029029942284512,0.35,1.0
2016-01-28,159.4307098388672,0,2010-03-16,2015-03-13,2015-03-16,2016-03-15,1,0.5753147866662999,1.0,0.0243774890651256,0.0243774890651256,5.0,0.0,0.0243774890651256,0.0,0.0,0.0,0.0,0.5753147866662999,0.35,1.0
2016-01-29,163.31723022460938,0,2010-03-16,2015-03-13,2015-03-16,2016-03-15,0,0.6402086459599623,1.0,-0.0003614820971530319,-0.0003614820971530319,5.0,0.0,-0.0003614820971530319,0.0,-0.0,0.0,-0.0,0.6402086459599623,0.35,1.0
2016-02-01,163.25819396972656,0,2010-03-16,2015-03-13,2015-03-16,2016-03-15,0,0.6446638779397432,1.0,-0.01802194519654532,-0.01802194519654532,5.0,0.0,-0.01802194519654532,0.0,-0.0,0.0,-0.0,0.6446638779397432,0.35,1.0
2016-02-02,160.3159637451172,0,2010-03-16,2015-03-13,2015-03-16,2016-03-15,1,0.6511587758345936,1.0,0.0059949743334271055,0.0059949743334271055,5.0,0.0,0.0059949743334271055,0.0,0.0,0.0,0.0,0.6511587758345936,0.35,1.0
2016-02-03,161.2770538330078,0,2010-03-16,2015-03-13,2015-03-16,2016-03-15,1,0.5266827830560162,1.0,0.0015680092432408532,0.0015680092432408532,5.0,0.0,0.0015680092432408532,0.0,0.0,0.0,0.0,0.5266827830560162,0.35,1.0
2016-02-04,161.52993774414062,0,2010-03-16,2015-03-13,2015-03-16,2016-03-15,0,0.5778984676698925,1.0,-0.01904983040850272,-0.01904983040850272,5.0,0.0,-0.01904983040850272,0.0,-0.0,0.0,-0.0,0.5778984676698925,0.35,1.0
2016-02-05,158.45281982421875,0,2010-03-16,2015-03-13,2015-03-16,2016-03-15,0,0.6535534878177047,1.0,-0.013461296233452491,-0.013461296233452491,5.0,0.0,-0.013461296233452491,0.0,-0.0,0.0,-0.0,0.6535534878177047,0.35,1.0
2016-02-08,156.31983947753906,0,2010-03-16,2015-03-13,2015-03-16,2016-03-15,1,0.6010544074665326,1.0,5.39797787648677e-05,5.39797787648677e-05,5.0,0.0,5.39797787648677e-05,0.0,0.0,0.0,0.0,0.6010544074665326,0.35,1.0
2016-02-09,156.32827758789062,0,2010-03-16,2015-03-13,2015-03-16,2016-03-15,0,0.5435030758024357,1.0,-0.0008628489828825803,-0.0008628489828825803,5.0,0.0,-0.0008628489828825803,0.0,-0.0,0.0,-0.0,0.5435030758024357,0.35,1.0
2016-02-10,156.19338989257812,0,2010-03-16,2015-03-13,2015-03-16,2016-03-15,0,0.6001087389430568,1.0,-0.013008130875541868,-0.013008130875541868,5.0,0.0,-0.013008130875541868,0.0,-0.0,0.0,-0.0,0.6001087389430568,0.35,1.0
2016-02-11,154.16160583496094,0,2010-03-16,2015-03-13,2015-03-16,2016-03-15,1,0.6443194162119333,1.0,0.020616768953399145,0.020616768953399145,5.0,0.0,0.020616768953399145,0.0,0.0,0.0,0.0,0.6443194162119333,0.35,1.0
2016-02-12,157.3399200439453,0,2010-03-16,2015-03-13,2015-03-16,2016-03-15,1,0.5891111325138462,1.0,0.016878164995365763,0.016878164995365763,5.0,0.0,0.016878164995365763,0.0,0.0,0.0,0.0,0.5891111325138462,0.35,1.0
2016-02-16,159.9955291748047,0,2010-03-16,2015-03-13,2015-03-16,2016-03-15,1,0.5918273499896276,1.0,0.01633518087463348,0.01633518087463348,5.0,0.0,0.01633518087463348,0.0,0.0,0.0,0.0,0.5918273499896276,0.65,1.0
2016-02-17,162.6090850830078,0,2010-03-16,2015-03-13,2015-03-16,2016-03-15,0,0.5862177799661242,1.0,-0.004095902042921318,-0.004095902042921318,5.0,0.0,-0.004095902042921318,0.0,-0.0,0.0,-0.0,0.5862177799661242,0.65,1.0
2016-02-18,161.94305419921875,0,2010-03-16,2015-03-13,2015-03-16,2016-03-15,0,0.5998806957153319,1.0,-0.00046866608248297137,-0.00046866608248297137,5.0,0.0,-0.00046866608248297137,0.0,-0.0,0.0,-0.0,0.5998806957153319,0.65,1.0
2016-02-19,161.86715698242188,0,2010-03-16,2015-03-13,2015-03-16,2016-03-15,1,0.5148570878907622,1.0,0.014479654559155897,0.014479654559155897,5.0,0.0,0.014479654559155897,0.0,0.0,0.0,0.0,0.5148570878907622,0.65,1.0
2016-02-22,164.2109375,0,2010-03-16,2015-03-13,2015-03-16,2016-03-15,0,0.5452240096452245,1.0,-0.012630220722917307,-0.012630220722917307,5.0,0.0,-0.012630220722917307,0.0,-0.0,0.0,-0.0,0.5452240096452245,0.65,1.0
2016-02-23,162.1369171142578,0,2010-03-16,2015-03-13,2015-03-16,2016-03-15,1,0.5768613949065337,1.0,0.004575841548005055,0.004575841548005055,5.0,0.0,0.004575841548005055,0.0,0.0,0.0,0.0,0.5768613949065337,0.65,1.0
2016-02-24,162.8788299560547,0,2010-03-16,2015-03-13,2015-03-16,2016-03-15,1,0.5683242102520047,1.0,0.012112031868314777,0.012112031868314777,5.0,0.0,0.012112031868314777,0.0,0.0,0.0,0.0,0.5683242102520047,0.65,1.0
2016-02-25,164.85162353515625,0,2010-03-16,2015-03-13,2015-03-16,2016-03-15,0,0.5431965013945123,1.0,-0.0023017080419366343,-0.0023017080419366343,5.0,0.0,-0.0023017080419366343,1.0,-0.0023017080419366343,0.0005,-0.0028017080419366343,0.5431965013945123,0.65,1.0
2016-02-26,164.47218322753906,0,2010-03-16,2015-03-13,2015-03-16,2016-03-15,0,0.5191058525937402,1.0,-0.007842488562554317,-0.007842488562554317,5.0,0.0,-0.007842488562554317,1.0,-0.007842488562554317,0.0,-0.007842488562554317,0.5191058525937402,0.65,1.0
2016-02-29,163.18231201171875,0,2010-03-16,2015-03-13,2015-03-16,2016-03-15,1,0.554460838648215,1.0,0.02350697323699813,0.02350697323699813,5.0,0.0,0.02350697323699813,0.0,0.0,0.0005,-0.0005,0.554460838648215,0.35,1.0
2016-03-01,167.0182342529297,0,2010-03-16,2015-03-13,2015-03-16,2016-03-15,1,0.48864007452821856,1.0,0.004492354856566072,0.004492354856566072,5.0,0.0,0.004492354856566072,1.0,0.004492354856566072,0.0005,0.003992354856566072,0.48864007452821856,0.65,1.0
2016-03-02,167.76853942871094,0,2010-03-16,2015-03-13,2015-03-16,2016-03-15,1,0.5720733963697469,1.0,0.00391973390521172,0.00391973390521172,5.0,0.0,0.00391973390521172,1.0,0.00391973390521172,0.0,0.00391973390521172,0.5720733963697469,0.65,1.0
2016-03-03,168.4261474609375,0,2010-03-16,2015-03-13,2015-03-16,2016-03-15,1,0.5681796007034828,1.0,0.0032535856211319825,0.0032535856211319825,5.0,0.0,0.0032535856211319825,1.0,0.0032535856211319825,0.0,0.0032535856211319825,0.5681796007034828,0.65,1.0
2016-03-04,168.97413635253906,0,2010-03-16,2015-03-13,2015-03-16,2016-03-15,1,0.538043646394612,1.0,0.0007979130005728585,0.0007979130005728585,5.0,0.0,0.0007979130005728585,1.0,0.0007979130005728585,0.0,0.0007979130005728585,0.538043646394612,0.65,1.0
2016-03-07,169.1089630126953,0,2010-03-16,2015-03-13,2015-03-16,2016-03-15,0,0.5054728635965249,1.0,-0.010917441333246125,-0.010917441333246125,5.0,0.0,-0.010917441333246125,1.0,-0.010917441333246125,0.0,-0.010917441333246125,0.5054728635965249,0.65,1.0
2016-03-08,167.26272583007812,0,2010-03-16,2015-03-13,2015-03-16,2016-03-15,1,0.551309376964178,1.0,0.004939366322651573,0.004939366322651573,5.0,0.0,0.004939366322651573,1.0,0.004939366322651573,0.0,0.004939366322651573,0.551309376964178,0.65,1.0
2016-03-09,168.08889770507812,0,2010-03-16,2015-03-13,2015-03-16,2016-03-15,1,0.516335651298197,1.0,0.000802750648745576,0.000802750648745576,5.0,0.0,0.000802750648745576,1.0,0.000802750648745576,0.0,0.000802750648745576,0.516335651298197,0.65,1.0
2016-03-10,168.2238311767578,0,2010-03-16,2015-03-13,2015-03-16,2016-03-15,1,0.5390874204927659,1.0,0.016136922154101452,0.016136922154101452,5.0,0.0,0.016136922154101452,1.0,0.016136922154101452,0.0,0.016136922154101452,0.5390874204927659,0.65,1.0
2016-03-11,170.93844604492188,0,2010-03-16,2015-03-13,2015-03-16,2016-03-15,0,0.546306583657944,1.0,-0.0012821998278617075,-0.0012821998278617075,5.0,0.0,-0.0012821998278617075,1.0,-0.0012821998278617075,0.0,-0.0012821998278617075,0.546306583657944,0.65,1.0
2016-03-14,170.71926879882812,0,2010-03-16,2015-03-13,2015-03-16,2016-03-15,0,0.5520960131428433,1.0,-0.0016296549471777055,-0.0016296549471777055,5.0,0.0,-0.0016296549471777055,1.0,-0.0016296549471777055,0.0,-0.0016296549471777055,0.5520960131428433,0.65,1.0
2016-03-15,170.44105529785156,0,2010-03-16,2015-03-13,2015-03-16,2016-03-15,1,0.5253149717822415,1.0,0.005787363949498747,0.005787363949498747,5.0,0.0,0.005787363949498747,1.0,0.005787363949498747,0.0,0.005787363949498747,0.5253149717822415,0.65,1.0
2016-03-16,171.42745971679688,1,2010-03-16,2016-03-15,2016-03-16,2017-03-15,1,0.5297832511121905,1.0,0.006343844545500632,0.006343844545500632,5.0,0.0,0.006343844545500632,1.0,0.006343844545500632,0.0,0.006343844545500632,0.5297832511121905,0.65,1.0
2016-03-17,172.5149688720703,1,2010-03-16,2016-03-15,2016-03-16,2017-03-15,1,0.5324317210725669,1.0,0.003929880759151239,0.003929880759151239,5.0,0.0,0.003929880759151239,1.0,0.003929880759151239,0.0,0.003929880759151239,0.5324317210725669,0.65,1.0
2016-03-18,173.19293212890625,1,2010-03-16,2016-03-15,2016-03-16,2017-03-15,1,0.5556679955840049,1.0,0.001418984329324191,0.001418984329324191,5.0,0.0,0.001418984329324191,1.0,0.001418984329324191,0.0,0.001418984329324191,0.5556679955840049,0.65,1.0
2016-03-21,173.43869018554688,1,2010-03-16,2016-03-15,2016-03-16,2017-03-15,0,0.5488657633299204,1.0,-0.0005374576012023846,-0.0005374576012023846,5.0,0.0,-0.0005374576012023846,1.0,-0.0005374576012023846,0.0,-0.0005374576012023846,0.5488657633299204,0.65,1.0
2016-03-22,173.34547424316406,1,2010-03-16,2016-03-15,2016-03-16,2017-03-15,0,0.5143679196643521,1.0,-0.006599521547231424,-0.006599521547231424,5.0,0.0,-0.006599521547231424,1.0,-0.006599521547231424,0.0,-0.006599521547231424,0.5143679196643521,0.65,1.0
2016-03-23,172.20147705078125,1,2010-03-16,2016-03-15,2016-03-16,2017-03-15,0,0.5253022398665591,1.0,-0.0004430504698283988,-0.0004430504698283988,5.0,0.0,-0.0004430504698283988,1.0,-0.0004430504698283988,0.0,-0.0004430504698283988,0.5253022398665591,0.65,1.0
2016-03-24,172.12518310546875,1,2010-03-16,2016-03-15,2016-03-16,2017-03-15,1,0.5217259331803591,1.0,0.0005908480517882175,0.0005908480517882175,5.0,0.0,0.0005908480517882175,1.0,0.0005908480517882175,0.0,0.0005908480517882175,0.5217259331803591,0.65,1.0
2016-03-28,172.2268829345703,1,2010-03-16,2016-03-15,2016-03-16,2017-03-15,1,0.550975145892854,1.0,0.00925006075540824,0.00925006075540824,5.0,0.0,0.00925006075540824,1.0,0.00925006075540824,0.0,0.00925006075540824,0.550975145892854,0.65,1.0
2016-03-29,173.8199920654297,1,2010-03-16,2016-03-15,2016-03-16,2017-03-15,1,0.5152308867467852,1.0,0.004387494604514153,0.004387494604514153,5.0,0.0,0.004387494604514153,1.0,0.004387494604514153,0.0,0.004387494604514153,0.5152308867467852,0.65,1.0
2016-03-30,174.58262634277344,1,2010-03-16,2016-03-15,2016-03-16,2017-03-15,0,0.5386710022997453,1.0,-0.0024268783485166256,-0.0024268783485166256,5.0,0.0,-0.0024268783485166256,1.0,-0.0024268783485166256,0.0,-0.0024268783485166256,0.5386710022997453,0.65,1.0
2016-03-31,174.158935546875,1,2010-03-16,2016-03-15,2016-03-16,2017-03-15,1,0.5354941255569099,1.0,0.006812088651512838,0.006812088651512838,5.0,0.0,0.006812088651512838,1.0,0.006812088651512838,0.0,0.006812088651512838,0.5354941255569099,0.65,1.0
2016-04-01,175.34532165527344,1,2010-03-16,2016-03-15,2016-03-16,2017-03-15,0,0.5354793836184973,1.0,-0.0032379779332966097,-0.0032379779332966097,5.0,0.0,-0.0032379779332966097,1.0,-0.0032379779332966097,0.0,-0.0032379779332966097,0.5354793836184973,0.65,1.0
2016-04-04,174.77755737304688,1,2010-03-16,2016-03-15,2016-03-16,2017-03-15,0,0.5444221222833381,1.0,-0.00998802013790201,-0.00998802013790201,5.0,0.0,-0.00998802013790201,1.0,-0.00998802013790201,0.0,-0.00998802013790201,0.5444221222833381,0.65,1.0
2016-04-05,173.03187561035156,1,2010-03-16,2016-03-15,2016-03-16,2017-03-15,1,0.5577045436714643,1.0,0.010921252080170252,0.010921252080170252,5.0,0.0,0.010921252080170252,1.0,0.010921252080170252,0.0,0.010921252080170252,0.5577045436714643,0.65,1.0
2016-04-06,174.92160034179688,1,2010-03-16,2016-03-15,2016-03-16,2017-03-15,0,0.5285131306547207,1.0,-0.011965984342525049,-0.011965984342525049,5.0,0.0,-0.011965984342525049,1.0,-0.011965984342525049,0.0,-0.011965984342525049,0.5285131306547207,0.65,1.0
2016-04-07,172.8284912109375,1,2010-03-16,2016-03-15,2016-03-16,2017-03-15,1,0.5596135717325081,1.0,0.002696775911473992,0.002696775911473992,5.0,0.0,0.002696775911473992,1.0,0.002696775911473992,0.0,0.002696775911473992,0.5596135717325081,0.65,1.0
2016-04-08,173.29457092285156,1,2010-03-16,2016-03-15,2016-03-16,2017-03-15,0,0.5424175051865401,1.0,-0.002347091885706365,-0.002347091885706365,5.0,0.0,-0.002347091885706365,1.0,-0.002347091885706365,0.0,-0.002347091885706365,0.5424175051865401,0.65,1.0
2016-04-11,172.88783264160156,1,2010-03-16,2016-03-15,2016-03-16,2017-03-15,1,0.5550792665945361,1.0,0.009312929305000273,0.009312929305000273,5.0,0.0,0.009312929305000273,1.0,0.009312929305000273,0.0,0.009312929305000273,0.5550792665945361,0.65,1.0
2016-04-12,174.4979248046875,1,2010-03-16,2016-03-15,2016-03-16,2017-03-15,1,0.5379119828054084,1.0,0.010101001268287169,0.010101001268287169,5.0,0.0,0.010101001268287169,1.0,0.010101001268287169,0.0,0.010101001268287169,0.5379119828054084,0.65,1.0
2016-04-13,176.26052856445312,1,2010-03-16,2016-03-15,2016-03-16,2017-03-15,1,0.5706028839847009,1.0,4.787294364927419e-05,4.787294364927419e-05,5.0,0.0,4.787294364927419e-05,1.0,4.787294364927419e-05,0.0,4.787294364927419e-05,0.5706028839847009,0.65,1.0
2016-04-14,176.2689666748047,1,2010-03-16,2016-03-15,2016-03-16,2017-03-15,0,0.5509441381955993,1.0,-0.001105959220956687,-0.001105959220956687,5.0,0.0,-0.001105959220956687,1.0,-0.001105959220956687,0.0,-0.001105959220956687,0.5509441381955993,0.65,1.0
2016-04-15,176.0740203857422,1,2010-03-16,2016-03-15,2016-03-16,2017-03-15,1,0.5561893316468752,1.0,0.007027184844131673,0.007027184844131673,5.0,0.0,0.007027184844131673,1.0,0.007027184844131673,0.0,0.007027184844131673,0.5561893316468752,0.65,1.0
2016-04-18,177.3113250732422,1,2010-03-16,2016-03-15,2016-03-16,2017-03-15,1,0.5405376864551352,1.0,0.003154400390696477,0.003154400390696477,5.0,0.0,0.003154400390696477,1.0,0.003154400390696477,0.0,0.003154400390696477,0.5405376864551352,0.65,1.0
2016-04-19,177.87063598632812,1,2010-03-16,2016-03-15,2016-03-16,2017-03-15,1,0.559770949304598,1.0,0.0009527379850440276,0.0009527379850440276,5.0,0.0,0.0009527379850440276,1.0,0.0009527379850440276,0.0,0.0009527379850440276,0.559770949304598,0.65,1.0
2016-04-20,178.04010009765625,1,2010-03-16,2016-03-15,2016-03-16,2017-03-15,0,0.5829224024476292,1.0,-0.005378454437404923,-0.005378454437404923,5.0,0.0,-0.005378454437404923,1.0,-0.005378454437404923,0.0,-0.005378454437404923,0.5829224024476292,0.65,1.0
2016-04-21,177.08251953125,1,2010-03-16,2016-03-15,2016-03-16,2017-03-15,0,0.5662076793793777,1.0,0.0,0.0,5.0,0.0,0.0,1.0,0.0,0.0,0.0,0.5662076793793777,0.65,1.0
2016-04-22,177.08251953125,1,2010-03-16,2016-03-15,2016-03-16,2017-03-15,0,0.5382107202420371,1.0,-0.0017228365020059977,-0.0017228365020059977,5.0,0.0,-0.0017228365020059977,1.0,-0.0017228365020059977,0.0,-0.0017228365020059977,0.5382107202420371,0.65,1.0
2016-04-25,176.77743530273438,1,2010-03-16,2016-03-15,2016-03-16,2017-03-15,1,0.5234547851145438,1.0,0.0014861091905715718,0.0014861091905715718,5.0,0.0,0.0014861091905715718,1.0,0.0014861091905715718,0.0,0.0014861091905715718,0.5234547851145438,0.65,1.0
2016-04-26,177.04014587402344,1,2010-03-16,2016-03-15,2016-03-16,2017-03-15,1,0.5469092292212628,1.0,0.0020580903965290442,0.0020580903965290442,5.0,0.0,0.0020580903965290442,1.0,0.0020580903965290442,0.0,0.0020580903965290442,0.5469092292212628,0.65,1.0
2016-04-27,177.40451049804688,1,2010-03-16,2016-03-15,2016-03-16,2017-03-15,0,0.5430343048655345,1.0,-0.009075394219801192,-0.009075394219801192,5.0,0.0,-0.009075394219801192,1.0,-0.009075394219801192,0.0,-0.009075394219801192,0.5430343048655345,0.65,1.0
2016-04-28,175.79449462890625,1,2010-03-16,2016-03-15,2016-03-16,2017-03-15,0,0.5525491612856566,1.0,-0.005399332758608155,-0.005399332758608155,5.0,0.0,-0.005399332758608155,1.0,-0.005399332758608155,0.0,-0.005399332758608155,0.5525491612856566,0.65,1.0
2016-04-29,174.84532165527344,1,2010-03-16,2016-03-15,2016-03-16,2017-03-15,1,0.5473677175413384,1.0,0.00794865858259386,0.00794865858259386,5.0,0.0,0.00794865858259386,1.0,0.00794865858259386,0.0,0.00794865858259386,0.5473677175413384,0.35,1.0
2016-05-02,176.235107421875,1,2010-03-16,2016-03-15,2016-03-16,2017-03-15,0,0.5351984788462485,1.0,-0.008702963459622959,-0.008702963459622959,5.0,0.0,-0.008702963459622959,1.0,-0.008702963459622959,0.0,-0.008702963459622959,0.5351984788462485,0.65,1.0
2016-05-03,174.7013397216797,1,2010-03-16,2016-03-15,2016-03-16,2017-03-15,0,0.5889009722406604,1.0,-0.0055785425513880105,-0.0055785425513880105,5.0,0.0,-0.0055785425513880105,1.0,-0.0055785425513880105,0.0,-0.0055785425513880105,0.5889009722406604,0.65,1.0
2016-05-04,173.7267608642578,1,2010-03-16,2016-03-15,2016-03-16,2017-03-15,0,0.5916661505522467,1.0,-0.0001948116339258732,-0.0001948116339258732,5.0,0.0,-0.0001948116339258732,1.0,-0.0001948116339258732,0.0,-0.0001948116339258732,0.5916661505522467,0.35,1.0
2016-05-05,173.6929168701172,1,2010-03-16,2016-03-15,2016-03-16,2017-03-15,1,0.5520157753854286,1.0,0.0036588325944189037,0.0036588325944189037,5.0,0.0,0.0036588325944189037,1.0,0.0036588325944189037,0.0,0.0036588325944189037,0.5520157753854286,0.65,1.0
2016-05-06,174.32843017578125,1,2010-03-16,2016-03-15,2016-03-16,2017-03-15,1,0.5581621379850105,1.0,0.0008263610668310939,0.0008263610668310939,5.0,0.0,0.0008263610668310939,1.0,0.0008263610668310939,0.0,0.0008263610668310939,0.5581621379850105,0.65,1.0
2016-05-09,174.4724884033203,1,2010-03-16,2016-03-15,2016-03-16,2017-03-15,1,0.5901918133551941,1.0,0.012433894755824904,0.012433894755824904,5.0,0.0,0.012433894755824904,1.0,0.012433894755824904,0.0,0.012433894755824904,0.5901918133551941,0.65,1.0
2016-05-10,176.64186096191406,1,2010-03-16,2016-03-15,2016-03-16,2017-03-15,0,0.5539491193324093,1.0,-0.009354720867046695,-0.009354720867046695,5.0,0.0,-0.009354720867046695,1.0,-0.009354720867046695,0.0,-0.009354720867046695,0.5539491193324093,0.65,1.0
2016-05-11,174.9894256591797,1,2010-03-16,2016-03-15,2016-03-16,2017-03-15,1,0.5801719314134772,1.0,0.0002905448998689053,0.0002905448998689053,5.0,0.0,0.0002905448998689053,1.0,0.0002905448998689053,0.0,0.0002905448998689053,0.5801719314134772,0.35,1.0
2016-05-12,175.04026794433594,1,2010-03-16,2016-03-15,2016-03-16,2017-03-15,0,0.5461779320227187,1.0,-0.00871442545263934,-0.00871442545263934,5.0,0.0,-0.00871442545263934,1.0,-0.00871442545263934,0.0,-0.00871442545263934,0.5461779320227187,0.35,1.0
2016-05-13,173.514892578125,1,2010-03-16,2016-03-15,2016-03-16,2017-03-15,1,0.5580773217351371,1.0,0.009865213580088739,0.009865213580088739,5.0,0.0,0.009865213580088739,0.0,0.0,0.0005,-0.0005,0.5580773217351371,0.35,1.0
2016-05-16,175.22665405273438,1,2010-03-16,2016-03-15,2016-03-16,2017-03-15,0,0.5437535245114636,1.0,-0.009333266223451209,-0.009333266223451209,5.0,0.0,-0.009333266223451209,1.0,-0.009333266223451209,0.0005,-0.00983326622345121,0.5437535245114636,0.35,1.0
2016-05-17,173.59121704101562,1,2010-03-16,2016-03-15,2016-03-16,2017-03-15,1,0.6052894519858258,1.0,0.00029297302485820076,0.00029297302485820076,5.0,0.0,0.00029297302485820076,0.0,0.0,0.0005,-0.0005,0.6052894519858258,0.35,1.0
2016-05-18,173.64207458496094,1,2010-03-16,2016-03-15,2016-03-16,2017-03-15,0,0.5600164753380464,1.0,-0.0034650851284209194,-0.0034650851284209194,5.0,0.0,-0.0034650851284209194,0.0,-0.0,0.0,-0.0,0.5600164753380464,0.35,1.0
2016-05-19,173.04039001464844,1,2010-03-16,2016-03-15,2016-03-16,2017-03-15,1,0.5653905342774922,1.0,0.006317339594149152,0.006317339594149152,5.0,0.0,0.006317339594149152,0.0,0.0,0.0,0.0,0.5653905342774922,0.35,1.0
2016-05-20,174.133544921875,1,2010-03-16,2016-03-15,2016-03-16,2017-03-15,0,0.5494905434778327,1.0,-0.0013626864876460365,-0.0013626864876460365,5.0,0.0,-0.0013626864876460365,0.0,-0.0,0.0,-0.0,0.5494905434778327,0.35,1.0
2016-05-23,173.89625549316406,1,2010-03-16,2016-03-15,2016-03-16,2017-03-15,1,0.5767851793660528,1.0,0.012962352799749777,0.012962352799749777,5.0,0.0,0.012962352799749777,0.0,0.0,0.0,0.0,0.5767851793660528,0.35,1.0
2016-05-24,176.15036010742188,1,2010-03-16,2016-03-15,2016-03-16,2017-03-15,1,0.551217547811514,1.0,0.006783065767282048,0.006783065767282048,5.0,0.0,0.006783065767282048,1.0,0.006783065767282048,0.0005,0.006283065767282048,0.551217547811514,0.35,1.0
2016-05-25,177.34519958496094,1,2010-03-16,2016-03-15,2016-03-16,2017-03-15,1,0.5656315509371113,1.0,0.0002866854320007217,0.0002866854320007217,5.0,0.0,0.0002866854320007217,1.0,0.0002866854320007217,0.0,0.0002866854320007217,0.5656315509371113,0.35,1.0
2016-05-26,177.3960418701172,1,2010-03-16,2016-03-15,2016-03-16,2017-03-15,1,0.5541567220139415,1.0,0.004299221036060397,0.004299221036060397,5.0,0.0,0.004299221036060397,1.0,0.004299221036060397,0.0,0.004299221036060397,0.5541567220139415,0.65,1.0
2016-05-27,178.15870666503906,1,2010-03-16,2016-03-15,2016-03-16,2017-03-15,0,0.538244221346174,1.0,-0.0019023949432540599,-0.0019023949432540599,5.0,0.0,-0.0019023949432540599,1.0,-0.0019023949432540599,0.0,-0.0019023949432540599,0.538244221346174,0.65,1.0
2016-05-31,177.8197784423828,1,2010-03-16,2016-03-15,2016-03-16,2017-03-15,1,0.5678722982819886,1.0,0.0020489810999986258,0.0020489810999986258,5.0,0.0,0.0020489810999986258,1.0,0.0020489810999986258,0.0,0.0020489810999986258,0.5678722982819886,0.65,1.0
2016-06-01,178.1841278076172,1,2010-03-16,2016-03-15,2016-03-16,2017-03-15,1,0.5494413851084075,1.0,0.0030435517952296376,0.0030435517952296376,5.0,0.0,0.0030435517952296376,1.0,0.0030435517952296376,0.0,0.0030435517952296376,0.5494413851084075,0.65,1.0
2016-06-02,178.7264404296875,1,2010-03-16,2016-03-15,2016-03-16,2017-03-15,0,0.5471872983000489,1.0,-0.0029867627603342717,-0.0029867627603342717,5.0,0.0,-0.0029867627603342717,1.0,-0.0029867627603342717,0.0,-0.0029867627603342717,0.5471872983000489,0.65,1.0
2016-06-03,178.192626953125,1,2010-03-16,2016-03-15,2016-03-16,2017-03-15,1,0.5309289662899884,1.0,0.005088442984228836,0.005088442984228836,5.0,0.0,0.005088442984228836,1.0,0.005088442984228836,0.0,0.005088442984228836,0.5309289662899884,0.65,1.0
2016-06-06,179.09934997558594,1,2010-03-16,2016-03-15,2016-03-16,2017-03-15,1,0.5318617907801206,1.0,0.0015610709476627793,0.0015610709476627793,5.0,0.0,0.0015610709476627793,1.0,0.0015610709476627793,0.0,0.0015610709476627793,0.5318617907801206,0.65,1.0
2016-06-07,179.37893676757812,1,2010-03-16,2016-03-15,2016-03-16,2017-03-15,1,0.5033486212168219,1.0,0.003260013926768668,0.003260013926768668,5.0,0.0,0.003260013926768668,1.0,0.003260013926768668,0.0,0.003260013926768668,0.5033486212168219,0.65,1.0
2016-06-08,179.96371459960938,1,2010-03-16,2016-03-15,2016-03-16,2017-03-15,0,0.5281981888989966,1.0,-0.0013659369742605731,-0.0013659369742605731,5.0,0.0,-0.0013659369742605731,1.0,-0.0013659369742605731,0.0,-0.0013659369742605731,0.5281981888989966,0.65,1.0
2016-06-09,179.7178955078125,1,2010-03-16,2016-03-15,2016-03-16,2017-03-15,0,0.5328818815850093,1.0,-0.009477167245486307,-0.009477167245486307,5.0,0.0,-0.009477167245486307,1.0,-0.009477167245486307,0.0,-0.009477167245486307,0.5328818815850093,0.65,1.0
2016-06-10,178.01467895507812,1,2010-03-16,2016-03-15,2016-03-16,2017-03-15,0,0.5392477309003316,1.0,-0.007711824672113066,-0.007711824672113066,5.0,0.0,-0.007711824672113066,1.0,-0.007711824672113066,0.0,-0.007711824672113066,0.5392477309003316,0.65,1.0
2016-06-13,176.64186096191406,1,2010-03-16,2016-03-15,2016-03-16,2017-03-15,0,0.5393210710345026,1.0,-0.001966932555290679,-0.001966932555290679,5.0,0.0,-0.001966932555290679,1.0,-0.001966932555290679,0.0,-0.001966932555290679,0.5393210710345026,0.65,1.0
2016-06-14,176.29441833496094,1,2010-03-16,2016-03-15,2016-03-16,2017-03-15,0,0.5531168000090189,1.0,-0.0013939340801173428,-0.0013939340801173428,5.0,0.0,-0.0013939340801173428,1.0,-0.0013939340801173428,0.0,-0.0013939340801173428,0.5531168000090189,0.65,1.0
2016-06-15,176.04867553710938,1,2010-03-16,2016-03-15,2016-03-16,2017-03-15,1,0.5747859852152827,1.0,0.0029843486376541772,0.0029843486376541772,5.0,0.0,0.0029843486376541772,0.0,0.0,0.0005,-0.0005,0.5747859852152827,0.65,1.0
2016-06-16,176.57406616210938,1,2010-03-16,2016-03-15,2016-03-16,2017-03-15,0,0.5823473249272543,1.0,-0.0037240888706993047,-0.0037240888706993047,5.0,0.0,-0.0037240888706993047,1.0,-0.0037240888706993047,0.0005,-0.004224088870699305,0.5823473249272543,0.65,1.0
2016-06-17,175.91648864746094,1,2010-03-16,2016-03-15,2016-03-16,2017-03-15,1,0.5795231009035464,1.0,0.00644018408406799,0.00644018408406799,5.0,0.0,0.00644018408406799,0.0,0.0,0.0005,-0.0005,0.5795231009035464,0.65,1.0
2016-06-20,177.04942321777344,1,2010-03-16,2016-03-15,2016-03-16,2017-03-15,1,0.5438298684214307,1.0,0.002838462891546989,0.002838462891546989,5.0,0.0,0.002838462891546989,1.0,0.002838462891546989,0.0005,0.002338462891546989,0.5438298684214307,0.65,1.0
2016-06-21,177.55197143554688,1,2010-03-16,2016-03-15,2016-03-16,2017-03-15,0,0.5518434409527909,1.0,-0.0016312242148235345,-0.0016312242148235345,5.0,0.0,-0.0016312242148235345,1.0,-0.0016312242148235345,0.0,-0.0016312242148235345,0.5518434409527909,0.65,1.0
2016-06-22,177.26234436035156,1,2010-03-16,2016-03-15,2016-03-16,2017-03-15,1,0.5739068529488089,1.0,0.01302222205006176,0.01302222205006176,5.0,0.0,0.01302222205006176,1.0,0.01302222205006176,0.0,0.01302222205006176,0.5739068529488089,0.65,1.0
2016-06-23,179.57069396972656,1,2010-03-16,2016-03-15,2016-03-16,2017-03-15,0,0.5483586909916688,1.0,-0.03590887248801766,-0.03590887248801766,5.0,0.0,-0.03590887248801766,1.0,-0.03590887248801766,0.0,-0.03590887248801766,0.5483586909916688,0.65,1.0
2016-06-24,173.1225128173828,1,2010-03-16,2016-03-15,2016-03-16,2017-03-15,0,0.6035141902899754,1.0,-0.017909778959658618,-0.017909778959658618,5.0,0.0,-0.017909778959658618,0.0,-0.0,0.0005,-0.0005,0.6035141902899754,0.35,1.0
2016-06-27,170.0219268798828,1,2010-03-16,2016-03-15,2016-03-16,2017-03-15,1,0.5396833874929722,1.0,0.018035985815464173,0.018035985815464173,5.0,0.0,0.018035985815464173,0.0,0.0,0.0,0.0,0.5396833874929722,0.35,1.0
2016-06-28,173.08843994140625,1,2010-03-16,2016-03-15,2016-03-16,2017-03-15,1,0.49614059028530655,1.0,0.017027336478505184,0.017027336478505184,5.0,0.0,0.017027336478505184,0.0,0.0,0.0,0.0,0.49614059028530655,0.35,1.0
2016-06-29,176.03567504882812,1,2010-03-16,2016-03-15,2016-03-16,2017-03-15,1,0.538855676051625,1.0,0.013645700658612592,0.013645700658612592,5.0,0.0,0.013645700658612592,0.0,0.0,0.0,0.0,0.538855676051625,0.35,1.0
2016-06-30,178.43780517578125,1,2010-03-16,2016-03-15,2016-03-16,2017-03-15,1,0.6023971344461968,1.0,0.00210046091618854,0.00210046091618854,5.0,0.0,0.00210046091618854,1.0,0.00210046091618854,0.0005,0.0016004609161885401,0.6023971344461968,0.35,1.0
2016-07-01,178.81260681152344,1,2010-03-16,2016-03-15,2016-03-16,2017-03-15,0,0.5281422118143496,1.0,-0.007193056067914871,-0.007193056067914871,5.0,0.0,-0.007193056067914871,1.0,-0.007193056067914871,0.0,-0.007193056067914871,0.5281422118143496,0.65,1.0
2016-07-05,177.52639770507812,1,2010-03-16,2016-03-15,2016-03-16,2017-03-15,1,0.48870697775648164,1.0,0.005997918237085509,0.005997918237085509,5.0,0.0,0.005997918237085509,1.0,0.005997918237085509,0.0,0.005997918237085509,0.48870697775648164,0.35,1.0
2016-07-06,178.5911865234375,1,2010-03-16,2016-03-15,2016-03-16,2017-03-15,0,0.4987020419522782,1.0,-0.0006203781358956606,-0.0006203781358956606,5.0,0.0,-0.0006203781358956606,1.0,-0.0006203781358956606,0.0,-0.0006203781358956606,0.4987020419522782,0.35,1.0
2016-07-07,178.4803924560547,1,2010-03-16,2016-03-15,2016-03-16,2017-03-15,1,0.5439018741811518,1.0,0.01489053800706519,0.01489053800706519,5.0,0.0,0.01489053800706519,1.0,0.01489053800706519,0.0,0.01489053800706519,0.5439018741811518,0.35,1.0
2016-07-08,181.1380615234375,1,2010-03-16,2016-03-15,2016-03-16,2017-03-15,1,0.5724522206411513,1.0,0.003526895314522882,0.003526895314522882,5.0,0.0,0.003526895314522882,1.0,0.003526895314522882,0.0,0.003526895314522882,0.5724522206411513,0.65,1.0
2016-07-11,181.77691650390625,1,2010-03-16,2016-03-15,2016-03-16,2017-03-15,1,0.5703829095823598,1.0,0.007263535123007481,0.007263535123007481,5.0,0.0,0.007263535123007481,1.0,0.007263535123007481,0.0,0.007263535123007481,0.5703829095823598,0.65,1.0
2016-07-12,183.09725952148438,1,2010-03-16,2016-03-15,2016-03-16,2017-03-15,0,0.5208062318536315,1.0,-0.00013975626573925481,-0.00013975626573925481,5.0,0.0,-0.00013975626573925481,1.0,-0.00013975626573925481,0.0,-0.00013975626573925481,0.5208062318536315,0.65,1.0
2016-07-13,183.07167053222656,1,2010-03-16,2016-03-15,2016-03-16,2017-03-15,1,0.5499294071555276,1.0,0.005583613975413071,0.005583613975413071,5.0,0.0,0.005583613975413071,1.0,0.005583613975413071,0.0,0.005583613975413071,0.5499294071555276,0.65,1.0
2016-07-14,184.0938720703125,1,2010-03-16,2016-03-15,2016-03-16,2017-03-15,0,0.5499545280142729,1.0,-0.0013416743087480976,-0.0013416743087480976,5.0,0.0,-0.0013416743087480976,1.0,-0.0013416743087480976,0.0,-0.0013416743087480976,0.5499545280142729,0.65,1.0
2016-07-15,183.8468780517578,1,2010-03-16,2016-03-15,2016-03-16,2017-03-15,1,0.5644511744673913,1.0,0.002687285623237612,0.002687285623237612,5.0,0.0,0.002687285623237612,1.0,0.002687285623237612,0.0,0.002687285623237612,0.5644511744673913,0.65,1.0
2016-07-18,184.34092712402344,1,2010-03-16,2016-03-15,2016-03-16,2017-03-15,0,0.5192804570507623,1.0,-0.001016888797063964,-0.001016888797063964,5.0,0.0,-0.001016888797063964,1.0,-0.001016888797063964,0.0,-0.001016888797063964,0.5192804570507623,0.65,1.0
2016-07-19,184.15347290039062,1,2010-03-16,2016-03-15,2016-03-16,2017-03-15,1,0.5207258368030653,1.0,0.004163006366395328,0.004163006366395328,5.0,0.0,0.004163006366395328,1.0,0.004163006366395328,0.0,0.004163006366395328,0.5207258368030653,0.65,1.0
2016-07-20,184.92010498046875,1,2010-03-16,2016-03-15,2016-03-16,2017-03-15,0,0.5142530398722057,1.0,-0.003777067997125849,-0.003777067997125849,5.0,0.0,-0.003777067997125849,1.0,-0.003777067997125849,0.0,-0.003777067997125849,0.5142530398722057,0.65,1.0
2016-07-21,184.22164916992188,1,2010-03-16,2016-03-15,2016-03-16,2017-03-15,1,0.5330308875927959,1.0,0.004485159216940149,0.004485159216940149,5.0,0.0,0.004485159216940149,1.0,0.004485159216940149,0.0,0.004485159216940149,0.5330308875927959,0.65,1.0
2016-07-22,185.04791259765625,1,2010-03-16,2016-03-15,2016-03-16,2017-03-15,0,0.5427684495448644,1.0,-0.0027159384199285652,-0.0027159384199285652,5.0,0.0,-0.0027159384199285652,1.0,-0.0027159384199285652,0.0,-0.0027159384199285652,0.5427684495448644,0.65,1.0
2016-07-25,184.5453338623047,1,2010-03-16,2016-03-15,2016-03-16,2017-03-15,1,0.5185420725145738,1.0,0.0004612892799729096,0.0004612892799729096,5.0,0.0,0.0004612892799729096,1.0,0.0004612892799729096,0.0,0.0004612892799729096,0.5185420725145738,0.65,1.0
2016-07-26,184.63046264648438,1,2010-03-16,2016-03-15,2016-03-16,2017-03-15,0,0.49708882509591334,1.0,-0.0010609968213071141,-0.0010609968213071141,5.0,0.0,-0.0010609968213071141,1.0,-0.0010609968213071141,0.0,-0.0010609968213071141,0.49708882509591334,0.65,1.0
2016-07-27,184.4345703125,1,2010-03-16,2016-03-15,2016-03-16,2017-03-15,1,0.5066208436320133,1.0,0.0011548672039225494,0.0011548672039225494,5.0,0.0,0.0011548672039225494,1.0,0.0011548672039225494,0.0,0.0011548672039225494,0.5066208436320133,0.65,1.0
2016-07-28,184.64756774902344,1,2010-03-16,2016-03-15,2016-03-16,2017-03-15,1,0.5126211055439595,1.0,0.0016142383524488935,0.0016142383524488935,5.0,0.0,0.0016142383524488935,1.0,0.0016142383524488935,0.0,0.0016142383524488935,0.5126211055439595,0.65,1.0
2016-07-29,184.9456329345703,1,2010-03-16,2016-03-15,2016-03-16,2017-03-15,0,0.5270190363593125,1.0,-0.000828342036287455,-0.000828342036287455,5.0,0.0,-0.000828342036287455,1.0,-0.000828342036287455,0.0,-0.000828342036287455,0.5270190363593125,0.65,1.0
2016-08-01,184.7924346923828,1,2010-03-16,2016-03-15,2016-03-16,2017-03-15,0,0.5377710264605533,1.0,-0.006407467468259265,-0.006407467468259265,5.0,0.0,-0.006407467468259265,1.0,-0.006407467468259265,0.0,-0.006407467468259265,0.5377710264605533,0.65,1.0
2016-08-02,183.60838317871094,1,2010-03-16,2016-03-15,2016-03-16,2017-03-15,1,0.5428370230703974,1.0,0.002922473183861074,0.002922473183861074,5.0,0.0,0.002922473183861074,1.0,0.002922473183861074,0.0,0.002922473183861074,0.5428370230703974,0.65,1.0
2016-08-03,184.1449737548828,1,2010-03-16,2016-03-15,2016-03-16,2017-03-15,1,0.5324860902190743,1.0,0.0010641255373142755,0.0010641255373142755,5.0,0.0,0.0010641255373142755,1.0,0.0010641255373142755,0.0,0.0010641255373142755,0.5324860902190743,0.65,1.0
2016-08-04,184.34092712402344,1,2010-03-16,2016-03-15,2016-03-16,2017-03-15,1,0.5292294719684744,1.0,0.008178484387880491,0.008178484387880491,5.0,0.0,0.008178484387880491,1.0,0.008178484387880491,0.0,0.008178484387880491,0.5292294719684744,0.65,1.0
2016-08-05,185.8485565185547,1,2010-03-16,2016-03-15,2016-03-16,2017-03-15,0,0.5371103061911702,1.0,-0.0005956598034561056,-0.0005956598034561056,5.0,0.0,-0.0005956598034561056,1.0,-0.0005956598034561056,0.0,-0.0005956598034561056,0.5371103061911702,0.65,1.0
2016-08-08,185.73785400390625,1,2010-03-16,2016-03-15,2016-03-16,2017-03-15,1,0.5467151853829233,1.0,0.0005960148255299558,0.0005960148255299558,5.0,0.0,0.0005960148255299558,1.0,0.0005960148255299558,0.0,0.0005960148255299558,0.5467151853829233,0.65,1.0
2016-08-09,185.8485565185547,1,2010-03-16,2016-03-15,2016-03-16,2017-03-15,0,0.5343866014711823,1.0,-0.002474759172401475,-0.002474759172401475,5.0,0.0,-0.002474759172401475,1.0,-0.002474759172401475,0.0,-0.002474759172401475,0.5343866014711823,0.65,1.0
2016-08-10,185.3886260986328,1,2010-03-16,2016-03-15,2016-03-16,2017-03-15,1,0.5360847771592031,1.0,0.0046407178359109125,0.0046407178359109125,5.0,0.0,0.0046407178359109125,1.0,0.0046407178359109125,0.0,0.0046407178359109125,0.5360847771592031,0.65,1.0
2016-08-11,186.24896240234375,1,2010-03-16,2016-03-15,2016-03-16,2017-03-15,0,0.537772663928641,1.0,-0.0008686702913285327,-0.0008686702913285327,5.0,0.0,-0.0008686702913285327,1.0,-0.0008686702913285327,0.0,-0.0008686702913285327,0.537772663928641,0.65,1.0
2016-08-12,186.08717346191406,1,2010-03-16,2016-03-15,2016-03-16,2017-03-15,1,0.5602118806184577,1.0,0.0028835441271384266,0.0028835441271384266,5.0,0.0,0.0028835441271384266,1.0,0.0028835441271384266,0.0,0.0028835441271384266,0.5602118806184577,0.65,1.0
2016-08-15,186.62376403808594,1,2010-03-16,2016-03-15,2016-03-16,2017-03-15,0,0.5458290763087391,1.0,-0.0051578114683896725,-0.0051578114683896725,5.0,0.0,-0.0051578114683896725,1.0,-0.0051578114683896725,0.0,-0.0051578114683896725,0.5458290763087391,0.65,1.0
2016-08-16,185.66119384765625,1,2010-03-16,2016-03-15,2016-03-16,2017-03-15,1,0.553784057867986,1.0,0.001881077875374837,0.001881077875374837,5.0,0.0,0.001881077875374837,1.0,0.001881077875374837,0.0,0.001881077875374837,0.553784057867986,0.65,1.0
2016-08-17,186.01043701171875,1,2010-03-16,2016-03-15,2016-03-16,2017-03-15,1,0.5446580672690451,1.0,0.0022439005182774974,0.0022439005182774974,5.0,0.0,0.0022439005182774974,1.0,0.0022439005182774974,0.0,0.0022439005182774974,0.5446580672690451,0.65,1.0
2016-08-18,186.42782592773438,1,2010-03-16,2016-03-15,2016-03-16,2017-03-15,0,0.556492409208813,1.0,-0.0014619732267865393,-0.0014619732267865393,5.0,0.0,-0.0014619732267865393,1.0,-0.0014619732267865393,0.0,-0.0014619732267865393,0.556492409208813,0.65,1.0
2016-08-19,186.1552734375,1,2010-03-16,2016-03-15,2016-03-16,2017-03-15,0,0.5792161273039922,1.0,-4.549228057471044e-05,-4.549228057471044e-05,5.0,0.0,-4.549228057471044e-05,1.0,-4.549228057471044e-05,0.0,-4.549228057471044e-05,0.5792161273039922,0.65,1.0
2016-08-22,186.1468048095703,1,2010-03-16,2016-03-15,2016-03-16,2017-03-15,1,0.5607114476912302,1.0,0.002013227461832523,0.002013227461832523,5.0,0.0,0.002013227461832523,1.0,0.002013227461832523,0.0,0.002013227461832523,0.5607114476912302,0.65,1.0
2016-08-23,186.5215606689453,1,2010-03-16,2016-03-15,2016-03-16,2017-03-15,0,0.547710877282803,1.0,-0.005115071102237079,-0.005115071102237079,5.0,0.0,-0.005115071102237079,1.0,-0.005115071102237079,0.0,-0.005115071102237079,0.547710877282803,0.65,1.0
2016-08-24,185.56748962402344,1,2010-03-16,2016-03-15,2016-03-16,2017-03-15,0,0.568941412630323,1.0,-0.0006885748137686054,-0.0006885748137686054,5.0,0.0,-0.0006885748137686054,1.0,-0.0006885748137686054,0.0,-0.0006885748137686054,0.568941412630323,0.65,1.0
2016-08-25,185.43971252441406,1,2010-03-16,2016-03-15,2016-03-16,2017-03-15,0,0.5906131926446372,1.0,-0.0018832422705975516,-0.0018832422705975516,5.0,0.0,-0.0018832422705975516,1.0,-0.0018832422705975516,0.0,-0.0018832422705975516,0.5906131926446372,0.65,1.0
2016-08-26,185.09048461914062,1,2010-03-16,2016-03-15,2016-03-16,2017-03-15,1,0.6029552429571852,1.0,0.004924200892161501,0.004924200892161501,5.0,0.0,0.004924200892161501,1.0,0.004924200892161501,0.0,0.004924200892161501,0.6029552429571852,0.65,1.0
2016-08-29,186.0019073486328,1,2010-03-16,2016-03-15,2016-03-16,2017-03-15,0,0.5842650645376973,1.0,-0.0016484245338795889,-0.0016484245338795889,5.0,0.0,-0.0016484245338795889,1.0,-0.0016484245338795889,0.0,-0.0016484245338795889,0.5842650645376973,0.65,1.0
2016-08-30,185.69529724121094,1,2010-03-16,2016-03-15,2016-03-16,2017-03-15,0,0.5855088694743232,1.0,-0.0028439421853916347,-0.0028439421853916347,5.0,0.0,-0.0028439421853916347,1.0,-0.0028439421853916347,0.0,-0.0028439421853916347,0.5855088694743232,0.65,1.0
2016-08-31,185.1671905517578,1,2010-03-16,2016-03-15,2016-03-16,2017-03-15,1,0.5943634328473137,1.0,4.581744040876856e-05,4.581744040876856e-05,5.0,0.0,4.581744040876856e-05,1.0,4.581744040876856e-05,0.0,4.581744040876856e-05,0.5943634328473137,0.65,1.0
2016-09-01,185.17567443847656,1,2010-03-16,2016-03-15,2016-03-16,2017-03-15,1,0.5942206122039259,1.0,0.004507949414919166,0.004507949414919166,5.0,0.0,0.004507949414919166,1.0,0.004507949414919166,0.0,0.004507949414919166,0.5942206122039259,0.65,1.0
2016-09-02,186.01043701171875,1,2010-03-16,2016-03-15,2016-03-16,2017-03-15,1,0.5854011418128967,1.0,0.0030222191596980252,0.0030222191596980252,5.0,0.0,0.0030222191596980252,1.0,0.0030222191596980252,0.0,0.0030222191596980252,0.5854011418128967,0.65,1.0
2016-09-06,186.57260131835938,1,2010-03-16,2016-03-15,2016-03-16,2017-03-15,0,0.5768356075490738,1.0,-9.110818467183979e-05,-9.110818467183979e-05,5.0,0.0,-9.110818467183979e-05,1.0,-9.110818467183979e-05,0.0,-9.110818467183979e-05,0.5768356075490738,0.65,1.0
2016-09-07,186.55560302734375,1,2010-03-16,2016-03-15,2016-03-16,2017-03-15,0,0.5821713255407086,1.0,-0.0022828196839091985,-0.0022828196839091985,5.0,0.0,-0.0022828196839091985,1.0,-0.0022828196839091985,0.0,-0.0022828196839091985,0.5821713255407086,0.65,1.0
2016-09-08,186.12973022460938,1,2010-03-16,2016-03-15,2016-03-16,2017-03-15,0,0.5768318146664216,1.0,-0.023934928749312023,-0.023934928749312023,5.0,0.0,-0.023934928749312023,1.0,-0.023934928749312023,0.0,-0.023934928749312023,0.5768318146664216,0.65,1.0
2016-09-09,181.6747283935547,1,2010-03-16,2016-03-15,2016-03-16,2017-03-15,1,0.608692686110884,1.0,0.014347188678872858,0.014347188678872858,5.0,0.0,0.014347188678872858,0.0,0.0,0.0005,-0.0005,0.608692686110884,0.35,1.0
2016-09-12,184.28125,1,2010-03-16,2016-03-15,2016-03-16,2017-03-15,0,0.5355439688306137,1.0,-0.014375274901432977,-0.014375274901432977,5.0,0.0,-0.014375274901432977,0.0,-0.0,0.0,-0.0,0.5355439688306137,0.35,1.0
2016-09-13,181.6321563720703,1,2010-03-16,2016-03-15,2016-03-16,2017-03-15,0,0.6123162143372811,1.0,-0.0003752695123134808,-0.0003752695123134808,5.0,0.0,-0.0003752695123134808,0.0,-0.0,0.0,-0.0,0.6123162143372811,0.35,1.0
2016-09-14,181.56399536132812,1,2010-03-16,2016-03-15,2016-03-16,2017-03-15,1,0.5727125875235027,1.0,0.009992959059172968,0.009992959059172968,5.0,0.0,0.009992959059172968,0.0,0.0,0.0,0.0,0.5727125875235027,0.35,1.0
2016-09-15,183.37835693359375,1,2010-03-16,2016-03-15,2016-03-16,2017-03-15,0,0.5618631856347807,1.0,-0.003865572342019563,-0.003865572342019563,5.0,0.0,-0.003865572342019563,0.0,-0.0,0.0,-0.0,0.5618631856347807,0.35,1.0
2016-09-16,182.66949462890625,1,2010-03-16,2016-03-15,2016-03-16,2017-03-15,1,0.5501551193767402,1.0,0.00018719571299263826,0.00018719571299263826,5.0,0.0,0.00018719571299263826,0.0,0.0,0.0,0.0,0.5501551193767402,0.35,1.0
2016-09-19,182.7036895751953,1,2010-03-16,2016-03-15,2016-03-16,2017-03-15,1,0.5758676913157298,1.0,4.7019839950479536e-05,4.7019839950479536e-05,5.0,0.0,4.7019839950479536e-05,0.0,0.0,0.0,0.0,0.5758676913157298,0.35,1.0
2016-09-20,182.7122802734375,1,2010-03-16,2016-03-15,2016-03-16,2017-03-15,1,0.550500517516566,1.0,0.011245314104487036,0.011245314104487036,5.0,0.0,0.011245314104487036,0.0,0.0,0.0,0.0,0.550500517516566,0.35,1.0
2016-09-21,184.76693725585938,1,2010-03-16,2016-03-15,2016-03-16,2017-03-15,1,0.5388313315024178,1.0,0.006301488014669454,0.006301488014669454,5.0,0.0,0.006301488014669454,0.0,0.0,0.0,0.0,0.5388313315024178,0.35,1.0
2016-09-22,185.93124389648438,1,2010-03-16,2016-03-15,2016-03-16,2017-03-15,0,0.5720826147158442,1.0,-0.005479110297008094,-0.005479110297008094,5.0,0.0,-0.005479110297008094,1.0,-0.005479110297008094,0.0005,-0.0059791102970080945,0.5720826147158442,0.65,1.0
2016-09-23,184.91250610351562,1,2010-03-16,2016-03-15,2016-03-16,2017-03-15,0,0.5579299907094756,1.0,-0.008102207332866485,-0.008102207332866485,5.0,0.0,-0.008102207332866485,1.0,-0.008102207332866485,0.0,-0.008102207332866485,0.5579299907094756,0.35,1.0
2016-09-26,183.414306640625,1,2010-03-16,2016-03-15,2016-03-16,2017-03-15,1,0.5679551156731313,1.0,0.006207862738181635,0.006207862738181635,5.0,0.0,0.006207862738181635,0.0,0.0,0.0005,-0.0005,0.5679551156731313,0.35,1.0
2016-09-27,184.55291748046875,1,2010-03-16,2016-03-15,2016-03-16,2017-03-15,1,0.5322007874237634,1.0,0.004963678785864456,0.004963678785864456,5.0,0.0,0.004963678785864456,0.0,0.0,0.0,0.0,0.5322007874237634,0.35,1.0
2016-09-28,185.46897888183594,1,2010-03-16,2016-03-15,2016-03-16,2017-03-15,0,0.563956087931261,1.0,-0.009047301519264472,-0.009047301519264472,5.0,0.0,-0.009047301519264472,1.0,-0.009047301519264472,0.0005,-0.009547301519264473,0.563956087931261,0.35,1.0
2016-09-29,183.79098510742188,1,2010-03-16,2016-03-15,2016-03-16,2017-03-15,1,0.5885800257962999,1.0,0.007546165082292777,0.007546165082292777,5.0,0.0,0.007546165082292777,0.0,0.0,0.0005,-0.0005,0.5885800257962999,0.35,1.0
2016-09-30,185.1779022216797,1,2010-03-16,2016-03-15,2016-03-16,2017-03-15,0,0.5533228509032678,1.0,-0.002404040468962143,-0.002404040468962143,5.0,0.0,-0.002404040468962143,1.0,-0.002404040468962143,0.0005,-0.002904040468962143,0.5533228509032678,0.65,1.0
2016-10-03,184.73272705078125,1,2010-03-16,2016-03-15,2016-03-16,2017-03-15,0,0.5376174609650421,1.0,-0.005097861967362727,-0.005097861967362727,5.0,0.0,-0.005097861967362727,0.0,-0.0,0.0005,-0.0005,0.5376174609650421,0.35,1.0
2016-10-04,183.79098510742188,1,2010-03-16,2016-03-15,2016-03-16,2017-03-15,1,0.551841780919682,1.0,0.004425348897950876,0.004425348897950876,5.0,0.0,0.004425348897950876,0.0,0.0,0.0,0.0,0.551841780919682,0.35,1.0
2016-10-05,184.6043243408203,1,2010-03-16,2016-03-15,2016-03-16,2017-03-15,1,0.5719340515121523,1.0,0.0006955563496111594,0.0006955563496111594,5.0,0.0,0.0006955563496111594,0.0,0.0,0.0,0.0,0.5719340515121523,0.35,1.0
2016-10-06,184.73272705078125,1,2010-03-16,2016-03-15,2016-03-16,2017-03-15,0,0.5658994910285378,1.0,-0.003429356640865966,-0.003429356640865966,5.0,0.0,-0.003429356640865966,0.0,-0.0,0.0,-0.0,0.5658994910285378,0.35,1.0
2016-10-07,184.09921264648438,1,2010-03-16,2016-03-15,2016-03-16,2017-03-15,1,0.5690029023283192,1.0,0.005208234045794402,0.005208234045794402,5.0,0.0,0.005208234045794402,0.0,0.0,0.0,0.0,0.5690029023283192,0.65,1.0
2016-10-10,185.05804443359375,1,2010-03-16,2016-03-15,2016-03-16,2017-03-15,0,0.5456760041652148,1.0,-0.012629737357399806,-0.012629737357399806,5.0,0.0,-0.012629737357399806,1.0,-0.012629737357399806,0.0005,-0.013129737357399807,0.5456760041652148,0.65,1.0
2016-10-11,182.72080993652344,1,2010-03-16,2016-03-15,2016-03-16,2017-03-15,1,0.5710074198750107,1.0,0.0013120897057827818,0.0013120897057827818,5.0,0.0,0.0013120897057827818,0.0,0.0,0.0005,-0.0005,0.5710074198750107,0.65,1.0
2016-10-12,182.96055603027344,1,2010-03-16,2016-03-15,2016-03-16,2017-03-15,0,0.5647946894133319,1.0,-0.003275592358385593,-0.003275592358385593,5.0,0.0,-0.003275592358385593,0.0,-0.0,0.0,-0.0,0.5647946894133319,0.65,1.0
2016-10-13,182.3612518310547,1,2010-03-16,2016-03-15,2016-03-16,2017-03-15,1,0.5720711620335732,1.0,0.0005164323295006046,0.0005164323295006046,5.0,0.0,0.0005164323295006046,0.0,0.0,0.0,0.0,0.5720711620335732,0.35,1.0
2016-10-14,182.45542907714844,1,2010-03-16,2016-03-15,2016-03-16,2017-03-15,0,0.5678049499659855,1.0,-0.003471992529479051,-0.003471992529479051,5.0,0.0,-0.003471992529479051,0.0,-0.0,0.0,-0.0,0.5678049499659855,0.35,1.0
2016-10-17,181.8219451904297,1,2010-03-16,2016-03-15,2016-03-16,2017-03-15,1,0.5911157914648603,1.0,0.006262230000076308,0.006262230000076308,5.0,0.0,0.006262230000076308,0.0,0.0,0.0,0.0,0.5911157914648603,0.35,1.0
2016-10-18,182.96055603027344,1,2010-03-16,2016-03-15,2016-03-16,2017-03-15,1,0.5517017706409495,1.0,0.00266744439328348,0.00266744439328348,5.0,0.0,0.00266744439328348,0.0,0.0,0.0,0.0,0.5517017706409495,0.65,1.0
2016-10-19,183.44859313964844,1,2010-03-16,2016-03-15,2016-03-16,2017-03-15,0,0.5719720348123811,1.0,-0.0018668350400379286,-0.0018668350400379286,5.0,0.0,-0.0018668350400379286,0.0,-0.0,0.0,-0.0,0.5719720348123811,0.35,1.0
2016-10-20,183.1061248779297,1,2010-03-16,2016-03-15,2016-03-16,2017-03-15,1,0.5913212490242136,1.0,0.0004671649926588639,0.0004671649926588639,5.0,0.0,0.0004671649926588639,0.0,0.0,0.0,0.0,0.5913212490242136,0.35,1.0
2016-10-21,183.19166564941406,1,2010-03-16,2016-03-15,2016-03-16,2017-03-15,1,0.5815229910027361,1.0,0.004252831312992811,0.004252831312992811,5.0,0.0,0.004252831312992811,0.0,0.0,0.0,0.0,0.5815229910027361,0.35,1.0
2016-10-24,183.9707489013672,1,2010-03-16,2016-03-15,2016-03-16,2017-03-15,0,0.5595358884010544,1.0,-0.00335058320650905,-0.00335058320650905,5.0,0.0,-0.00335058320650905,0.0,-0.0,0.0,-0.0,0.5595358884010544,0.65,1.0
2016-10-25,183.35433959960938,1,2010-03-16,2016-03-15,2016-03-16,2017-03-15,0,0.5884570675830515,1.0,-0.0020078543246637715,-0.0020078543246637715,5.0,0.0,-0.0020078543246637715,0.0,-0.0,0.0,-0.0,0.5884570675830515,0.35,1.0
2016-10-26,182.98619079589844,1,2010-03-16,2016-03-15,2016-03-16,2017-03-15,0,0.5951617649870309,1.0,-0.0026665703817227993,-0.0026665703817227993,5.0,0.0,-0.0026665703817227993,0.0,-0.0,0.0,-0.0,0.5951617649870309,0.35,1.0
2016-10-27,182.4982452392578,1,2010-03-16,2016-03-15,2016-03-16,2017-03-15,0,0.5815051537157699,1.0,-0.002955551347154972,-0.002955551347154972,5.0,0.0,-0.002955551347154972,0.0,-0.0,0.0,-0.0,0.5815051537157699,0.35,1.0
2016-10-28,181.9588623046875,1,2010-03-16,2016-03-15,2016-03-16,2017-03-15,1,0.6094791019436975,1.0,4.763160242782227e-05,4.763160242782227e-05,5.0,0.0,4.763160242782227e-05,0.0,0.0,0.0,0.0,0.6094791019436975,0.35,1.0
2016-10-31,181.967529296875,1,2010-03-16,2016-03-15,2016-03-16,2017-03-15,0,0.5846151116271389,1.0,-0.007245780108111832,-0.007245780108111832,5.0,0.0,-0.007245780108111832,0.0,-0.0,0.0,-0.0,0.5846151116271389,0.35,1.0
2016-11-01,180.64903259277344,1,2010-03-16,2016-03-15,2016-03-16,2017-03-15,0,0.6125212890040157,1.0,-0.006018659491520251,-0.006018659491520251,5.0,0.0,-0.006018659491520251,0.0,-0.0,0.0,-0.0,0.6125212890040157,0.35,1.0
2016-11-02,179.561767578125,1,2010-03-16,2016-03-15,2016-03-16,2017-03-15,0,0.6149167625921613,1.0,-0.004577081789567394,-0.004577081789567394,5.0,0.0,-0.004577081789567394,0.0,-0.0,0.0,-0.0,0.6149167625921613,0.35,1.0
2016-11-03,178.73989868164062,1,2010-03-16,2016-03-15,2016-03-16,2017-03-15,0,0.61282977136898,1.0,-0.0011015120671189482,-0.0011015120671189482,5.0,0.0,-0.0011015120671189482,0.0,-0.0,0.0,-0.0,0.61282977136898,0.35,1.0
2016-11-04,178.5430145263672,1,2010-03-16,2016-03-15,2016-03-16,2017-03-15,1,0.6146999389720359,1.0,0.022056842174533076,0.022056842174533076,5.0,0.0,0.022056842174533076,0.0,0.0,0.0,0.0,0.6146999389720359,0.35,1.0
2016-11-07,182.48110961914062,1,2010-03-16,2016-03-15,2016-03-16,2017-03-15,1,0.5836304313284009,1.0,0.004503941021559932,0.004503941021559932,5.0,0.0,0.004503941021559932,0.0,0.0,0.0,0.0,0.5836304313284009,0.35,1.0
2016-11-08,183.30299377441406,1,2010-03-16,2016-03-15,2016-03-16,2017-03-15,1,0.6094547634715299,1.0,0.010602146268046786,0.010602146268046786,5.0,0.0,0.010602146268046786,0.0,0.0,0.0,0.0,0.6094547634715299,0.65,1.0
2016-11-09,185.24639892578125,1,2010-03-16,2016-03-15,2016-03-16,2017-03-15,1,0.5954502385194725,1.0,0.0024955709525655845,0.0024955709525655845,5.0,0.0,0.0024955709525655845,1.0,0.0024955709525655845,0.0005,0.0019955709525655845,0.5954502385194725,0.65,1.0
2016-11-10,185.7086944580078,1,2010-03-16,2016-03-15,2016-03-16,2017-03-15,0,0.5768280759234161,1.0,-0.002304897743374279,-0.002304897743374279,5.0,0.0,-0.002304897743374279,1.0,-0.002304897743374279,0.0,-0.002304897743374279,0.5768280759234161,0.65,1.0
2016-11-11,185.28065490722656,1,2010-03-16,2016-03-15,2016-03-16,2017-03-15,1,0.5463859297566267,1.0,0.0007854196724528251,0.0007854196724528251,5.0,0.0,0.0007854196724528251,1.0,0.0007854196724528251,0.0,0.0007854196724528251,0.5463859297566267,0.65,1.0
2016-11-14,185.42617797851562,1,2010-03-16,2016-03-15,2016-03-16,2017-03-15,1,0.5579120157192494,1.0,0.007802773020937126,0.007802773020937126,5.0,0.0,0.007802773020937126,1.0,0.007802773020937126,0.0,0.007802773020937126,0.5579120157192494,0.65,1.0
2016-11-15,186.87301635742188,1,2010-03-16,2016-03-15,2016-03-16,2017-03-15,0,0.5392660550729466,1.0,-0.0018784330088160717,-0.0018784330088160717,5.0,0.0,-0.0018784330088160717,1.0,-0.0018784330088160717,0.0,-0.0018784330088160717,0.5392660550729466,0.65,1.0
2016-11-16,186.52198791503906,1,2010-03-16,2016-03-15,2016-03-16,2017-03-15,1,0.5557406245838882,1.0,0.005140583144257027,0.005140583144257027,5.0,0.0,0.005140583144257027,1.0,0.005140583144257027,0.0,0.005140583144257027,0.5557406245838882,0.65,1.0
2016-11-17,187.48081970214844,1,2010-03-16,2016-03-15,2016-03-16,2017-03-15,0,0.5257599077569631,1.0,-0.002237533575822348,-0.002237533575822348,5.0,0.0,-0.002237533575822348,1.0,-0.002237533575822348,0.0,-0.002237533575822348,0.5257599077569631,0.65,1.0
2016-11-18,187.0613250732422,1,2010-03-16,2016-03-15,2016-03-16,2017-03-15,1,0.5202202618217067,1.0,0.007551521703895281,0.007551521703895281,5.0,0.0,0.007551521703895281,1.0,0.007551521703895281,0.0,0.007551521703895281,0.5202202618217067,0.65,1.0
2016-11-21,188.4739227294922,1,2010-03-16,2016-03-15,2016-03-16,2017-03-15,1,0.5300624918659326,1.0,0.0019533142748842103,0.0019533142748842103,5.0,0.0,0.0019533142748842103,1.0,0.0019533142748842103,0.0,0.0019533142748842103,0.5300624918659326,0.65,1.0
2016-11-22,188.84207153320312,1,2010-03-16,2016-03-15,2016-03-16,2017-03-15,1,0.5413452481597365,1.0,0.0005441196694815353,0.0005441196694815353,5.0,0.0,0.0005441196694815353,1.0,0.0005441196694815353,0.0,0.0005441196694815353,0.5413452481597365,0.65,1.0
2016-11-23,188.94482421875,1,2010-03-16,2016-03-15,2016-03-16,2017-03-15,1,0.5294938713102796,1.0,0.003715267638173536,0.003715267638173536,5.0,0.0,0.003715267638173536,1.0,0.003715267638173536,0.0,0.003715267638173536,0.5294938713102796,0.65,1.0
2016-11-25,189.6468048095703,1,2010-03-16,2016-03-15,2016-03-16,2017-03-15,0,0.5218388740415594,1.0,-0.0046947816636874196,-0.0046947816636874196,5.0,0.0,-0.0046947816636874196,1.0,-0.0046947816636874196,0.0,-0.0046947816636874196,0.5218388740415594,0.65,1.0
2016-11-28,188.75645446777344,1,2010-03-16,2016-03-15,2016-03-16,2017-03-15,1,0.5204361761437616,1.0,0.0019503097044277773,0.0019503097044277773,5.0,0.0,0.0019503097044277773,1.0,0.0019503097044277773,0.0,0.0019503097044277773,0.5204361761437616,0.65,1.0
2016-11-29,189.1245880126953,1,2010-03-16,2016-03-15,2016-03-16,2017-03-15,0,0.5207356697607998,1.0,-0.002399134646268397,-0.002399134646268397,5.0,0.0,-0.002399134646268397,1.0,-0.002399134646268397,0.0,-0.002399134646268397,0.5207356697607998,0.65,1.0
2016-11-30,188.6708526611328,1,2010-03-16,2016-03-15,2016-03-16,2017-03-15,0,0.5456926980265073,1.0,-0.0036755342796321866,-0.0036755342796321866,5.0,0.0,-0.0036755342796321866,1.0,-0.0036755342796321866,0.0,-0.0036755342796321866,0.5456926980265073,0.65,1.0
2016-12-01,187.97738647460938,1,2010-03-16,2016-03-15,2016-03-16,2017-03-15,1,0.5358037024326578,1.0,0.000500840714307671,0.000500840714307671,5.0,0.0,0.000500840714307671,1.0,0.000500840714307671,0.0,0.000500840714307671,0.5358037024326578,0.65,1.0
2016-12-02,188.071533203125,1,2010-03-16,2016-03-15,2016-03-16,2017-03-15,1,0.5256812102740964,1.0,0.0060091083039848225,0.0060091083039848225,5.0,0.0,0.0060091083039848225,1.0,0.0060091083039848225,0.0,0.0060091083039848225,0.5256812102740964,0.65,1.0
2016-12-05,189.20167541503906,1,2010-03-16,2016-03-15,2016-03-16,2017-03-15,1,0.500418327525302,1.0,0.003167138472526476,0.003167138472526476,5.0,0.0,0.003167138472526476,1.0,0.003167138472526476,0.0,0.003167138472526476,0.500418327525302,0.65,1.0
2016-12-06,189.8009033203125,1,2010-03-16,2016-03-15,2016-03-16,2017-03-15,1,0.5371773362678107,1.0,0.013080691436917702,0.013080691436917702,5.0,0.0,0.013080691436917702,1.0,0.013080691436917702,0.0,0.013080691436917702,0.5371773362678107,0.65,1.0
2016-12-07,192.28363037109375,1,2010-03-16,2016-03-15,2016-03-16,2017-03-15,1,0.5174549083975153,1.0,0.0024489148117288195,0.0024489148117288195,5.0,0.0,0.0024489148117288195,1.0,0.0024489148117288195,0.0,0.0024489148117288195,0.5174549083975153,0.65,1.0
2016-12-08,192.7545166015625,1,2010-03-16,2016-03-15,2016-03-16,2017-03-15,1,0.5403359453910741,1.0,0.006040359837750087,0.006040359837750087,5.0,0.0,0.006040359837750087,1.0,0.006040359837750087,0.0,0.006040359837750087,0.5403359453910741,0.65,1.0
2016-12-09,193.9188232421875,1,2010-03-16,2016-03-15,2016-03-16,2017-03-15,0,0.5219459501822626,1.0,-0.0011477209563491853,-0.0011477209563491853,5.0,0.0,-0.0011477209563491853,1.0,-0.0011477209563491853,0.0,-0.0011477209563491853,0.5219459501822626,0.65,1.0
2016-12-12,193.69625854492188,1,2010-03-16,2016-03-15,2016-03-16,2017-03-15,1,0.532042422783895,1.0,0.006673820658735563,0.006673820658735563,5.0,0.0,0.006673820658735563,1.0,0.006673820658735563,0.0,0.006673820658735563,0.532042422783895,0.65,1.0
2016-12-13,194.98895263671875,1,2010-03-16,2016-03-15,2016-03-16,2017-03-15,0,0.517740232490964,1.0,-0.008253985743257863,-0.008253985743257863,5.0,0.0,-0.008253985743257863,1.0,-0.008253985743257863,0.0,-0.008253985743257863,0.517740232490964,0.65,1.0
2016-12-14,193.3795166015625,1,2010-03-16,2016-03-15,2016-03-16,2017-03-15,1,0.5613287498270755,1.0,0.004117311012426184,0.004117311012426184,5.0,0.0,0.004117311012426184,1.0,0.004117311012426184,0.0,0.004117311012426184,0.5613287498270755,0.65,1.0
2016-12-15,194.17572021484375,1,2010-03-16,2016-03-15,2016-03-16,2017-03-15,0,0.5253592773247796,1.0,-0.0019560724529488205,-0.0019560724529488205,5.0,0.0,-0.0019560724529488205,1.0,-0.0019560724529488205,0.0,-0.0019560724529488205,0.5253592773247796,0.65,1.0
2016-12-16,193.7958984375,1,2010-03-16,2016-03-15,2016-03-16,2017-03-15,1,0.5394933897827502,1.0,0.002177612284388175,0.002177612284388175,5.0,0.0,0.002177612284388175,1.0,0.002177612284388175,0.0,0.002177612284388175,0.5394933897827502,0.65,1.0
2016-12-19,194.21791076660156,1,2010-03-16,2016-03-15,2016-03-16,2017-03-15,1,0.5186687924746576,1.0,0.0038573992606218965,0.0038573992606218965,5.0,0.0,0.0038573992606218965,1.0,0.0038573992606218965,0.0,0.0038573992606218965,0.5186687924746576,0.65,1.0
2016-12-20,194.9670867919922,1,2010-03-16,2016-03-15,2016-03-16,2017-03-15,0,0.5289508980254423,1.0,-0.0027823424911697092,-0.0027823424911697092,5.0,0.0,-0.0027823424911697092,1.0,-0.0027823424911697092,0.0,-0.0027823424911697092,0.5289508980254423,0.65,1.0
2016-12-21,194.42462158203125,1,2010-03-16,2016-03-15,2016-03-16,2017-03-15,0,0.5285425182867809,1.0,-0.0017275407924712827,-0.0017275407924712827,5.0,0.0,-0.0017275407924712827,1.0,-0.0017275407924712827,0.0,-0.0017275407924712827,0.5285425182867809,0.65,1.0
2016-12-22,194.0887451171875,1,2010-03-16,2016-03-15,2016-03-16,2017-03-15,1,0.526514878828354,1.0,0.001463938112234553,0.001463938112234553,5.0,0.0,0.001463938112234553,1.0,0.001463938112234553,0.0,0.001463938112234553,0.526514878828354,0.65,1.0
2016-12-23,194.3728790283203,1,2010-03-16,2016-03-15,2016-03-16,2017-03-15,1,0.5256486230289454,1.0,0.002481233741607358,0.002481233741607358,5.0,0.0,0.002481233741607358,1.0,0.002481233741607358,0.0,0.002481233741607358,0.5256486230289454,0.65,1.0
2016-12-27,194.85516357421875,1,2010-03-16,2016-03-15,2016-03-16,2017-03-15,0,0.5254796471024394,1.0,-0.008264821345732365,-0.008264821345732365,5.0,0.0,-0.008264821345732365,1.0,-0.008264821345732365,0.0,-0.008264821345732365,0.5254796471024394,0.65,1.0
2016-12-28,193.24472045898438,1,2010-03-16,2016-03-15,2016-03-16,2017-03-15,0,0.5740240996765392,1.0,-0.00022251199140654876,-0.00022251199140654876,5.0,0.0,-0.00022251199140654876,1.0,-0.00022251199140654876,0.0,-0.00022251199140654876,0.5740240996765392,0.65,1.0
2016-12-29,193.20172119140625,1,2010-03-16,2016-03-15,2016-03-16,2017-03-15,0,0.5453694364375614,1.0,-0.0036551266389230896,-0.0036551266389230896,5.0,0.0,-0.0036551266389230896,1.0,-0.0036551266389230896,0.0,-0.0036551266389230896,0.5453694364375614,0.65,1.0
2016-12-30,192.49554443359375,1,2010-03-16,2016-03-15,2016-03-16,2017-03-15,1,0.5683090846564078,1.0,0.007649943069527376,0.007649943069527376,5.0,0.0,0.007649943069527376,1.0,0.007649943069527376,0.0,0.007649943069527376,0.5683090846564078,0.65,1.0
2017-01-03,193.96812438964844,1,2010-03-16,2016-03-15,2016-03-16,2017-03-15,1,0.5514829173710762,1.0,0.005949309681994697,0.005949309681994697,5.0,0.0,0.005949309681994697,1.0,0.005949309681994697,0.0,0.005949309681994697,0.5514829173710762,0.65,1.0
2017-01-04,195.12210083007812,1,2010-03-16,2016-03-15,2016-03-16,2017-03-15,0,0.5771568790846409,1.0,-0.0007944463360454179,-0.0007944463360454179,5.0,0.0,-0.0007944463360454179,1.0,-0.0007944463360454179,0.0,-0.0007944463360454179,0.5771568790846409,0.65,1.0
2017-01-05,194.9670867919922,1,2010-03-16,2016-03-15,2016-03-16,2017-03-15,1,0.5596388911107926,1.0,0.0035777335276456768,0.0035777335276456768,5.0,0.0,0.0035777335276456768,1.0,0.0035777335276456768,0.0,0.0035777335276456768,0.5596388911107926,0.65,1.0
2017-01-06,195.6646270751953,1,2010-03-16,2016-03-15,2016-03-16,2017-03-15,0,0.5521280308452104,1.0,-0.0033010797642406553,-0.0033010797642406553,5.0,0.0,-0.0033010797642406553,1.0,-0.0033010797642406553,0.0,-0.0033010797642406553,0.5521280308452104,0.65,1.0
2017-01-09,195.0187225341797,1,2010-03-16,2016-03-15,2016-03-16,2017-03-15,0,0.543321537251247,1.0,0.0,0.0,5.0,0.0,0.0,1.0,0.0,0.0,0.0,0.543321537251247,0.65,1.0
2017-01-10,195.0187225341797,1,2010-03-16,2016-03-15,2016-03-16,2017-03-15,1,0.5541779191589215,1.0,0.0028263606188276835,0.0028263606188276835,5.0,0.0,0.0028263606188276835,1.0,0.0028263606188276835,0.0,0.0028263606188276835,0.5541779191589215,0.65,1.0
2017-01-11,195.56991577148438,1,2010-03-16,2016-03-15,2016-03-16,2017-03-15,0,0.5732261189121454,1.0,-0.0025102072502880546,-0.0025102072502880546,5.0,0.0,-0.0025102072502880546,1.0,-0.0025102072502880546,0.0,-0.0025102072502880546,0.5732261189121454,0.65,1.0
2017-01-12,195.07899475097656,1,2010-03-16,2016-03-15,2016-03-16,2017-03-15,1,0.572744604308692,1.0,0.0022957133829608622,0.0022957133829608622,5.0,0.0,0.0022957133829608622,1.0,0.0022957133829608622,0.0,0.0022957133829608622,0.572744604308692,0.65,1.0
2017-01-13,195.52684020996094,1,2010-03-16,2016-03-15,2016-03-16,2017-03-15,0,0.557795431517782,1.0,-0.0035233989698960633,-0.0035233989698960633,5.0,0.0,-0.0035233989698960633,1.0,-0.0035233989698960633,0.0,-0.0035233989698960633,0.557795431517782,0.65,1.0
2017-01-17,194.83792114257812,1,2010-03-16,2016-03-15,2016-03-16,2017-03-15,1,0.5587535056202427,1.0,0.0022098226487516914,0.0022098226487516914,5.0,0.0,0.0022098226487516914,1.0,0.0022098226487516914,0.0,0.0022098226487516914,0.5587535056202427,0.65,1.0
2017-01-18,195.2684783935547,1,2010-03-16,2016-03-15,2016-03-16,2017-03-15,0,0.5589941029018932,1.0,-0.0037042724082733125,-0.0037042724082733125,5.0,0.0,-0.0037042724082733125,1.0,-0.0037042724082733125,0.0,-0.0037042724082733125,0.5589941029018932,0.65,1.0
2017-01-19,194.54515075683594,1,2010-03-16,2016-03-15,2016-03-16,2017-03-15,1,0.570887189655365,1.0,0.0036738087631946748,0.0036738087631946748,5.0,0.0,0.0036738087631946748,1.0,0.0036738087631946748,0.0,0.0036738087631946748,0.570887189655365,0.65,1.0
2017-01-20,195.25987243652344,1,2010-03-16,2016-03-15,2016-03-16,2017-03-15,0,0.5652609226238591,1.0,-0.002601794811742608,-0.002601794811742608,5.0,0.0,-0.002601794811742608,1.0,-0.002601794811742608,0.0,-0.002601794811742608,0.5652609226238591,0.65,1.0
2017-01-23,194.75184631347656,1,2010-03-16,2016-03-15,2016-03-16,2017-03-15,1,0.5735648295346649,1.0,0.006411529596246579,0.006411529596246579,5.0,0.0,0.006411529596246579,1.0,0.006411529596246579,0.0,0.006411529596246579,0.5735648295346649,0.65,1.0
2017-01-24,196.00050354003906,1,2010-03-16,2016-03-15,2016-03-16,2017-03-15,1,0.5547375704134024,1.0,0.00865552585894891,0.00865552585894891,5.0,0.0,0.00865552585894891,1.0,0.00865552585894891,0.0,0.00865552585894891,0.5547375704134024,0.65,1.0
2017-01-25,197.69699096679688,1,2010-03-16,2016-03-15,2016-03-16,2017-03-15,0,0.5641823007428938,1.0,-0.001045439775490986,-0.001045439775490986,5.0,0.0,-0.001045439775490986,1.0,-0.001045439775490986,0.0,-0.001045439775490986,0.5641823007428938,0.65,1.0
2017-01-26,197.4903106689453,1,2010-03-16,2016-03-15,2016-03-16,2017-03-15,0,0.5656005057172068,1.0,-0.0015697621636865389,-0.0015697621636865389,5.0,0.0,-0.0015697621636865389,1.0,-0.0015697621636865389,0.0,-0.0015697621636865389,0.5656005057172068,0.65,1.0
2017-01-27,197.1802978515625,1,2010-03-16,2016-03-15,2016-03-16,2017-03-15,0,0.5564728227425132,1.0,-0.00620209484176637,-0.00620209484176637,5.0,0.0,-0.00620209484176637,1.0,-0.00620209484176637,0.0,-0.00620209484176637,0.5564728227425132,0.65,1.0
2017-01-30,195.95736694335938,1,2010-03-16,2016-03-15,2016-03-16,2017-03-15,0,0.5468183432500664,1.0,-8.75235219465198e-05,-8.75235219465198e-05,5.0,0.0,-8.75235219465198e-05,1.0,-8.75235219465198e-05,0.0,-8.75235219465198e-05,0.5468183432500664,0.65,1.0
2017-01-31,195.94021606445312,1,2010-03-16,2016-03-15,2016-03-16,2017-03-15,1,0.5373375162727553,1.0,0.00039544781778677596,0.00039544781778677596,5.0,0.0,0.00039544781778677596,1.0,0.00039544781778677596,0.0,0.00039544781778677596,0.5373375162727553,0.65,1.0
2017-02-01,196.0177001953125,1,2010-03-16,2016-03-15,2016-03-16,2017-03-15,1,0.5658963447427253,1.0,0.0006587153757962039,0.0006587153757962039,5.0,0.0,0.0006587153757962039,1.0,0.0006587153757962039,0.0,0.0006587153757962039,0.5658963447427253,0.65,1.0
2017-02-02,196.14682006835938,1,2010-03-16,2016-03-15,2016-03-16,2017-03-15,1,0.5563527366125238,1.0,0.006893054808529531,0.006893054808529531,5.0,0.0,0.006893054808529531,1.0,0.006893054808529531,0.0,0.006893054808529531,0.5563527366125238,0.65,1.0
2017-02-03,197.49887084960938,1,2010-03-16,2016-03-15,2016-03-16,2017-03-15,0,0.5516412966763189,1.0,-0.001787799481522745,-0.001787799481522745,5.0,0.0,-0.001787799481522745,1.0,-0.001787799481522745,0.0,-0.001787799481522745,0.5516412966763189,0.65,1.0
2017-02-06,197.14578247070312,1,2010-03-16,2016-03-15,2016-03-16,2017-03-15,1,0.5428138650311999,1.0,4.403975001521232e-05,4.403975001521232e-05,5.0,0.0,4.403975001521232e-05,1.0,4.403975001521232e-05,0.0,4.403975001521232e-05,0.5428138650311999,0.65,1.0
2017-02-07,197.1544647216797,1,2010-03-16,2016-03-15,2016-03-16,2017-03-15,1,0.5410671846866958,1.0,0.0013101442141554287,0.0013101442141554287,5.0,0.0,0.0013101442141554287,1.0,0.0013101442141554287,0.0,0.0013101442141554287,0.5410671846866958,0.65,1.0
2017-02-08,197.4127655029297,1,2010-03-16,2016-03-15,2016-03-16,2017-03-15,1,0.5413834174421827,1.0,0.005932842636019453,0.005932842636019453,5.0,0.0,0.005932842636019453,1.0,0.005932842636019453,0.0,0.005932842636019453,0.5413834174421827,0.65,1.0
2017-02-09,198.583984375,1,2010-03-16,2016-03-15,2016-03-16,2017-03-15,1,0.5383397341791972,1.0,0.003946320998278852,0.003946320998278852,5.0,0.0,0.003946320998278852,1.0,0.003946320998278852,0.0,0.003946320998278852,0.5383397341791972,0.65,1.0
2017-02-10,199.36766052246094,1,2010-03-16,2016-03-15,2016-03-16,2017-03-15,1,0.5472624015746126,1.0,0.005442469894018309,0.005442469894018309,5.0,0.0,0.005442469894018309,1.0,0.005442469894018309,0.0,0.005442469894018309,0.5472624015746126,0.65,1.0
2017-02-13,200.4527130126953,1,2010-03-16,2016-03-15,2016-03-16,2017-03-15,1,0.5358366504204097,1.0,0.003995168102840951,0.003995168102840951,5.0,0.0,0.003995168102840951,1.0,0.003995168102840951,0.0,0.003995168102840951,0.5358366504204097,0.65,1.0
2017-02-14,201.25355529785156,1,2010-03-16,2016-03-15,2016-03-16,2017-03-15,1,0.5370124555150527,1.0,0.00522049868556862,0.00522049868556862,5.0,0.0,0.00522049868556862,1.0,0.00522049868556862,0.0,0.00522049868556862,0.5370124555150527,0.65,1.0
2017-02-15,202.30419921875,1,2010-03-16,2016-03-15,2016-03-16,2017-03-15,0,0.5283783293009817,1.0,-0.0008513216869127094,-0.0008513216869127094,5.0,0.0,-0.0008513216869127094,1.0,-0.0008513216869127094,0.0,-0.0008513216869127094,0.5283783293009817,0.65,1.0
2017-02-16,202.13197326660156,1,2010-03-16,2016-03-15,2016-03-16,2017-03-15,1,0.5290888067434251,1.0,0.00157636631183955,0.00157636631183955,5.0,0.0,0.00157636631183955,1.0,0.00157636631183955,0.0,0.00157636631183955,0.5290888067434251,0.65,1.0
2017-02-17,202.4506072998047,1,2010-03-16,2016-03-15,2016-03-16,2017-03-15,1,0.5039677910101661,1.0,0.005955168312342218,0.005955168312342218,5.0,0.0,0.005955168312342218,1.0,0.005955168312342218,0.0,0.005955168312342218,0.5039677910101661,0.65,1.0
2017-02-21,203.65623474121094,1,2010-03-16,2016-03-15,2016-03-16,2017-03-15,0,0.5005042911273788,1.0,-0.0008880770430997886,-0.0008880770430997886,5.0,0.0,-0.0008880770430997886,1.0,-0.0008880770430997886,0.0,-0.0008880770430997886,0.5005042911273788,0.65,1.0
2017-02-22,203.47537231445312,1,2010-03-16,2016-03-15,2016-03-16,2017-03-15,1,0.5070852677075526,1.0,0.0006772422748562157,0.0006772422748562157,5.0,0.0,0.0006772422748562157,1.0,0.0006772422748562157,0.0,0.0006772422748562157,0.5070852677075526,0.65,1.0
2017-02-23,203.61317443847656,1,2010-03-16,2016-03-15,2016-03-16,2017-03-15,1,0.5064903448824372,1.0,0.001268585797369548,0.001268585797369548,5.0,0.0,0.001268585797369548,1.0,0.001268585797369548,0.0,0.001268585797369548,0.5064903448824372,0.65,1.0
2017-02-24,203.87147521972656,1,2010-03-16,2016-03-15,2016-03-16,2017-03-15,1,0.5066182950380765,1.0,0.001563215589703626,0.001563215589703626,5.0,0.0,0.001563215589703626,1.0,0.001563215589703626,0.0,0.001563215589703626,0.5066182950380765,0.65,1.0
2017-02-27,204.19017028808594,1,2010-03-16,2016-03-15,2016-03-16,2017-03-15,0,0.49436768887052107,1.0,-0.002699411223013426,-0.002699411223013426,5.0,0.0,-0.002699411223013426,1.0,-0.002699411223013426,0.0,-0.002699411223013426,0.49436768887052107,0.65,1.0
2017-02-28,203.63897705078125,1,2010-03-16,2016-03-15,2016-03-16,2017-03-15,1,0.516570881648375,1.0,0.013997409199858257,0.013997409199858257,5.0,0.0,0.013997409199858257,1.0,0.013997409199858257,0.0,0.013997409199858257,0.516570881648375,0.65,1.0
2017-03-01,206.48939514160156,1,2010-03-16,2016-03-15,2016-03-16,2017-03-15,0,0.5077620095910795,1.0,-0.00629736333057429,-0.00629736333057429,5.0,0.0,-0.00629736333057429,1.0,-0.00629736333057429,0.0,-0.00629736333057429,0.5077620095910795,0.65,1.0
2017-03-02,205.18905639648438,1,2010-03-16,2016-03-15,2016-03-16,2017-03-15,1,0.5355044938925941,1.0,0.0006297188946158272,0.0006297188946158272,5.0,0.0,0.0006297188946158272,1.0,0.0006297188946158272,0.0,0.0006297188946158272,0.5355044938925941,0.65,1.0
2017-03-03,205.31826782226562,1,2010-03-16,2016-03-15,2016-03-16,2017-03-15,0,0.5060781387483533,1.0,-0.0029778374103300864,-0.0029778374103300864,5.0,0.0,-0.0029778374103300864,1.0,-0.0029778374103300864,0.0,-0.0029778374103300864,0.5060781387483533,0.65,1.0
2017-03-06,204.7068634033203,1,2010-03-16,2016-03-15,2016-03-16,2017-03-15,0,0.5132821797451236,1.0,-0.0029869550299728154,-0.0029869550299728154,5.0,0.0,-0.0029869550299728154,1.0,-0.0029869550299728154,0.0,-0.0029869550299728154,0.5132821797451236,0.65,1.0
2017-03-07,204.0954132080078,1,2010-03-16,2016-03-15,2016-03-16,2017-03-15,0,0.5109316298332047,1.0,-0.0018565152643280625,-0.0018565152643280625,5.0,0.0,-0.0018565152643280625,1.0,-0.0018565152643280625,0.0,-0.0018565152643280625,0.5109316298332047,0.65,1.0
2017-03-08,203.7165069580078,1,2010-03-16,2016-03-15,2016-03-16,2017-03-15,1,0.5437407362294238,1.0,0.001268167030128886,0.001268167030128886,5.0,0.0,0.001268167030128886,1.0,0.001268167030128886,0.0,0.001268167030128886,0.5437407362294238,0.65,1.0
2017-03-09,203.974853515625,1,2010-03-16,2016-03-15,2016-03-16,2017-03-15,1,0.5270488785393723,1.0,0.0035041939912456854,0.0035041939912456854,5.0,0.0,0.0035041939912456854,1.0,0.0035041939912456854,0.0,0.0035041939912456854,0.5270488785393723,0.65,1.0
2017-03-10,204.6896209716797,1,2010-03-16,2016-03-15,2016-03-16,2017-03-15,1,0.5327032378806058,1.0,0.0005046017608207887,0.0005046017608207887,5.0,0.0,0.0005046017608207887,1.0,0.0005046017608207887,0.0,0.0005046017608207887,0.5327032378806058,0.65,1.0
2017-03-13,204.79290771484375,1,2010-03-16,2016-03-15,2016-03-16,2017-03-15,0,0.5392424168345631,1.0,-0.00382622915739661,-0.00382622915739661,5.0,0.0,-0.00382622915739661,1.0,-0.00382622915739661,0.0,-0.00382622915739661,0.5392424168345631,0.65,1.0
2017-03-14,204.0093231201172,1,2010-03-16,2016-03-15,2016-03-16,2017-03-15,1,0.5336283011897983,1.0,0.008653282677465901,0.008653282677465901,5.0,0.0,0.008653282677465901,1.0,0.008653282677465901,0.0,0.008653282677465901,0.5336283011897983,0.65,1.0
2017-03-15,205.77467346191406,1,2010-03-16,2016-03-15,2016-03-16,2017-03-15,0,0.5390847403623288,1.0,-0.0019669798613325407,-0.0019669798613325407,5.0,0.0,-0.0019669798613325407,1.0,-0.0019669798613325407,0.0,-0.0019669798613325407,0.5390847403623288,0.65,1.0
2017-03-16,205.3699188232422,2,2010-03-16,2017-03-15,2017-03-16,2018-03-15,0,0.5469963244844778,1.0,-0.0017559093560554073,-0.0017559093560554073,5.0,0.0,-0.0017559093560554073,1.0,-0.0017559093560554073,0.0,-0.0017559093560554073,0.5469963244844778,0.65,1.0
2017-03-17,205.00930786132812,2,2010-03-16,2017-03-15,2017-03-16,2018-03-15,0,0.5560857472858675,1.0,-0.0010973920564117945,-0.0010973920564117945,5.0,0.0,-0.0010973920564117945,1.0,-0.0010973920564117945,0.0,-0.0010973920564117945,0.5560857472858675,0.65,1.0
2017-03-20,204.78433227539062,2,2010-03-16,2017-03-15,2017-03-16,2018-03-15,0,0.5356869237183274,1.0,-0.01283945020641919,-0.01283945020641919,5.0,0.0,-0.01283945020641919,1.0,-0.01283945020641919,0.0,-0.01283945020641919,0.5356869237183274,0.65,1.0
2017-03-21,202.15501403808594,2,2010-03-16,2017-03-15,2017-03-16,2018-03-15,1,0.5965721518785191,1.0,0.0023533352741920144,0.0023533352741920144,5.0,0.0,0.0023533352741920144,1.0,0.0023533352741920144,0.0,0.0023533352741920144,0.5965721518785191,0.35,1.0
2017-03-22,202.63075256347656,2,2010-03-16,2017-03-15,2017-03-16,2018-03-15,0,0.5493737696235412,1.0,-0.001067049489183014,-0.001067049489183014,5.0,0.0,-0.001067049489183014,1.0,-0.001067049489183014,0.0,-0.001067049489183014,0.5493737696235412,0.35,1.0
2017-03-23,202.41453552246094,2,2010-03-16,2017-03-15,2017-03-16,2018-03-15,0,0.5730916348300462,1.0,-0.0007265496452850684,-0.0007265496452850684,5.0,0.0,-0.0007265496452850684,1.0,-0.0007265496452850684,0.0,-0.0007265496452850684,0.5730916348300462,0.35,1.0
2017-03-24,202.26747131347656,2,2010-03-16,2017-03-15,2017-03-16,2018-03-15,0,0.5808150990815615,1.0,-0.0010261922308579807,-0.0010261922308579807,5.0,0.0,-0.0010261922308579807,1.0,-0.0010261922308579807,0.0,-0.0010261922308579807,0.5808150990815615,0.35,1.0
2017-03-27,202.05990600585938,2,2010-03-16,2017-03-15,2017-03-16,2018-03-15,1,0.5786967994578102,1.0,0.007277190689944479,0.007277190689944479,5.0,0.0,0.007277190689944479,1.0,0.007277190689944479,0.0,0.007277190689944479,0.5786967994578102,0.35,1.0
2017-03-28,203.53033447265625,2,2010-03-16,2017-03-15,2017-03-16,2018-03-15,1,0.537184396854126,1.0,0.000934508392357758,0.000934508392357758,5.0,0.0,0.000934508392357758,1.0,0.000934508392357758,0.0,0.000934508392357758,0.537184396854126,0.35,1.0
2017-03-29,203.7205352783203,2,2010-03-16,2017-03-15,2017-03-16,2018-03-15,1,0.5738307049569054,1.0,0.0031840991432194876,0.0031840991432194876,5.0,0.0,0.0031840991432194876,1.0,0.0031840991432194876,0.0,0.0031840991432194876,0.5738307049569054,0.35,1.0
2017-03-30,204.36920166015625,2,2010-03-16,2017-03-15,2017-03-16,2018-03-15,0,0.5730852354694073,1.0,-0.0023274653303010373,-0.0023274653303010373,5.0,0.0,-0.0023274653303010373,1.0,-0.0023274653303010373,0.0,-0.0023274653303010373,0.5730852354694073,0.35,1.0
2017-03-31,203.89353942871094,2,2010-03-16,2017-03-15,2017-03-16,2018-03-15,0,0.5865380475041785,1.0,-0.001739287657643307,-0.001739287657643307,5.0,0.0,-0.001739287657643307,1.0,-0.001739287657643307,0.0,-0.001739287657643307,0.5865380475041785,0.35,1.0
2017-04-03,203.53890991210938,2,2010-03-16,2017-03-15,2017-03-16,2018-03-15,1,0.5703813232556313,1.0,0.000637148190968384,0.000637148190968384,5.0,0.0,0.000637148190968384,1.0,0.000637148190968384,0.0,0.000637148190968384,0.5703813232556313,0.35,1.0
2017-04-04,203.66859436035156,2,2010-03-16,2017-03-15,2017-03-16,2018-03-15,0,0.5692269837920056,1.0,-0.0029724389170358023,-0.0029724389170358023,5.0,0.0,-0.0029724389170358023,1.0,-0.0029724389170358023,0.0,-0.0029724389170358023,0.5692269837920056,0.35,1.0
2017-04-05,203.06320190429688,2,2010-03-16,2017-03-15,2017-03-16,2018-03-15,1,0.5999671945498517,1.0,0.002811402206951419,0.002811402206951419,5.0,0.0,0.002811402206951419,1.0,0.002811402206951419,0.0,0.002811402206951419,0.5999671945498517,0.35,1.0
2017-04-06,203.63409423828125,2,2010-03-16,2017-03-15,2017-03-16,2018-03-15,0,0.5687448587244985,1.0,-0.0010197548751761376,-0.0010197548751761376,5.0,0.0,-0.0010197548751761376,1.0,-0.0010197548751761376,0.0,-0.0010197548751761376,0.5687448587244985,0.35,1.0
2017-04-07,203.4264373779297,2,2010-03-16,2017-03-15,2017-03-16,2018-03-15,1,0.5803865814460152,1.0,0.0005952704651412954,0.0005952704651412954,5.0,0.0,0.0005952704651412954,1.0,0.0005952704651412954,0.0,0.0005952704651412954,0.5803865814460152,0.35,1.0
2017-04-10,203.5475311279297,2,2010-03-16,2017-03-15,2017-03-16,2018-03-15,0,0.5444514460873426,1.0,-0.001189907622297981,-0.001189907622297981,5.0,0.0,-0.001189907622297981,1.0,-0.001189907622297981,0.0,-0.001189907622297981,0.5444514460873426,0.35,1.0
2017-04-11,203.30532836914062,2,2010-03-16,2017-03-15,2017-03-16,2018-03-15,0,0.5693947448151857,1.0,-0.0043815518945095056,-0.0043815518945095056,5.0,0.0,-0.0043815518945095056,1.0,-0.0043815518945095056,0.0,-0.0043815518945095056,0.5693947448151857,0.35,1.0
2017-04-12,202.41453552246094,2,2010-03-16,2017-03-15,2017-03-16,2018-03-15,0,0.5694947087837721,1.0,-0.006495148784748106,-0.006495148784748106,5.0,0.0,-0.006495148784748106,0.0,-0.0,0.0005,-0.0005,0.5694947087837721,0.35,1.0
2017-04-13,201.09982299804688,2,2010-03-16,2017-03-15,2017-03-16,2018-03-15,1,0.5890279693760366,1.0,0.00886012116900492,0.00886012116900492,5.0,0.0,0.00886012116900492,0.0,0.0,0.0,0.0,0.5890279693760366,0.35,1.0
2017-04-17,202.881591796875,2,2010-03-16,2017-03-15,2017-03-16,2018-03-15,0,0.5469263431955228,1.0,-0.002984119792587947,-0.002984119792587947,5.0,0.0,-0.002984119792587947,1.0,-0.002984119792587947,0.0005,-0.003484119792587947,0.5469263431955228,0.35,1.0
2017-04-18,202.2761688232422,2,2010-03-16,2017-03-15,2017-03-16,2018-03-15,0,0.6002403928089004,1.0,-0.00183843677881379,-0.00183843677881379,5.0,0.0,-0.00183843677881379,0.0,-0.0,0.0005,-0.0005,0.6002403928089004,0.35,1.0
2017-04-19,201.904296875,2,2010-03-16,2017-03-15,2017-03-16,2018-03-15,1,0.5895094856299219,1.0,0.00813867896009679,0.00813867896009679,5.0,0.0,0.00813867896009679,0.0,0.0,0.0,0.0,0.5895094856299219,0.35,1.0
2017-04-20,203.5475311279297,2,2010-03-16,2017-03-15,2017-03-16,2018-03-15,0,0.5691253532712645,1.0,-0.003186880415745774,-0.003186880415745774,5.0,0.0,-0.003186880415745774,1.0,-0.003186880415745774,0.0005,-0.003686880415745774,0.5691253532712645,0.65,1.0
2017-04-21,202.8988494873047,2,2010-03-16,2017-03-15,2017-03-16,2018-03-15,1,0.5762280595998156,1.0,0.010997896621531611,0.010997896621531611,5.0,0.0,0.010997896621531611,0.0,0.0,0.0005,-0.0005,0.5762280595998156,0.65,1.0
2017-04-24,205.13031005859375,2,2010-03-16,2017-03-15,2017-03-16,2018-03-15,1,0.5565647379125489,1.0,0.005818980586785205,0.005818980586785205,5.0,0.0,0.005818980586785205,1.0,0.005818980586785205,0.0005,0.005318980586785205,0.5565647379125489,0.65,1.0
2017-04-25,206.32395935058594,2,2010-03-16,2017-03-15,2017-03-16,2018-03-15,0,0.551959851792491,1.0,-0.000629139334875406,-0.000629139334875406,5.0,0.0,-0.000629139334875406,1.0,-0.000629139334875406,0.0,-0.000629139334875406,0.551959851792491,0.65,1.0
2017-04-26,206.19415283203125,2,2010-03-16,2017-03-15,2017-03-16,2018-03-15,1,0.5532224826024109,1.0,0.0008390351909326466,0.0008390351909326466,5.0,0.0,0.0008390351909326466,1.0,0.0008390351909326466,0.0,0.0008390351909326466,0.5532224826024109,0.65,1.0
2017-04-27,206.36715698242188,2,2010-03-16,2017-03-15,2017-03-16,2018-03-15,0,0.5437214403422552,1.0,-0.0021794556507097607,-0.0021794556507097607,5.0,0.0,-0.0021794556507097607,1.0,-0.0021794556507097607,0.0,-0.0021794556507097607,0.5437214403422552,0.65,1.0
2017-04-28,205.91738891601562,2,2010-03-16,2017-03-15,2017-03-16,2018-03-15,1,0.5303458674919487,1.0,0.002520192290449419,0.002520192290449419,5.0,0.0,0.002520192290449419,1.0,0.002520192290449419,0.0,0.002520192290449419,0.5303458674919487,0.65,1.0
2017-05-01,206.43634033203125,2,2010-03-16,2017-03-15,2017-03-16,2018-03-15,1,0.5471916856642757,1.0,0.0003771894059965142,0.0003771894059965142,5.0,0.0,0.0003771894059965142,1.0,0.0003771894059965142,0.0,0.0003771894059965142,0.5471916856642757,0.65,1.0
2017-05-02,206.5142059326172,2,2010-03-16,2017-03-15,2017-03-16,2018-03-15,0,0.5502632093101135,1.0,-0.0012145603905390212,-0.0012145603905390212,5.0,0.0,-0.0012145603905390212,1.0,-0.0012145603905390212,0.0,-0.0012145603905390212,0.5502632093101135,0.65,1.0
2017-05-03,206.2633819580078,2,2010-03-16,2017-03-15,2017-03-16,2018-03-15,1,0.5443618439160808,1.0,0.0011743141961448877,0.0011743141961448877,5.0,0.0,0.0011743141961448877,1.0,0.0011743141961448877,0.0,0.0011743141961448877,0.5443618439160808,0.65,1.0
2017-05-04,206.50559997558594,2,2010-03-16,2017-03-15,2017-03-16,2018-03-15,1,0.5259311502855382,1.0,0.003936586931249542,0.003936586931249542,5.0,0.0,0.003936586931249542,1.0,0.003936586931249542,0.0,0.003936586931249542,0.5259311502855382,0.65,1.0
2017-05-05,207.3185272216797,2,2010-03-16,2017-03-15,2017-03-16,2018-03-15,0,0.5205005680342413,1.0,-0.0001666319884694456,-0.0001666319884694456,5.0,0.0,-0.0001666319884694456,1.0,-0.0001666319884694456,0.0,-0.0001666319884694456,0.5205005680342413,0.65,1.0
2017-05-08,207.2839813232422,2,2010-03-16,2017-03-15,2017-03-16,2018-03-15,0,0.5309118443886351,1.0,-0.0009179537096629664,-0.0009179537096629664,5.0,0.0,-0.0009179537096629664,1.0,-0.0009179537096629664,0.0,-0.0009179537096629664,0.5309118443886351,0.65,1.0
2017-05-09,207.0937042236328,2,2010-03-16,2017-03-15,2017-03-16,2018-03-15,1,0.533572411393673,1.0,0.0017957436631181878,0.0017957436631181878,5.0,0.0,0.0017957436631181878,1.0,0.0017957436631181878,0.0,0.0017957436631181878,0.533572411393673,0.65,1.0
2017-05-10,207.46559143066406,2,2010-03-16,2017-03-15,2017-03-16,2018-03-15,0,0.5258710243435325,1.0,-0.0020428839407889976,-0.0020428839407889976,5.0,0.0,-0.0020428839407889976,1.0,-0.0020428839407889976,0.0,-0.0020428839407889976,0.5258710243435325,0.65,1.0
2017-05-11,207.04176330566406,2,2010-03-16,2017-03-15,2017-03-16,2018-03-15,0,0.528616963702083,1.0,-0.0016709057153568851,-0.0016709057153568851,5.0,0.0,-0.0016709057153568851,1.0,-0.0016709057153568851,0.0,-0.0016709057153568851,0.528616963702083,0.65,1.0
2017-05-12,206.69581604003906,2,2010-03-16,2017-03-15,2017-03-16,2018-03-15,1,0.5380233599675455,1.0,0.005523542455321051,0.005523542455321051,5.0,0.0,0.005523542455321051,1.0,0.005523542455321051,0.0,0.005523542455321051,0.5380233599675455,0.65,1.0
2017-05-15,207.83750915527344,2,2010-03-16,2017-03-15,2017-03-16,2018-03-15,0,0.5404803508116223,1.0,-0.0009154355322752439,-0.0009154355322752439,5.0,0.0,-0.0009154355322752439,1.0,-0.0009154355322752439,0.0,-0.0009154355322752439,0.5404803508116223,0.65,1.0
2017-05-16,207.64724731445312,2,2010-03-16,2017-03-15,2017-03-16,2018-03-15,0,0.5441594293580696,1.0,-0.017744079562798443,-0.017744079562798443,5.0,0.0,-0.017744079562798443,1.0,-0.017744079562798443,0.0,-0.017744079562798443,0.5441594293580696,0.65,1.0
2017-05-17,203.96273803710938,2,2010-03-16,2017-03-15,2017-03-16,2018-03-15,1,0.6231968542579042,1.0,0.004028158506735435,0.004028158506735435,5.0,0.0,0.004028158506735435,0.0,0.0,0.0005,-0.0005,0.6231968542579042,0.65,1.0
2017-05-18,204.78433227539062,2,2010-03-16,2017-03-15,2017-03-16,2018-03-15,1,0.5248812955630238,1.0,0.006504332918602307,0.006504332918602307,5.0,0.0,0.006504332918602307,1.0,0.006504332918602307,0.0005,0.0060043329186023064,0.5248812955630238,0.65,1.0
2017-05-19,206.11631774902344,2,2010-03-16,2017-03-15,2017-03-16,2018-03-15,1,0.5448860456673538,1.0,0.005077717054266628,0.005077717054266628,5.0,0.0,0.005077717054266628,1.0,0.005077717054266628,0.0,0.005077717054266628,0.5448860456673538,0.65,1.0
2017-05-22,207.1629180908203,2,2010-03-16,2017-03-15,2017-03-16,2018-03-15,1,0.5629480089588317,1.0,0.0022125521732971887,0.0022125521732971887,5.0,0.0,0.0022125521732971887,1.0,0.0022125521732971887,0.0,0.0022125521732971887,0.5629480089588317,0.65,1.0
2017-05-23,207.62127685546875,2,2010-03-16,2017-03-15,2017-03-16,2018-03-15,1,0.5722535443370076,1.0,0.0023329738037263237,0.0023329738037263237,5.0,0.0,0.0023329738037263237,1.0,0.0023329738037263237,0.0,0.0023329738037263237,0.5722535443370076,0.65,1.0
2017-05-24,208.10565185546875,2,2010-03-16,2017-03-15,2017-03-16,2018-03-15,1,0.5346342193654141,1.0,0.004779295419437446,0.004779295419437446,5.0,0.0,0.004779295419437446,1.0,0.004779295419437446,0.0,0.004779295419437446,0.5346342193654141,0.65,1.0
2017-05-25,209.10025024414062,2,2010-03-16,2017-03-15,2017-03-16,2018-03-15,0,0.5461975064197775,1.0,-0.00020680706097975232,-0.00020680706097975232,5.0,0.0,-0.00020680706097975232,1.0,-0.00020680706097975232,0.0,-0.00020680706097975232,0.5461975064197775,0.65,1.0
2017-05-26,209.0570068359375,2,2010-03-16,2017-03-15,2017-03-16,2018-03-15,0,0.5515503504623451,1.0,-0.0008685649555206787,-0.0008685649555206787,5.0,0.0,-0.0008685649555206787,1.0,-0.0008685649555206787,0.0,-0.0008685649555206787,0.5515503504623451,0.65,1.0
2017-05-30,208.87542724609375,2,2010-03-16,2017-03-15,2017-03-16,2018-03-15,0,0.5603877373124779,1.0,-0.00024845019965136217,-0.00024845019965136217,5.0,0.0,-0.00024845019965136217,1.0,-0.00024845019965136217,0.0,-0.00024845019965136217,0.5603877373124779,0.65,1.0
2017-05-31,208.8235321044922,2,2010-03-16,2017-03-15,2017-03-16,2018-03-15,1,0.590765520592638,1.0,0.007952236019266978,0.007952236019266978,5.0,0.0,0.007952236019266978,1.0,0.007952236019266978,0.0,0.007952236019266978,0.590765520592638,0.65,1.0
2017-06-01,210.48414611816406,2,2010-03-16,2017-03-15,2017-03-16,2018-03-15,1,0.5211009125525287,1.0,0.00332818893384057,0.00332818893384057,5.0,0.0,0.00332818893384057,1.0,0.00332818893384057,0.0,0.00332818893384057,0.5211009125525287,0.65,1.0
2017-06-02,211.18467712402344,2,2010-03-16,2017-03-15,2017-03-16,2018-03-15,0,0.5521322425029132,1.0,-0.0007369113695547824,-0.0007369113695547824,5.0,0.0,-0.0007369113695547824,1.0,-0.0007369113695547824,0.0,-0.0007369113695547824,0.5521322425029132,0.65,1.0
2017-06-05,211.029052734375,2,2010-03-16,2017-03-15,2017-03-16,2018-03-15,0,0.5462980813182176,1.0,-0.0031966738973246978,-0.0031966738973246978,5.0,0.0,-0.0031966738973246978,1.0,-0.0031966738973246978,0.0,-0.0031966738973246978,0.5462980813182176,0.65,1.0
2017-06-06,210.35446166992188,2,2010-03-16,2017-03-15,2017-03-16,2018-03-15,1,0.5515578874711016,1.0,0.0018500934658078894,0.0018500934658078894,5.0,0.0,0.0018500934658078894,1.0,0.0018500934658078894,0.0,0.0018500934658078894,0.5515578874711016,0.65,1.0
2017-06-07,210.74363708496094,2,2010-03-16,2017-03-15,2017-03-16,2018-03-15,1,0.5018706340091598,1.0,0.0004922782403822268,0.0004922782403822268,5.0,0.0,0.0004922782403822268,1.0,0.0004922782403822268,0.0,0.0004922782403822268,0.5018706340091598,0.65,1.0
2017-06-08,210.84738159179688,2,2010-03-16,2017-03-15,2017-03-16,2018-03-15,0,0.5275173836244537,1.0,-0.0015176478029459428,-0.0015176478029459428,5.0,0.0,-0.0015176478029459428,1.0,-0.0015176478029459428,0.0,-0.0015176478029459428,0.5275173836244537,0.65,1.0
2017-06-09,210.5273895263672,2,2010-03-16,2017-03-15,2017-03-16,2018-03-15,0,0.5607646533643145,1.0,-0.00020540514134725907,-0.00020540514134725907,5.0,0.0,-0.00020540514134725907,1.0,-0.00020540514134725907,0.0,-0.00020540514134725907,0.5607646533643145,0.65,1.0
2017-06-12,210.48414611816406,2,2010-03-16,2017-03-15,2017-03-16,2018-03-15,1,0.5314560411210872,1.0,0.004889704717655263,0.004889704717655263,5.0,0.0,0.004889704717655263,1.0,0.004889704717655263,0.0,0.004889704717655263,0.5314560411210872,0.65,1.0
2017-06-13,211.5133514404297,2,2010-03-16,2017-03-15,2017-03-16,2018-03-15,0,0.5172824745112288,1.0,-0.0012674455925046901,-0.0012674455925046901,5.0,0.0,-0.0012674455925046901,1.0,-0.0012674455925046901,0.0,-0.0012674455925046901,0.5172824745112288,0.65,1.0
2017-06-14,211.24526977539062,2,2010-03-16,2017-03-15,2017-03-16,2018-03-15,0,0.5471664376370866,1.0,-0.001924347938518478,-0.001924347938518478,5.0,0.0,-0.001924347938518478,1.0,-0.001924347938518478,0.0,-0.001924347938518478,0.5471664376370866,0.65,1.0
2017-06-15,210.83876037597656,2,2010-03-16,2017-03-15,2017-03-16,2018-03-15,1,0.553519896232182,1.0,0.00021834584172042426,0.00021834584172042426,5.0,0.0,0.00021834584172042426,1.0,0.00021834584172042426,0.0,0.00021834584172042426,0.553519896232182,0.65,1.0
2017-06-16,210.88479614257812,2,2010-03-16,2017-03-15,2017-03-16,2018-03-15,1,0.5505140872882734,1.0,0.008325141423500826,0.008325141423500826,5.0,0.0,0.008325141423500826,1.0,0.008325141423500826,0.0,0.008325141423500826,0.5505140872882734,0.65,1.0
2017-06-19,212.64044189453125,2,2010-03-16,2017-03-15,2017-03-16,2018-03-15,0,0.5228276593826048,1.0,-0.006744092326389284,-0.006744092326389284,5.0,0.0,-0.006744092326389284,1.0,-0.006744092326389284,0.0,-0.006744092326389284,0.5228276593826048,0.65,1.0
2017-06-20,211.2063751220703,2,2010-03-16,2017-03-15,2017-03-16,2018-03-15,0,0.5637696095307972,1.0,-0.0002467919039251809,-0.0002467919039251809,5.0,0.0,-0.0002467919039251809,1.0,-0.0002467919039251809,0.0,-0.0002467919039251809,0.5637696095307972,0.65,1.0
2017-06-21,211.1542510986328,2,2010-03-16,2017-03-15,2017-03-16,2018-03-15,0,0.553067011198343,1.0,-0.0004527321281915242,-0.0004527321281915242,5.0,0.0,-0.0004527321281915242,1.0,-0.0004527321281915242,0.0,-0.0004527321281915242,0.553067011198343,0.65,1.0
2017-06-22,211.05865478515625,2,2010-03-16,2017-03-15,2017-03-16,2018-03-15,1,0.5514317260165648,1.0,0.0011939756823700076,0.0011939756823700076,5.0,0.0,0.0011939756823700076,1.0,0.0011939756823700076,0.0,0.0011939756823700076,0.5514317260165648,0.65,1.0
2017-06-23,211.31065368652344,2,2010-03-16,2017-03-15,2017-03-16,2018-03-15,1,0.5590153825840896,1.0,0.0006582683772304865,0.0006582683772304865,5.0,0.0,0.0006582683772304865,1.0,0.0006582683772304865,0.0,0.0006582683772304865,0.5590153825840896,0.65,1.0
2017-06-26,211.4497528076172,2,2010-03-16,2017-03-15,2017-03-16,2018-03-15,0,0.559295260078105,1.0,-0.008056390257715429,-0.008056390257715429,5.0,0.0,-0.008056390257715429,1.0,-0.008056390257715429,0.0,-0.008056390257715429,0.559295260078105,0.65,1.0
2017-06-27,209.74623107910156,2,2010-03-16,2017-03-15,2017-03-16,2018-03-15,1,0.581943659382799,1.0,0.008950577294557505,0.008950577294557505,5.0,0.0,0.008950577294557505,1.0,0.008950577294557505,0.0,0.008950577294557505,0.581943659382799,0.65,1.0
2017-06-28,211.6235809326172,2,2010-03-16,2017-03-15,2017-03-16,2018-03-15,0,0.5321840133623179,1.0,-0.008788977229227557,-0.008788977229227557,5.0,0.0,-0.008788977229227557,1.0,-0.008788977229227557,0.0,-0.008788977229227557,0.5321840133623179,0.65,1.0
2017-06-29,209.7636260986328,2,2010-03-16,2017-03-15,2017-03-16,2018-03-15,1,0.582468443101528,1.0,0.0018644701645129658,0.0018644701645129658,5.0,0.0,0.0018644701645129658,1.0,0.0018644701645129658,0.0,0.0018644701645129658,0.582468443101528,0.35,1.0
2017-06-30,210.15472412109375,2,2010-03-16,2017-03-15,2017-03-16,2018-03-15,1,0.5508535826914152,1.0,0.001695673324765723,0.001695673324765723,5.0,0.0,0.001695673324765723,1.0,0.001695673324765723,0.0,0.001695673324765723,0.5508535826914152,0.35,1.0
2017-07-03,210.51107788085938,2,2010-03-16,2017-03-15,2017-03-16,2018-03-15,1,0.5663413629866259,1.0,0.0023121104049026453,0.0023121104049026453,5.0,0.0,0.0023121104049026453,1.0,0.0023121104049026453,0.0,0.0023121104049026453,0.5663413629866259,0.35,1.0
2017-07-05,210.997802734375,2,2010-03-16,2017-03-15,2017-03-16,2018-03-15,0,0.5572838743108787,1.0,-0.009144810453493024,-0.009144810453493024,5.0,0.0,-0.009144810453493024,1.0,-0.009144810453493024,0.0,-0.009144810453493024,0.5572838743108787,0.65,1.0
2017-07-06,209.06826782226562,2,2010-03-16,2017-03-15,2017-03-16,2018-03-15,1,0.5931094806274705,1.0,0.006485495235630356,0.006485495235630356,5.0,0.0,0.006485495235630356,1.0,0.006485495235630356,0.0,0.006485495235630356,0.5931094806274705,0.35,1.0
2017-07-07,210.42417907714844,2,2010-03-16,2017-03-15,2017-03-16,2018-03-15,1,0.5377245743476404,1.0,0.0010737211409796998,0.0010737211409796998,5.0,0.0,0.0010737211409796998,1.0,0.0010737211409796998,0.0,0.0010737211409796998,0.5377245743476404,0.35,1.0
2017-07-10,210.65011596679688,2,2010-03-16,2017-03-15,2017-03-16,2018-03-15,0,0.5671449766754159,1.0,-0.0007424032423803961,-0.0007424032423803961,5.0,0.0,-0.0007424032423803961,1.0,-0.0007424032423803961,0.0,-0.0007424032423803961,0.5671449766754159,0.65,1.0
2017-07-11,210.4937286376953,2,2010-03-16,2017-03-15,2017-03-16,2018-03-15,1,0.5809115231406086,1.0,0.007514361992899232,0.007514361992899232,5.0,0.0,0.007514361992899232,1.0,0.007514361992899232,0.0,0.007514361992899232,0.5809115231406086,0.65,1.0
2017-07-12,212.07545471191406,2,2010-03-16,2017-03-15,2017-03-16,2018-03-15,1,0.5605459018852588,1.0,0.0016807476045928027,0.0016807476045928027,5.0,0.0,0.0016807476045928027,1.0,0.0016807476045928027,0.0,0.0016807476045928027,0.5605459018852588,0.65,1.0
2017-07-13,212.43190002441406,2,2010-03-16,2017-03-15,2017-03-16,2018-03-15,1,0.5518735660190895,1.0,0.004663790677978286,0.004663790677978286,5.0,0.0,0.004663790677978286,1.0,0.004663790677978286,0.0,0.004663790677978286,0.5518735660190895,0.65,1.0
2017-07-14,213.42263793945312,2,2010-03-16,2017-03-15,2017-03-16,2018-03-15,0,0.5614382579672968,1.0,-0.00012211456090305273,-0.00012211456090305273,5.0,0.0,-0.00012211456090305273,1.0,-0.00012211456090305273,0.0,-0.00012211456090305273,0.5614382579672968,0.65,1.0
2017-07-17,213.39657592773438,2,2010-03-16,2017-03-15,2017-03-16,2018-03-15,1,0.5513582028533213,1.0,0.0005295614107470037,0.0005295614107470037,5.0,0.0,0.0005295614107470037,1.0,0.0005295614107470037,0.0,0.0005295614107470037,0.5513582028533213,0.65,1.0
2017-07-18,213.50958251953125,2,2010-03-16,2017-03-15,2017-03-16,2018-03-15,1,0.5458567747651504,1.0,0.005414089940914302,0.005414089940914302,5.0,0.0,0.005414089940914302,1.0,0.005414089940914302,0.0,0.005414089940914302,0.5458567747651504,0.65,1.0
2017-07-19,214.66554260253906,2,2010-03-16,2017-03-15,2017-03-16,2018-03-15,1,0.5575967032740581,1.0,0.00044532677353603667,0.00044532677353603667,5.0,0.0,0.00044532677353603667,1.0,0.00044532677353603667,0.0,0.00044532677353603667,0.5575967032740581,0.65,1.0
2017-07-20,214.76113891601562,2,2010-03-16,2017-03-15,2017-03-16,2018-03-15,0,0.5315241458615723,1.0,-0.0008902570917539432,-0.0008902570917539432,5.0,0.0,-0.0008902570917539432,1.0,-0.0008902570917539432,0.0,-0.0008902570917539432,0.5315241458615723,0.65,1.0
2017-07-21,214.5699462890625,2,2010-03-16,2017-03-15,2017-03-16,2018-03-15,0,0.5582767044098158,1.0,-0.0002434210189462549,-0.0002434210189462549,5.0,0.0,-0.0002434210189462549,1.0,-0.0002434210189462549,0.0,-0.0002434210189462549,0.5582767044098158,0.65,1.0
2017-07-24,214.51771545410156,2,2010-03-16,2017-03-15,2017-03-16,2018-03-15,1,0.5288019486536293,1.0,0.0024311752074330784,0.0024311752074330784,5.0,0.0,0.0024311752074330784,1.0,0.0024311752074330784,0.0,0.0024311752074330784,0.5288019486536293,0.65,1.0
2017-07-25,215.03924560546875,2,2010-03-16,2017-03-15,2017-03-16,2018-03-15,1,0.5311541021819917,1.0,4.051710900565553e-05,4.051710900565553e-05,5.0,0.0,4.051710900565553e-05,1.0,4.051710900565553e-05,0.0,4.051710900565553e-05,0.5311541021819917,0.65,1.0
2017-07-26,215.04795837402344,2,2010-03-16,2017-03-15,2017-03-16,2018-03-15,0,0.5177136923259777,1.0,-0.0009297980477789292,-0.0009297980477789292,5.0,0.0,-0.0009297980477789292,1.0,-0.0009297980477789292,0.0,-0.0009297980477789292,0.5177136923259777,0.65,1.0
2017-07-27,214.84800720214844,2,2010-03-16,2017-03-15,2017-03-16,2018-03-15,0,0.5354376014395177,1.0,-0.0011730591417968839,-0.0011730591417968839,5.0,0.0,-0.0011730591417968839,1.0,-0.0011730591417968839,0.0,-0.0011730591417968839,0.5354376014395177,0.65,1.0
2017-07-28,214.59597778320312,2,2010-03-16,2017-03-15,2017-03-16,2018-03-15,0,0.5210497844577839,1.0,-0.000566989117136707,-0.000566989117136707,5.0,0.0,-0.000566989117136707,1.0,-0.000566989117136707,0.0,-0.000566989117136707,0.5210497844577839,0.65,1.0
2017-07-31,214.47430419921875,2,2010-03-16,2017-03-15,2017-03-16,2018-03-15,1,0.5231381763258113,1.0,0.0022289038508549464,0.0022289038508549464,5.0,0.0,0.0022289038508549464,1.0,0.0022289038508549464,0.0,0.0022289038508549464,0.5231381763258113,0.65,1.0
2017-08-01,214.9523468017578,2,2010-03-16,2017-03-15,2017-03-16,2018-03-15,1,0.5200934398220867,1.0,0.00048498212941661123,0.00048498212941661123,5.0,0.0,0.00048498212941661123,1.0,0.00048498212941661123,0.0,0.00048498212941661123,0.5200934398220867,0.65,1.0
2017-08-02,215.0565948486328,2,2010-03-16,2017-03-15,2017-03-16,2018-03-15,0,0.5297545454481339,1.0,-0.0019397686198523445,-0.0019397686198523445,5.0,0.0,-0.0019397686198523445,1.0,-0.0019397686198523445,0.0,-0.0019397686198523445,0.5297545454481339,0.65,1.0
2017-08-03,214.63943481445312,2,2010-03-16,2017-03-15,2017-03-16,2018-03-15,1,0.5434588150569812,1.0,0.0018221874353521184,0.0018221874353521184,5.0,0.0,0.0018221874353521184,1.0,0.0018221874353521184,0.0,0.0018221874353521184,0.5434588150569812,0.65,1.0
2017-08-04,215.03054809570312,2,2010-03-16,2017-03-15,2017-03-16,2018-03-15,1,0.5393183974227896,1.0,0.0018593208944326367,0.0018593208944326367,5.0,0.0,0.0018593208944326367,1.0,0.0018593208944326367,0.0,0.0018593208944326367,0.5393183974227896,0.65,1.0
2017-08-07,215.43035888671875,2,2010-03-16,2017-03-15,2017-03-16,2018-03-15,0,0.5191217821939088,1.0,-0.0024611777331836615,-0.0024611777331836615,5.0,0.0,-0.0024611777331836615,1.0,-0.0024611777331836615,0.0,-0.0024611777331836615,0.5191217821939088,0.65,1.0
2017-08-08,214.900146484375,2,2010-03-16,2017-03-15,2017-03-16,2018-03-15,0,0.5764462612910218,1.0,-4.04013264699854e-05,-4.04013264699854e-05,5.0,0.0,-4.04013264699854e-05,1.0,-4.04013264699854e-05,0.0,-4.04013264699854e-05,0.5764462612910218,0.65,1.0
2017-08-09,214.89146423339844,2,2010-03-16,2017-03-15,2017-03-16,2018-03-15,0,0.558943532874079,1.0,-0.014115189048568566,-0.014115189048568566,5.0,0.0,-0.014115189048568566,1.0,-0.014115189048568566,0.0,-0.014115189048568566,0.558943532874079,0.65,1.0
2017-08-10,211.8582305908203,2,2010-03-16,2017-03-15,2017-03-16,2018-03-15,1,0.6029062145838752,1.0,0.0014770596602315944,0.0014770596602315944,5.0,0.0,0.0014770596602315944,0.0,0.0,0.0005,-0.0005,0.6029062145838752,0.35,1.0
2017-08-11,212.17115783691406,2,2010-03-16,2017-03-15,2017-03-16,2018-03-15,1,0.5513141534910279,1.0,0.009912944757616504,0.009912944757616504,5.0,0.0,0.009912944757616504,0.0,0.0,0.0,0.0,0.5513141534910279,0.35,1.0
2017-08-14,214.27439880371094,2,2010-03-16,2017-03-15,2017-03-16,2018-03-15,0,0.5551437980609232,1.0,-0.00012170035549463609,-0.00012170035549463609,5.0,0.0,-0.00012170035549463609,1.0,-0.00012170035549463609,0.0005,-0.0006217003554946361,0.5551437980609232,0.65,1.0
2017-08-15,214.24832153320312,2,2010-03-16,2017-03-15,2017-03-16,2018-03-15,1,0.5781838531114601,1.0,0.0017443941582986344,0.0017443941582986344,5.0,0.0,0.0017443941582986344,1.0,0.0017443941582986344,0.0,0.0017443941582986344,0.5781838531114601,0.65,1.0
2017-08-16,214.62205505371094,2,2010-03-16,2017-03-15,2017-03-16,2018-03-15,0,0.5789297291699714,1.0,-0.015590946083497648,-0.015590946083497648,5.0,0.0,-0.015590946083497648,1.0,-0.015590946083497648,0.0,-0.015590946083497648,0.5789297291699714,0.35,1.0
2017-08-17,211.27589416503906,2,2010-03-16,2017-03-15,2017-03-16,2018-03-15,0,0.594827016840043,1.0,-0.0015631751638015556,-0.0015631751638015556,5.0,0.0,-0.0015631751638015556,0.0,-0.0,0.0005,-0.0005,0.594827016840043,0.35,1.0
2017-08-18,210.9456329345703,2,2010-03-16,2017-03-15,2017-03-16,2018-03-15,1,0.5507666446349347,1.0,0.0007828835881833474,0.0007828835881833474,5.0,0.0,0.0007828835881833474,0.0,0.0,0.0,0.0,0.5507666446349347,0.35,1.0
2017-08-21,211.11077880859375,2,2010-03-16,2017-03-15,2017-03-16,2018-03-15,1,0.5744909712249477,1.0,0.010457049316259015,0.010457049316259015,5.0,0.0,0.010457049316259015,0.0,0.0,0.0,0.0,0.5744909712249477,0.35,1.0
2017-08-22,213.31837463378906,2,2010-03-16,2017-03-15,2017-03-16,2018-03-15,0,0.5742591892143112,1.0,-0.00358539926193302,-0.00358539926193302,5.0,0.0,-0.00358539926193302,1.0,-0.00358539926193302,0.0005,-0.00408539926193302,0.5742591892143112,0.35,1.0
2017-08-23,212.5535430908203,2,2010-03-16,2017-03-15,2017-03-16,2018-03-15,0,0.6092976746616471,1.0,-0.0023305249158482866,-0.0023305249158482866,5.0,0.0,-0.0023305249158482866,0.0,-0.0,0.0005,-0.0005,0.6092976746616471,0.35,1.0
2017-08-24,212.0581817626953,2,2010-03-16,2017-03-15,2017-03-16,2018-03-15,1,0.5583581441138452,1.0,0.0023359689496882385,0.0023359689496882385,5.0,0.0,0.0023359689496882385,0.0,0.0,0.0,0.0,0.5583581441138452,0.35,1.0
2017-08-25,212.5535430908203,2,2010-03-16,2017-03-15,2017-03-16,2018-03-15,1,0.5565149922793663,1.0,4.08473594479819e-05,4.08473594479819e-05,5.0,0.0,4.08473594479819e-05,0.0,0.0,0.0,0.0,0.5565149922793663,0.35,1.0
2017-08-28,212.56222534179688,2,2010-03-16,2017-03-15,2017-03-16,2018-03-15,1,0.5634636992566027,1.0,0.0011447561239463777,0.0011447561239463777,5.0,0.0,0.0011447561239463777,0.0,0.0,0.0,0.0,0.5634636992566027,0.35,1.0
2017-08-29,212.80555725097656,2,2010-03-16,2017-03-15,2017-03-16,2018-03-15,1,0.5978065490481885,1.0,0.0047377015973628644,0.0047377015973628644,5.0,0.0,0.0047377015973628644,1.0,0.0047377015973628644,0.0005,0.004237701597362864,0.5978065490481885,0.35,1.0
2017-08-30,213.8137664794922,2,2010-03-16,2017-03-15,2017-03-16,2018-03-15,1,0.5723979584771929,1.0,0.006016128886075167,0.006016128886075167,5.0,0.0,0.006016128886075167,1.0,0.006016128886075167,0.0,0.006016128886075167,0.5723979584771929,0.35,1.0
2017-08-31,215.10009765625,2,2010-03-16,2017-03-15,2017-03-16,2018-03-15,1,0.5583320652198239,1.0,0.0014141507292435573,0.0014141507292435573,5.0,0.0,0.0014141507292435573,1.0,0.0014141507292435573,0.0,0.0014141507292435573,0.5583320652198239,0.65,1.0
2017-09-01,215.40428161621094,2,2010-03-16,2017-03-15,2017-03-16,2018-03-15,0,0.5574769069719853,1.0,-0.007182113994489536,-0.007182113994489536,5.0,0.0,-0.007182113994489536,1.0,-0.007182113994489536,0.0,-0.007182113994489536,0.5574769069719853,0.65,1.0
2017-09-05,213.8572235107422,2,2010-03-16,2017-03-15,2017-03-16,2018-03-15,1,0.5809322313377494,1.0,0.003413829140298752,0.003413829140298752,5.0,0.0,0.003413829140298752,1.0,0.003413829140298752,0.0,0.003413829140298752,0.5809322313377494,0.35,1.0
2017-09-06,214.58729553222656,2,2010-03-16,2017-03-15,2017-03-16,2018-03-15,0,0.5520274453838723,1.0,-0.00012159400784728103,-0.00012159400784728103,5.0,0.0,-0.00012159400784728103,1.0,-0.00012159400784728103,0.0,-0.00012159400784728103,0.5520274453838723,0.35,1.0
2017-09-07,214.5612030029297,2,2010-03-16,2017-03-15,2017-03-16,2018-03-15,0,0.5493133735151815,1.0,-0.0011746271712592682,-0.0011746271712592682,5.0,0.0,-0.0011746271712592682,1.0,-0.0011746271712592682,0.0,-0.0011746271712592682,0.5493133735151815,0.35,1.0
2017-09-08,214.30917358398438,2,2010-03-16,2017-03-15,2017-03-16,2018-03-15,1,0.5567944257296048,1.0,0.010665885556433441,0.010665885556433441,5.0,0.0,0.010665885556433441,1.0,0.010665885556433441,0.0,0.010665885556433441,0.5567944257296048,0.65,1.0
2017-09-11,216.594970703125,2,2010-03-16,2017-03-15,2017-03-16,2018-03-15,1,0.5418397288892273,1.0,0.0033708194455872587,0.0033708194455872587,5.0,0.0,0.0033708194455872587,1.0,0.0033708194455872587,0.0,0.0033708194455872587,0.5418397288892273,0.65,1.0
2017-09-12,217.3250732421875,2,2010-03-16,2017-03-15,2017-03-16,2018-03-15,1,0.5454645951244502,1.0,0.00047975737041561217,0.00047975737041561217,5.0,0.0,0.00047975737041561217,1.0,0.00047975737041561217,0.0,0.00047975737041561217,0.5454645951244502,0.65,1.0
2017-09-13,217.42933654785156,2,2010-03-16,2017-03-15,2017-03-16,2018-03-15,0,0.5460361996666555,1.0,-0.0003198720175074943,-0.0003198720175074943,5.0,0.0,-0.0003198720175074943,1.0,-0.0003198720175074943,0.0,-0.0003198720175074943,0.5460361996666555,0.65,1.0
2017-09-14,217.3597869873047,2,2010-03-16,2017-03-15,2017-03-16,2018-03-15,1,0.5467858474337534,1.0,0.0013462370473735774,0.0013462370473735774,5.0,0.0,0.0013462370473735774,1.0,0.0013462370473735774,0.0,0.0013462370473735774,0.5467858474337534,0.65,1.0
2017-09-15,217.65240478515625,2,2010-03-16,2017-03-15,2017-03-16,2018-03-15,1,0.528057373444923,1.0,0.002126812631571884,0.002126812631571884,5.0,0.0,0.002126812631571884,1.0,0.002126812631571884,0.0,0.002126812631571884,0.528057373444923,0.65,1.0
2017-09-18,218.1153106689453,2,2010-03-16,2017-03-15,2017-03-16,2018-03-15,1,0.5315834683568381,1.0,0.0010013008586227112,0.0010013008586227112,5.0,0.0,0.0010013008586227112,1.0,0.0010013008586227112,0.0,0.0010013008586227112,0.5315834683568381,0.65,1.0
2017-09-19,218.33370971679688,2,2010-03-16,2017-03-15,2017-03-16,2018-03-15,1,0.5316760334619364,1.0,0.000359780659595188,0.000359780659595188,5.0,0.0,0.000359780659595188,1.0,0.000359780659595188,0.0,0.000359780659595188,0.5316760334619364,0.65,1.0
2017-09-20,218.41226196289062,2,2010-03-16,2017-03-15,2017-03-16,2018-03-15,0,0.5398341497100388,1.0,-0.002679080550285984,-0.002679080550285984,5.0,0.0,-0.002679080550285984,1.0,-0.002679080550285984,0.0,-0.002679080550285984,0.5398341497100388,0.65,1.0
2017-09-21,217.82711791992188,2,2010-03-16,2017-03-15,2017-03-16,2018-03-15,1,0.5354132388261047,1.0,0.0002003429928076894,0.0002003429928076894,5.0,0.0,0.0002003429928076894,1.0,0.0002003429928076894,0.0,0.0002003429928076894,0.5354132388261047,0.65,1.0
2017-09-22,217.87075805664062,2,2010-03-16,2017-03-15,2017-03-16,2018-03-15,0,0.5284559584395686,1.0,-0.002044629999289782,-0.002044629999289782,5.0,0.0,-0.002044629999289782,1.0,-0.002044629999289782,0.0,-0.002044629999289782,0.5284559584395686,0.65,1.0
2017-09-25,217.42529296875,2,2010-03-16,2017-03-15,2017-03-16,2018-03-15,1,0.5276071131955631,1.0,0.0006026309997821944,0.0006026309997821944,5.0,0.0,0.0006026309997821944,1.0,0.0006026309997821944,0.0,0.0006026309997821944,0.5276071131955631,0.65,1.0
2017-09-26,217.5563201904297,2,2010-03-16,2017-03-15,2017-03-16,2018-03-15,1,0.5251632530017019,1.0,0.0038945779112316004,0.0038945779112316004,5.0,0.0,0.0038945779112316004,1.0,0.0038945779112316004,0.0,0.0038945779112316004,0.5251632530017019,0.65,1.0
2017-09-27,218.4036102294922,2,2010-03-16,2017-03-15,2017-03-16,2018-03-15,1,0.5310266027529048,1.0,0.0011996535529650298,0.0011996535529650298,5.0,0.0,0.0011996535529650298,1.0,0.0011996535529650298,0.0,0.0011996535529650298,0.5310266027529048,0.65,1.0
2017-09-28,218.66561889648438,2,2010-03-16,2017-03-15,2017-03-16,2018-03-15,1,0.5097375163379256,1.0,0.003515167332264646,0.003515167332264646,5.0,0.0,0.003515167332264646,1.0,0.003515167332264646,0.0,0.003515167332264646,0.5097375163379256,0.65,1.0
2017-09-29,219.43426513671875,2,2010-03-16,2017-03-15,2017-03-16,2018-03-15,1,0.542010141406377,1.0,0.0043385492534373515,0.0043385492534373515,5.0,0.0,0.0043385492534373515,1.0,0.0043385492534373515,0.0,0.0043385492534373515,0.542010141406377,0.65,1.0
2017-10-02,220.38629150390625,2,2010-03-16,2017-03-15,2017-03-16,2018-03-15,1,0.5185805679869242,1.0,0.0021401021211588933,0.0021401021211588933,5.0,0.0,0.0021401021211588933,1.0,0.0021401021211588933,0.0,0.0021401021211588933,0.5185805679869242,0.65,1.0
2017-10-03,220.85794067382812,2,2010-03-16,2017-03-15,2017-03-16,2018-03-15,1,0.5276536782370085,1.0,0.0011864603272622176,0.0011864603272622176,5.0,0.0,0.0011864603272622176,1.0,0.0011864603272622176,0.0,0.0011864603272622176,0.5276536782370085,0.65,1.0
2017-10-04,221.11997985839844,2,2010-03-16,2017-03-15,2017-03-16,2018-03-15,1,0.5233157259556326,1.0,0.005925064516211442,0.005925064516211442,5.0,0.0,0.005925064516211442,1.0,0.005925064516211442,0.0,0.005925064516211442,0.5233157259556326,0.65,1.0
2017-10-05,222.4301300048828,2,2010-03-16,2017-03-15,2017-03-16,2018-03-15,0,0.5135626669196233,1.0,-0.0011387661304336216,-0.0011387661304336216,5.0,0.0,-0.0011387661304336216,1.0,-0.0011387661304336216,0.0,-0.0011387661304336216,0.5135626669196233,0.65,1.0
2017-10-06,222.1768341064453,2,2010-03-16,2017-03-15,2017-03-16,2018-03-15,0,0.5323397822146576,1.0,-0.0016511703756876273,-0.0016511703756876273,5.0,0.0,-0.0016511703756876273,1.0,-0.0016511703756876273,0.0,-0.0016511703756876273,0.5323397822146576,0.65,1.0
2017-10-09,221.8099822998047,2,2010-03-16,2017-03-15,2017-03-16,2018-03-15,1,0.5204569023670729,1.0,0.002638385932167253,0.002638385932167253,5.0,0.0,0.002638385932167253,1.0,0.002638385932167253,0.0,0.002638385932167253,0.5204569023670729,0.65,1.0
2017-10-10,222.39520263671875,2,2010-03-16,2017-03-15,2017-03-16,2018-03-15,1,0.524744684348019,1.0,0.0015711265647799788,0.0015711265647799788,5.0,0.0,0.0015711265647799788,1.0,0.0015711265647799788,0.0,0.0015711265647799788,0.524744684348019,0.65,1.0
2017-10-11,222.74461364746094,2,2010-03-16,2017-03-15,2017-03-16,2018-03-15,0,0.5209104457679714,1.0,-0.0014902939766708867,-0.0014902939766708867,5.0,0.0,-0.0014902939766708867,1.0,-0.0014902939766708867,0.0,-0.0014902939766708867,0.5209104457679714,0.65,1.0
2017-10-12,222.41265869140625,2,2010-03-16,2017-03-15,2017-03-16,2018-03-15,1,0.5362122600620021,1.0,0.0012174091776393503,0.0012174091776393503,5.0,0.0,0.0012174091776393503,1.0,0.0012174091776393503,0.0,0.0012174091776393503,0.5362122600620021,0.65,1.0
2017-10-13,222.6834259033203,2,2010-03-16,2017-03-15,2017-03-16,2018-03-15,1,0.5237854731453789,1.0,0.001333581749650703,0.001333581749650703,5.0,0.0,0.001333581749650703,1.0,0.001333581749650703,0.0,0.001333581749650703,0.5237854731453789,0.65,1.0
2017-10-16,222.9803924560547,2,2010-03-16,2017-03-15,2017-03-16,2018-03-15,1,0.5146433173516027,1.0,0.0007050454166812603,0.0007050454166812603,5.0,0.0,0.0007050454166812603,1.0,0.0007050454166812603,0.0,0.0007050454166812603,0.5146433173516027,0.65,1.0
2017-10-17,223.13760375976562,2,2010-03-16,2017-03-15,2017-03-16,2018-03-15,1,0.5255880886333958,1.0,0.0009785588256090438,0.0009785588256090438,5.0,0.0,0.0009785588256090438,1.0,0.0009785588256090438,0.0,0.0009785588256090438,0.5255880886333958,0.65,1.0
2017-10-18,223.35595703125,2,2010-03-16,2017-03-15,2017-03-16,2018-03-15,1,0.5358868573512244,1.0,0.00027360564279366173,0.00027360564279366173,5.0,0.0,0.00027360564279366173,1.0,0.00027360564279366173,0.0,0.00027360564279366173,0.5358868573512244,0.65,1.0
2017-10-19,223.4170684814453,2,2010-03-16,2017-03-15,2017-03-16,2018-03-15,1,0.5428925921196925,1.0,0.00516068278479076,0.00516068278479076,5.0,0.0,0.00516068278479076,1.0,0.00516068278479076,0.0,0.00516068278479076,0.5428925921196925,0.65,1.0
2017-10-20,224.57005310058594,2,2010-03-16,2017-03-15,2017-03-16,2018-03-15,0,0.5366078301734243,1.0,-0.0038894716826444187,-0.0038894716826444187,5.0,0.0,-0.0038894716826444187,1.0,-0.0038894716826444187,0.0,-0.0038894716826444187,0.5366078301734243,0.65,1.0
2017-10-23,223.69659423828125,2,2010-03-16,2017-03-15,2017-03-16,2018-03-15,1,0.5454935559872128,1.0,0.0017571407718048881,0.0017571407718048881,5.0,0.0,0.0017571407718048881,1.0,0.0017571407718048881,0.0,0.0017571407718048881,0.5454935559872128,0.65,1.0
2017-10-24,224.08966064453125,2,2010-03-16,2017-03-15,2017-03-16,2018-03-15,0,0.5367348643967691,1.0,-0.004950108743464798,-0.004950108743464798,5.0,0.0,-0.004950108743464798,1.0,-0.004950108743464798,0.0,-0.004950108743464798,0.5367348643967691,0.65,1.0
2017-10-25,222.9803924560547,2,2010-03-16,2017-03-15,2017-03-16,2018-03-15,1,0.5760327895001491,1.0,0.0012925946690955925,0.0012925946690955925,5.0,0.0,0.0012925946690955925,1.0,0.0012925946690955925,0.0,0.0012925946690955925,0.5760327895001491,0.65,1.0
2017-10-26,223.26861572265625,2,2010-03-16,2017-03-15,2017-03-16,2018-03-15,1,0.5384599204876793,1.0,0.008176183757773625,0.008176183757773625,5.0,0.0,0.008176183757773625,1.0,0.008176183757773625,0.0,0.008176183757773625,0.5384599204876793,0.65,1.0
2017-10-27,225.09410095214844,2,2010-03-16,2017-03-15,2017-03-16,2018-03-15,0,0.5452952993818202,1.0,-0.0037250452776267373,-0.0037250452776267373,5.0,0.0,-0.0037250452776267373,1.0,-0.0037250452776267373,0.0,-0.0037250452776267373,0.5452952993818202,0.65,1.0
2017-10-30,224.255615234375,2,2010-03-16,2017-03-15,2017-03-16,2018-03-15,1,0.5561737715970333,1.0,0.0015579564988770223,0.0015579564988770223,5.0,0.0,0.0015579564988770223,1.0,0.0015579564988770223,0.0,0.0015579564988770223,0.5561737715970333,0.65,1.0
2017-10-31,224.60499572753906,2,2010-03-16,2017-03-15,2017-03-16,2018-03-15,1,0.5529515702840276,1.0,0.001322104581794603,0.001322104581794603,5.0,0.0,0.001322104581794603,1.0,0.001322104581794603,0.0,0.001322104581794603,0.5529515702840276,0.65,1.0
2017-11-01,224.90194702148438,2,2010-03-16,2017-03-15,2017-03-16,2018-03-15,1,0.533989470777099,1.0,0.00038862422005458974,0.00038862422005458974,5.0,0.0,0.00038862422005458974,1.0,0.00038862422005458974,0.0,0.00038862422005458974,0.533989470777099,0.65,1.0
2017-11-02,224.98934936523438,2,2010-03-16,2017-03-15,2017-03-16,2018-03-15,1,0.5422158597280748,1.0,0.003338645451831379,0.003338645451831379,5.0,0.0,0.003338645451831379,1.0,0.003338645451831379,0.0,0.003338645451831379,0.5422158597280748,0.65,1.0
2017-11-03,225.74050903320312,2,2010-03-16,2017-03-15,2017-03-16,2018-03-15,1,0.559401417585634,1.0,0.0015473704773447672,0.0015473704773447672,5.0,0.0,0.0015473704773447672,1.0,0.0015473704773447672,0.0,0.0015473704773447672,0.559401417585634,0.65,1.0
2017-11-06,226.08981323242188,2,2010-03-16,2017-03-15,2017-03-16,2018-03-15,0,0.5427915588354729,1.0,-0.0006951464336085733,-0.0006951464336085733,5.0,0.0,-0.0006951464336085733,1.0,-0.0006951464336085733,0.0,-0.0006951464336085733,0.5427915588354729,0.65,1.0
2017-11-07,225.93264770507812,2,2010-03-16,2017-03-15,2017-03-16,2018-03-15,1,0.5540958708159598,1.0,0.0017007140405553844,0.0017007140405553844,5.0,0.0,0.0017007140405553844,1.0,0.0017007140405553844,0.0,0.0017007140405553844,0.5540958708159598,0.65,1.0
2017-11-08,226.31689453125,2,2010-03-16,2017-03-15,2017-03-16,2018-03-15,0,0.5359962507762712,1.0,-0.0036275855075653674,-0.0036275855075653674,5.0,0.0,-0.0036275855075653674,1.0,-0.0036275855075653674,0.0,-0.0036275855075653674,0.5359962507762712,0.65,1.0
2017-11-09,225.49591064453125,2,2010-03-16,2017-03-15,2017-03-16,2018-03-15,0,0.5708761829238387,1.0,-0.0003100533898132696,-0.0003100533898132696,5.0,0.0,-0.0003100533898132696,1.0,-0.0003100533898132696,0.0,-0.0003100533898132696,0.5708761829238387,0.65,1.0
2017-11-10,225.42599487304688,2,2010-03-16,2017-03-15,2017-03-16,2018-03-15,1,0.5448113473873312,1.0,0.0009300425260929668,0.0009300425260929668,5.0,0.0,0.0009300425260929668,1.0,0.0009300425260929668,0.0,0.0009300425260929668,0.5448113473873312,0.65,1.0
2017-11-13,225.63565063476562,2,2010-03-16,2017-03-15,2017-03-16,2018-03-15,0,0.5466040278495834,1.0,-0.0023224724962531695,-0.0023224724962531695,5.0,0.0,-0.0023224724962531695,1.0,-0.0023224724962531695,0.0,-0.0023224724962531695,0.5466040278495834,0.65,1.0
2017-11-14,225.1116180419922,2,2010-03-16,2017-03-15,2017-03-16,2018-03-15,0,0.5494704619664416,1.0,-0.0050053836818011455,-0.0050053836818011455,5.0,0.0,-0.0050053836818011455,1.0,-0.0050053836818011455,0.0,-0.0050053836818011455,0.5494704619664416,0.65,1.0
2017-11-15,223.98484802246094,2,2010-03-16,2017-03-15,2017-03-16,2018-03-15,1,0.5674217834295164,1.0,0.008500878563772796,0.008500878563772796,5.0,0.0,0.008500878563772796,1.0,0.008500878563772796,0.0,0.008500878563772796,0.5674217834295164,0.65,1.0
2017-11-16,225.888916015625,2,2010-03-16,2017-03-15,2017-03-16,2018-03-15,0,0.5368251942996106,1.0,-0.002938626260617472,-0.002938626260617472,5.0,0.0,-0.002938626260617472,1.0,-0.002938626260617472,0.0,-0.002938626260617472,0.5368251942996106,0.65,1.0
2017-11-17,225.22511291503906,2,2010-03-16,2017-03-15,2017-03-16,2018-03-15,1,0.5694323369500235,1.0,0.0017061922570551502,0.0017061922570551502,5.0,0.0,0.0017061922570551502,1.0,0.0017061922570551502,0.0,0.0017061922570551502,0.5694323369500235,0.65,1.0
2017-11-20,225.60939025878906,2,2010-03-16,2017-03-15,2017-03-16,2018-03-15,1,0.5534317928675452,1.0,0.006542812750054416,0.006542812750054416,5.0,0.0,0.006542812750054416,1.0,0.006542812750054416,0.0,0.006542812750054416,0.5534317928675452,0.65,1.0
2017-11-21,227.08551025390625,2,2010-03-16,2017-03-15,2017-03-16,2018-03-15,0,0.5548799765610056,1.0,-0.0008842061523385292,-0.0008842061523385292,5.0,0.0,-0.0008842061523385292,1.0,-0.0008842061523385292,0.0,-0.0008842061523385292,0.5548799765610056,0.65,1.0
2017-11-22,226.8847198486328,2,2010-03-16,2017-03-15,2017-03-16,2018-03-15,1,0.5443414109453287,1.0,0.0023092830596462832,0.0023092830596462832,5.0,0.0,0.0023092830596462832,1.0,0.0023092830596462832,0.0,0.0023092830596462832,0.5443414109453287,0.65,1.0
2017-11-24,227.40866088867188,2,2010-03-16,2017-03-15,2017-03-16,2018-03-15,0,0.5480734064741736,1.0,-0.0004988105441866564,-0.0004988105441866564,5.0,0.0,-0.0004988105441866564,1.0,-0.0004988105441866564,0.0,-0.0004988105441866564,0.5480734064741736,0.65,1.0
2017-11-27,227.29522705078125,2,2010-03-16,2017-03-15,2017-03-16,2018-03-15,1,0.5690414951427691,1.0,0.010144790353396438,0.010144790353396438,5.0,0.0,0.010144790353396438,1.0,0.010144790353396438,0.0,0.010144790353396438,0.5690414951427691,0.65,1.0
2017-11-28,229.60108947753906,2,2010-03-16,2017-03-15,2017-03-16,2018-03-15,0,0.5499546634355336,1.0,-0.0006088201363488865,-0.0006088201363488865,5.0,0.0,-0.0006088201363488865,1.0,-0.0006088201363488865,0.0,-0.0006088201363488865,0.5499546634355336,0.65,1.0
2017-11-29,229.4613037109375,2,2010-03-16,2017-03-15,2017-03-16,2018-03-15,1,0.5613922463265557,1.0,0.008754835092169344,0.008754835092169344,5.0,0.0,0.008754835092169344,1.0,0.008754835092169344,0.0,0.008754835092169344,0.5613922463265557,0.65,1.0
2017-11-30,231.47019958496094,2,2010-03-16,2017-03-15,2017-03-16,2018-03-15,0,0.5366915094776937,1.0,-0.002075264718040981,-0.002075264718040981,5.0,0.0,-0.002075264718040981,1.0,-0.002075264718040981,0.0,-0.002075264718040981,0.5366915094776937,0.65,1.0
2017-12-01,230.98983764648438,2,2010-03-16,2017-03-15,2017-03-16,2018-03-15,0,0.5574315513488609,1.0,-0.0012100553898594102,-0.0012100553898594102,5.0,0.0,-0.0012100553898594102,1.0,-0.0012100553898594102,0.0,-0.0012100553898594102,0.5574315513488609,0.65,1.0
2017-12-04,230.7103271484375,2,2010-03-16,2017-03-15,2017-03-16,2018-03-15,0,0.5197541805978831,1.0,-0.0035967330853939883,-0.0035967330853939883,5.0,0.0,-0.0035967330853939883,1.0,-0.0035967330853939883,0.0,-0.0035967330853939883,0.5197541805978831,0.65,1.0
2017-12-05,229.88052368164065,2,2010-03-16,2017-03-15,2017-03-16,2018-03-15,1,0.5378746001075317,1.0,0.00018997109279839108,0.00018997109279839108,5.0,0.0,0.00018997109279839108,1.0,0.00018997109279839108,0.0,0.00018997109279839108,0.5378746001075317,0.65,1.0
2017-12-06,229.9241943359375,2,2010-03-16,2017-03-15,2017-03-16,2018-03-15,1,0.5209908106176098,1.0,0.003153372454724801,0.003153372454724801,5.0,0.0,0.003153372454724801,1.0,0.003153372454724801,0.0,0.003153372454724801,0.5209908106176098,0.65,1.0
2017-12-07,230.64923095703125,2,2010-03-16,2017-03-15,2017-03-16,2018-03-15,1,0.5407007323228104,1.0,0.005452761171931941,0.005452761171931941,5.0,0.0,0.005452761171931941,1.0,0.005452761171931941,0.0,0.005452761171931941,0.5407007323228104,0.65,1.0
2017-12-08,231.9069061279297,2,2010-03-16,2017-03-15,2017-03-16,2018-03-15,1,0.5287966191517288,1.0,0.0030131756608047233,0.0030131756608047233,5.0,0.0,0.0030131756608047233,1.0,0.0030131756608047233,0.0,0.0030131756608047233,0.5287966191517288,0.65,1.0
2017-12-11,232.60568237304688,2,2010-03-16,2017-03-15,2017-03-16,2018-03-15,1,0.530145561389309,1.0,0.0017648201796294227,0.0017648201796294227,5.0,0.0,0.0017648201796294227,1.0,0.0017648201796294227,0.0,0.0017648201796294227,0.530145561389309,0.65,1.0
2017-12-12,233.0161895751953,2,2010-03-16,2017-03-15,2017-03-16,2018-03-15,0,0.5293468471206593,1.0,-0.00011217377518579763,-0.00011217377518579763,5.0,0.0,-0.00011217377518579763,1.0,-0.00011217377518579763,0.0,-0.00011217377518579763,0.5293468471206593,0.65,1.0
2017-12-13,232.99005126953125,2,2010-03-16,2017-03-15,2017-03-16,2018-03-15,0,0.5221785137143932,1.0,-0.004086255527126603,-0.004086255527126603,5.0,0.0,-0.004086255527126603,1.0,-0.004086255527126603,0.0,-0.004086255527126603,0.5221785137143932,0.65,1.0
2017-12-14,232.03799438476562,2,2010-03-16,2017-03-15,2017-03-16,2018-03-15,1,0.5333324629245375,1.0,0.008327238489096,0.008327238489096,5.0,0.0,0.008327238489096,1.0,0.008327238489096,0.0,0.008327238489096,0.5333324629245375,0.65,1.0
2017-12-15,233.97023010253906,2,2010-03-16,2017-03-15,2017-03-16,2018-03-15,1,0.5279547049555571,1.0,0.006341290065205785,0.006341290065205785,5.0,0.0,0.006341290065205785,1.0,0.006341290065205785,0.0,0.006341290065205785,0.5279547049555571,0.65,1.0
2017-12-18,235.4539031982422,2,2010-03-16,2017-03-15,2017-03-16,2018-03-15,0,0.5288722391522828,1.0,-0.0038405239630303623,-0.0038405239630303623,5.0,0.0,-0.0038405239630303623,1.0,-0.0038405239630303623,0.0,-0.0038405239630303623,0.5288722391522828,0.65,1.0
2017-12-19,234.5496368408203,2,2010-03-16,2017-03-15,2017-03-16,2018-03-15,0,0.5428477178287093,1.0,-0.0005242187705840617,-0.0005242187705840617,5.0,0.0,-0.0005242187705840617,1.0,-0.0005242187705840617,0.0,-0.0005242187705840617,0.5428477178287093,0.65,1.0
2017-12-20,234.4266815185547,2,2010-03-16,2017-03-15,2017-03-16,2018-03-15,1,0.5289537638659157,1.0,0.002059832249229787,0.002059832249229787,5.0,0.0,0.002059832249229787,1.0,0.002059832249229787,0.0,0.002059832249229787,0.5289537638659157,0.65,1.0
2017-12-21,234.90956115722653,2,2010-03-16,2017-03-15,2017-03-16,2018-03-15,0,0.5047689042586391,1.0,-0.0002615129178351605,-0.0002615129178351605,5.0,0.0,-0.0002615129178351605,1.0,-0.0002615129178351605,0.0,-0.0002615129178351605,0.5047689042586391,0.65,1.0
2017-12-22,234.84812927246094,2,2010-03-16,2017-03-15,2017-03-16,2018-03-15,0,0.5311597794959565,1.0,-0.0011960880792269979,-0.0011960880792269979,5.0,0.0,-0.0011960880792269979,1.0,-0.0011960880792269979,0.0,-0.0011960880792269979,0.5311597794959565,0.65,1.0
2017-12-26,234.56723022460938,2,2010-03-16,2017-03-15,2017-03-16,2018-03-15,1,0.5242603124451893,1.0,0.00048664513311291735,0.00048664513311291735,5.0,0.0,0.00048664513311291735,1.0,0.00048664513311291735,0.0,0.00048664513311291735,0.5242603124451893,0.65,1.0
2017-12-27,234.68138122558597,2,2010-03-16,2017-03-15,2017-03-16,2018-03-15,1,0.5257280495657697,1.0,0.002057141579051569,0.002057141579051569,5.0,0.0,0.002057141579051569,1.0,0.002057141579051569,0.0,0.002057141579051569,0.5257280495657697,0.65,1.0
2017-12-28,235.16415405273438,2,2010-03-16,2017-03-15,2017-03-16,2018-03-15,0,0.5142234140734331,1.0,-0.0037703778384733377,-0.0037703778384733377,5.0,0.0,-0.0037703778384733377,1.0,-0.0037703778384733377,0.0,-0.0037703778384733377,0.5142234140734331,0.65,1.0
2017-12-29,234.27749633789062,2,2010-03-16,2017-03-15,2017-03-16,2018-03-15,1,0.5600021314282969,1.0,0.007157209281726029,0.007157209281726029,5.0,0.0,0.007157209281726029,1.0,0.007157209281726029,0.0,0.007157209281726029,0.5600021314282969,0.65,1.0
2018-01-02,235.95426940917972,2,2010-03-16,2017-03-15,2017-03-16,2018-03-15,1,0.529127222925423,1.0,0.00632508851974567,0.00632508851974567,5.0,0.0,0.00632508851974567,1.0,0.00632508851974567,0.0,0.00632508851974567,0.529127222925423,0.65,1.0
2018-01-03,237.4467010498047,2,2010-03-16,2017-03-15,2017-03-16,2018-03-15,1,0.544159279326373,1.0,0.004215198633379602,0.004215198633379602,5.0,0.0,0.004215198633379602,1.0,0.004215198633379602,0.0,0.004215198633379602,0.544159279326373,0.65,1.0
2018-01-04,238.4475860595703,2,2010-03-16,2017-03-15,2017-03-16,2018-03-15,1,0.5381213964494845,1.0,0.006664021228521166,0.006664021228521166,5.0,0.0,0.006664021228521166,1.0,0.006664021228521166,0.0,0.006664021228521166,0.5381213964494845,0.65,1.0
2018-01-05,240.03660583496094,2,2010-03-16,2017-03-15,2017-03-16,2018-03-15,1,0.5262903529065692,1.0,0.0018284234118290943,0.0018284234118290943,5.0,0.0,0.0018284234118290943,1.0,0.0018284234118290943,0.0,0.0018284234118290943,0.5262903529065692,0.65,1.0
2018-01-08,240.4754943847656,2,2010-03-16,2017-03-15,2017-03-16,2018-03-15,1,0.5145146026118385,1.0,0.0022636705714957905,0.0022636705714957905,5.0,0.0,0.0022636705714957905,1.0,0.0022636705714957905,0.0,0.0022636705714957905,0.5145146026118385,0.65,1.0
2018-01-09,241.0198516845703,2,2010-03-16,2017-03-15,2017-03-16,2018-03-15,0,0.5246381472756694,1.0,-0.0015300582565502818,-0.0015300582565502818,5.0,0.0,-0.0015300582565502818,1.0,-0.0015300582565502818,0.0,-0.0015300582565502818,0.5246381472756694,0.65,1.0
2018-01-10,240.6510772705078,2,2010-03-16,2017-03-15,2017-03-16,2018-03-15,1,0.5261737886424979,1.0,0.0072960969821844746,0.0072960969821844746,5.0,0.0,0.0072960969821844746,1.0,0.0072960969821844746,0.0,0.0072960969821844746,0.5261737886424979,0.65,1.0
2018-01-11,242.40689086914062,2,2010-03-16,2017-03-15,2017-03-16,2018-03-15,1,0.5058083001370425,1.0,0.006518918283324293,0.006518918283324293,5.0,0.0,0.006518918283324293,1.0,0.006518918283324293,0.0,0.006518918283324293,0.5058083001370425,0.65,1.0
2018-01-12,243.98712158203125,2,2010-03-16,2017-03-15,2017-03-16,2018-03-15,0,0.5345352595532482,1.0,-0.0034186494758579045,-0.0034186494758579045,5.0,0.0,-0.0034186494758579045,1.0,-0.0034186494758579045,0.0,-0.0034186494758579045,0.5345352595532482,0.65,1.0
2018-01-16,243.15301513671875,2,2010-03-16,2017-03-15,2017-03-16,2018-03-15,1,0.5330905925647046,1.0,0.009532059563950979,0.009532059563950979,5.0,0.0,0.009532059563950979,1.0,0.009532059563950979,0.0,0.009532059563950979,0.5330905925647046,0.65,1.0
2018-01-17,245.47076416015625,2,2010-03-16,2017-03-15,2017-03-16,2018-03-15,0,0.5125858944995414,1.0,-0.0016808423506630144,-0.0016808423506630144,5.0,0.0,-0.0016808423506630144,1.0,-0.0016808423506630144,0.0,-0.0016808423506630144,0.5125858944995414,0.65,1.0
2018-01-18,245.05816650390625,2,2010-03-16,2017-03-15,2017-03-16,2018-03-15,1,0.525689095433221,1.0,0.004549464475136267,0.004549464475136267,5.0,0.0,0.004549464475136267,1.0,0.004549464475136267,0.0,0.004549464475136267,0.525689095433221,0.65,1.0
2018-01-19,246.1730499267578,2,2010-03-16,2017-03-15,2017-03-16,2018-03-15,1,0.5330718415713211,1.0,0.008130812510378504,0.008130812510378504,5.0,0.0,0.008130812510378504,1.0,0.008130812510378504,0.0,0.008130812510378504,0.5330718415713211,0.65,1.0
2018-01-22,248.1746368408203,2,2010-03-16,2017-03-15,2017-03-16,2018-03-15,1,0.5258779263653719,1.0,0.0021228608074839173,0.0021228608074839173,5.0,0.0,0.0021228608074839173,1.0,0.0021228608074839173,0.0,0.0021228608074839173,0.5258779263653719,0.65,1.0
2018-01-23,248.70147705078125,2,2010-03-16,2017-03-15,2017-03-16,2018-03-15,0,0.5276257838275431,1.0,-0.00038830841345116607,-0.00038830841345116607,5.0,0.0,-0.00038830841345116607,1.0,-0.00038830841345116607,0.0,-0.00038830841345116607,0.5276257838275431,0.65,1.0
2018-01-24,248.6049041748047,2,2010-03-16,2017-03-15,2017-03-16,2018-03-15,1,0.5430805486826882,1.0,0.00042350590339612637,0.00042350590339612637,5.0,0.0,0.00042350590339612637,1.0,0.00042350590339612637,0.0,0.00042350590339612637,0.5430805486826882,0.65,1.0
2018-01-25,248.71018981933594,2,2010-03-16,2017-03-15,2017-03-16,2018-03-15,1,0.5013694171832438,1.0,0.0115777377069477,0.0115777377069477,5.0,0.0,0.0115777377069477,1.0,0.0115777377069477,0.0,0.0115777377069477,0.5013694171832438,0.65,1.0
2018-01-26,251.58969116210938,2,2010-03-16,2017-03-15,2017-03-16,2018-03-15,0,0.5111564337862464,1.0,-0.0066299607803941285,-0.0066299607803941285,5.0,0.0,-0.0066299607803941285,1.0,-0.0066299607803941285,0.0,-0.0066299607803941285,0.5111564337862464,0.65,1.0
2018-01-29,249.92166137695312,2,2010-03-16,2017-03-15,2017-03-16,2018-03-15,0,0.5489223590459362,1.0,-0.010256815093303784,-0.010256815093303784,5.0,0.0,-0.010256815093303784,1.0,-0.010256815093303784,0.0,-0.010256815093303784,0.5489223590459362,0.65,1.0
2018-01-30,247.35826110839844,2,2010-03-16,2017-03-15,2017-03-16,2018-03-15,1,0.536813687130621,1.0,0.0004967654113094966,0.0004967654113094966,5.0,0.0,0.0004967654113094966,1.0,0.0004967654113094966,0.0,0.0004967654113094966,0.536813687130621,0.65,1.0
2018-01-31,247.48114013671875,2,2010-03-16,2017-03-15,2017-03-16,2018-03-15,0,0.5003000291192511,1.0,-0.0011350937953713558,-0.0011350937953713558,5.0,0.0,-0.0011350937953713558,1.0,-0.0011350937953713558,0.0,-0.0011350937953713558,0.5003000291192511,0.65,1.0
2018-02-01,247.20022583007812,2,2010-03-16,2017-03-15,2017-03-16,2018-03-15,0,0.506913221409002,1.0,-0.02176980310624721,-0.02176980310624721,5.0,0.0,-0.02176980310624721,1.0,-0.02176980310624721,0.0,-0.02176980310624721,0.506913221409002,0.65,1.0
2018-02-02,241.81872558593747,2,2010-03-16,2017-03-15,2017-03-16,2018-03-15,0,0.58233103465275,1.0,-0.041822566014076745,-0.041822566014076745,5.0,0.0,-0.041822566014076745,1.0,-0.041822566014076745,0.0,-0.041822566014076745,0.58233103465275,0.65,1.0
2018-02-05,231.7052459716797,2,2010-03-16,2017-03-15,2017-03-16,2018-03-15,1,0.5614071191321858,1.0,0.019702424130072727,0.019702424130072727,5.0,0.0,0.019702424130072727,0.0,0.0,0.0005,-0.0005,0.5614071191321858,0.35,1.0
2018-02-06,236.27040100097656,2,2010-03-16,2017-03-15,2017-03-16,2018-03-15,0,0.45690159091882754,1.0,-0.0054251370928216636,-0.0054251370928216636,5.0,0.0,-0.0054251370928216636,0.0,-0.0,0.0,-0.0,0.45690159091882754,0.35,1.0
2018-02-07,234.9886016845703,2,2010-03-16,2017-03-15,2017-03-16,2018-03-15,0,0.5477835646732678,1.0,-0.037509091595031796,-0.037509091595031796,5.0,0.0,-0.037509091595031796,0.0,-0.0,0.0,-0.0,0.5477835646732678,0.35,1.0
2018-02-08,226.1743927001953,2,2010-03-16,2017-03-15,2017-03-16,2018-03-15,1,0.6143517217927774,1.0,0.015021691589816033,0.015021691589816033,5.0,0.0,0.015021691589816033,0.0,0.0,0.0,0.0,0.6143517217927774,0.35,1.0
2018-02-09,229.57191467285156,2,2010-03-16,2017-03-15,2017-03-16,2018-03-15,1,0.5173755316354138,1.0,0.014684659086188434,0.014684659086188434,5.0,0.0,0.014684659086188434,0.0,0.0,0.0,0.0,0.5173755316354138,0.35,1.0
2018-02-12,232.94309997558594,2,2010-03-16,2017-03-15,2017-03-16,2018-03-15,1,0.47762704209571727,1.0,0.0024873971245813475,0.0024873971245813475,5.0,0.0,0.0024873971245813475,0.0,0.0,0.0,0.0,0.47762704209571727,0.35,1.0
2018-02-13,233.52252197265625,2,2010-03-16,2017-03-15,2017-03-16,2018-03-15,1,0.5736218215303497,1.0,0.013496093734685521,0.013496093734685521,5.0,0.0,0.013496093734685521,0.0,0.0,0.0,0.0,0.5736218215303497,0.35,1.0
2018-02-14,236.67416381835938,2,2010-03-16,2017-03-15,2017-03-16,2018-03-15,1,0.584090109739752,1.0,0.012760048271261981,0.012760048271261981,5.0,0.0,0.012760048271261981,0.0,0.0,0.0,0.0,0.584090109739752,0.35,1.0
2018-02-15,239.6941375732422,2,2010-03-16,2017-03-15,2017-03-16,2018-03-15,1,0.5101271071135338,1.0,0.000292896977737378,0.000292896977737378,5.0,0.0,0.000292896977737378,1.0,0.000292896977737378,0.0005,-0.00020710302226262202,0.5101271071135338,0.35,1.0
2018-02-16,239.76434326171875,2,2010-03-16,2017-03-15,2017-03-16,2018-03-15,0,0.5522374179598204,1.0,-0.0062611069065771074,-0.0062611069065771074,5.0,0.0,-0.0062611069065771074,1.0,-0.0062611069065771074,0.0,-0.0062611069065771074,0.5522374179598204,0.35,1.0
2018-02-20,238.26315307617188,2,2010-03-16,2017-03-15,2017-03-16,2018-03-15,0,0.5114101003980243,1.0,-0.004974186692201399,-0.004974186692201399,5.0,0.0,-0.004974186692201399,0.0,-0.0,0.0005,-0.0005,0.5114101003980243,0.35,1.0
2018-02-21,237.07798767089844,2,2010-03-16,2017-03-15,2017-03-16,2018-03-15,1,0.5325389787423106,1.0,0.0012957337137207148,0.0012957337137207148,5.0,0.0,0.0012957337137207148,0.0,0.0,0.0,0.0,0.5325389787423106,0.35,1.0
2018-02-22,237.3851776123047,2,2010-03-16,2017-03-15,2017-03-16,2018-03-15,1,0.5449009383424079,1.0,0.015939809510341574,0.015939809510341574,5.0,0.0,0.015939809510341574,0.0,0.0,0.0,0.0,0.5449009383424079,0.35,1.0
2018-02-23,241.16905212402344,2,2010-03-16,2017-03-15,2017-03-16,2018-03-15,1,0.5027936474998171,1.0,0.011612403596145793,0.011612403596145793,5.0,0.0,0.011612403596145793,1.0,0.011612403596145793,0.0005,0.011112403596145792,0.5027936474998171,0.35,1.0
2018-02-26,243.9696044921875,2,2010-03-16,2017-03-15,2017-03-16,2018-03-15,0,0.535182660654604,1.0,-0.01248649679100211,-0.01248649679100211,5.0,0.0,-0.01248649679100211,1.0,-0.01248649679100211,0.0,-0.01248649679100211,0.535182660654604,0.35,1.0
2018-02-27,240.92327880859375,2,2010-03-16,2017-03-15,2017-03-16,2018-03-15,0,0.5743639853418812,1.0,-0.010130122283989018,-0.010130122283989018,5.0,0.0,-0.010130122283989018,1.0,-0.010130122283989018,0.0,-0.010130122283989018,0.5743639853418812,0.35,1.0
2018-02-28,238.48269653320312,2,2010-03-16,2017-03-15,2017-03-16,2018-03-15,0,0.5302161809461444,1.0,-0.014541113487432034,-0.014541113487432034,5.0,0.0,-0.014541113487432034,0.0,-0.0,0.0005,-0.0005,0.5302161809461444,0.35,1.0
2018-03-01,235.014892578125,2,2010-03-16,2017-03-15,2017-03-16,2018-03-15,1,0.5280296069218278,1.0,0.005154936366441154,0.005154936366441154,5.0,0.0,0.005154936366441154,0.0,0.0,0.0,0.0,0.5280296069218278,0.35,1.0
2018-03-02,236.22637939453125,2,2010-03-16,2017-03-15,2017-03-16,2018-03-15,1,0.5454709448051612,1.0,0.011558307773517074,0.011558307773517074,5.0,0.0,0.011558307773517074,0.0,0.0,0.0,0.0,0.5454709448051612,0.35,1.0
2018-03-05,238.95675659179688,2,2010-03-16,2017-03-15,2017-03-16,2018-03-15,1,0.5900530094189662,1.0,0.002534822196552211,0.002534822196552211,5.0,0.0,0.002534822196552211,0.0,0.0,0.0,0.0,0.5900530094189662,0.35,1.0
2018-03-06,239.56246948242188,2,2010-03-16,2017-03-15,2017-03-16,2018-03-15,0,0.5822199012901348,1.0,-0.0003663065257593079,-0.0003663065257593079,5.0,0.0,-0.0003663065257593079,0.0,-0.0,0.0,-0.0,0.5822199012901348,0.65,1.0
2018-03-07,239.47471618652344,2,2010-03-16,2017-03-15,2017-03-16,2018-03-15,1,0.5676567309843006,1.0,0.004839044195584119,0.004839044195584119,5.0,0.0,0.004839044195584119,0.0,0.0,0.0,0.0,0.5676567309843006,0.65,1.0
2018-03-08,240.633544921875,2,2010-03-16,2017-03-15,2017-03-16,2018-03-15,1,0.5181861297116143,1.0,0.017402233078167795,0.017402233078167795,5.0,0.0,0.017402233078167795,1.0,0.017402233078167795,0.0005,0.016902233078167794,0.5181861297116143,0.65,1.0
2018-03-09,244.82110595703125,2,2010-03-16,2017-03-15,2017-03-16,2018-03-15,0,0.5415805460467668,1.0,-0.0012551889745306966,-0.0012551889745306966,5.0,0.0,-0.0012551889745306966,1.0,-0.0012551889745306966,0.0,-0.0012551889745306966,0.5415805460467668,0.65,1.0
2018-03-12,244.51380920410156,2,2010-03-16,2017-03-15,2017-03-16,2018-03-15,0,0.5792570583497781,1.0,-0.006462371860712635,-0.006462371860712635,5.0,0.0,-0.006462371860712635,1.0,-0.006462371860712635,0.0,-0.006462371860712635,0.5792570583497781,0.65,1.0
2018-03-13,242.9336700439453,2,2010-03-16,2017-03-15,2017-03-16,2018-03-15,0,0.5558063270024682,1.0,-0.005131933173882608,-0.005131933173882608,5.0,0.0,-0.005131933173882608,1.0,-0.005131933173882608,0.0,-0.005131933173882608,0.5558063270024682,0.65,1.0
2018-03-14,241.68695068359375,2,2010-03-16,2017-03-15,2017-03-16,2018-03-15,0,0.5102239835848743,1.0,-0.0010892598336430526,-0.0010892598336430526,5.0,0.0,-0.0010892598336430526,1.0,-0.0010892598336430526,0.0,-0.0010892598336430526,0.5102239835848743,0.65,1.0
2018-03-15,241.42369079589844,2,2010-03-16,2017-03-15,2017-03-16,2018-03-15,1,0.4882360207452886,1.0,0.0010841904815357406,0.0010841904815357406,5.0,0.0,0.0010841904815357406,1.0,0.0010841904815357406,0.0,0.0010841904815357406,0.4882360207452886,0.65,1.0
2018-03-16,241.68544006347656,3,2010-03-16,2018-03-15,2018-03-16,2019-03-15,0,0.5407709543184815,1.0,-0.013530506189841529,-0.013530506189841529,5.0,0.0,-0.013530506189841529,1.0,-0.013530506189841529,0.0,-0.013530506189841529,0.5407709543184815,0.65,1.0
2018-03-19,238.41531372070312,3,2010-03-16,2018-03-15,2018-03-16,2019-03-15,1,0.5678483783071407,1.0,0.0017007592935993632,0.0017007592935993632,5.0,0.0,0.0017007592935993632,0.0,0.0,0.0005,-0.0005,0.5678483783071407,0.35,1.0
2018-03-20,238.82080078125,3,2010-03-16,2018-03-15,2018-03-16,2019-03-15,0,0.5161579150330482,1.0,-0.0019188747814886664,-0.0019188747814886664,5.0,0.0,-0.0019188747814886664,0.0,-0.0,0.0,-0.0,0.5161579150330482,0.65,1.0
2018-03-21,238.36253356933594,3,2010-03-16,2018-03-15,2018-03-16,2019-03-15,0,0.5300061323946276,1.0,-0.02499749221048886,-0.02499749221048886,5.0,0.0,-0.02499749221048886,0.0,-0.0,0.0,-0.0,0.5300061323946276,0.65,1.0
2018-03-22,232.40406799316406,3,2010-03-16,2018-03-15,2018-03-16,2019-03-15,0,0.5878364880406071,1.0,-0.021314592576781588,-0.021314592576781588,5.0,0.0,-0.021314592576781588,0.0,-0.0,0.0,-0.0,0.5878364880406071,0.35,1.0
2018-03-23,227.45046997070312,3,2010-03-16,2018-03-15,2018-03-16,2019-03-15,1,0.5913889944542362,1.0,0.027359029407506785,0.027359029407506785,5.0,0.0,0.027359029407506785,0.0,0.0,0.0,0.0,0.5913889944542362,0.35,1.0
2018-03-26,233.6732940673828,3,2010-03-16,2018-03-15,2018-03-16,2019-03-15,0,0.5144092071012506,1.0,-0.017011608910087794,-0.017011608910087794,5.0,0.0,-0.017011608910087794,0.0,-0.0,0.0,-0.0,0.5144092071012506,0.35,1.0
2018-03-27,229.69813537597656,3,2010-03-16,2018-03-15,2018-03-16,2019-03-15,0,0.6281415892902635,1.0,-0.0029546622954121915,-0.0029546622954121915,5.0,0.0,-0.0029546622954121915,0.0,-0.0,0.0,-0.0,0.6281415892902635,0.35,1.0
2018-03-28,229.0194549560547,3,2010-03-16,2018-03-15,2018-03-16,2019-03-15,1,0.6024473753128257,1.0,0.0127774506781555,0.0127774506781555,5.0,0.0,0.0127774506781555,0.0,0.0,0.0,0.0,0.6024473753128257,0.35,1.0
2018-03-29,231.94573974609375,3,2010-03-16,2018-03-15,2018-03-16,2019-03-15,0,0.5417041813322997,1.0,-0.021584593333138558,-0.021584593333138558,5.0,0.0,-0.021584593333138558,0.0,-0.0,0.0,-0.0,0.5417041813322997,0.35,1.0
2018-04-02,226.9392852783203,3,2010-03-16,2018-03-15,2018-03-16,2019-03-15,1,0.5938925107410071,1.0,0.012816912175891648,0.012816912175891648,5.0,0.0,0.012816912175891648,0.0,0.0,0.0,0.0,0.5938925107410071,0.35,1.0
2018-04-03,229.8479461669922,3,2010-03-16,2018-03-15,2018-03-16,2019-03-15,1,0.55684147882581,1.0,0.010698972968433473,0.010698972968433473,5.0,0.0,0.010698972968433473,0.0,0.0,0.0,0.0,0.55684147882581,0.35,1.0
2018-04-04,232.3070831298828,3,2010-03-16,2018-03-15,2018-03-16,2019-03-15,1,0.5646899728442326,1.0,0.007892159448235958,0.007892159448235958,5.0,0.0,0.007892159448235958,0.0,0.0,0.0,0.0,0.5646899728442326,0.35,1.0
2018-04-05,234.14048767089844,3,2010-03-16,2018-03-15,2018-03-16,2019-03-15,0,0.5668512643894378,1.0,-0.022285970904090124,-0.022285970904090124,5.0,0.0,-0.022285970904090124,0.0,-0.0,0.0,-0.0,0.5668512643894378,0.35,1.0
2018-04-06,228.9224395751953,3,2010-03-16,2018-03-15,2018-03-16,2019-03-15,1,0.6347845016958756,1.0,0.004928525679544382,0.004928525679544382,5.0,0.0,0.004928525679544382,0.0,0.0,0.0,0.0,0.6347845016958756,0.35,1.0
2018-04-09,230.05068969726562,3,2010-03-16,2018-03-15,2018-03-16,2019-03-15,1,0.4940477833439562,1.0,0.015900267182220595,0.015900267182220595,5.0,0.0,0.015900267182220595,0.0,0.0,0.0,0.0,0.4940477833439562,0.35,1.0
2018-04-10,233.70855712890625,3,2010-03-16,2018-03-15,2018-03-16,2019-03-15,0,0.5521348644003942,1.0,-0.005242315323180646,-0.005242315323180646,5.0,0.0,-0.005242315323180646,0.0,-0.0,0.0,-0.0,0.5521348644003942,0.35,1.0
2018-04-11,232.48338317871094,3,2010-03-16,2018-03-15,2018-03-16,2019-03-15,1,0.5950018166458219,1.0,0.008226945718343481,0.008226945718343481,5.0,0.0,0.008226945718343481,0.0,0.0,0.0,0.0,0.5950018166458219,0.35,1.0
2018-04-12,234.39601135253906,3,2010-03-16,2018-03-15,2018-03-16,2019-03-15,0,0.5740745882543592,1.0,-0.002932875093163867,-0.002932875093163867,5.0,0.0,-0.002932875093163867,0.0,-0.0,0.0,-0.0,0.5740745882543592,0.35,1.0
2018-04-13,233.70855712890625,3,2010-03-16,2018-03-15,2018-03-16,2019-03-15,1,0.5755123336653393,1.0,0.00822194672820964,0.00822194672820964,5.0,0.0,0.00822194672820964,0.0,0.0,0.0,0.0,0.5755123336653393,0.35,1.0
2018-04-16,235.63009643554685,3,2010-03-16,2018-03-15,2018-03-16,2019-03-15,1,0.5242569793245239,1.0,0.010698308679549129,0.010698308679549129,5.0,0.0,0.010698308679549129,0.0,0.0,0.0,0.0,0.5242569793245239,0.35,1.0
2018-04-17,238.15093994140625,3,2010-03-16,2018-03-15,2018-03-16,2019-03-15,1,0.5652054880887903,1.0,0.0007403510885179987,0.0007403510885179987,5.0,0.0,0.0007403510885179987,1.0,0.0007403510885179987,0.0005,0.00024035108851799868,0.5652054880887903,0.35,1.0
2018-04-18,238.32725524902344,3,2010-03-16,2018-03-15,2018-03-16,2019-03-15,0,0.5753714811205571,1.0,-0.0055477890251082185,-0.0055477890251082185,5.0,0.0,-0.0055477890251082185,1.0,-0.0055477890251082185,0.0,-0.0055477890251082185,0.5753714811205571,0.35,1.0
2018-04-19,237.00506591796875,3,2010-03-16,2018-03-15,2018-03-16,2019-03-15,0,0.6053216059706378,1.0,-0.008479327422406535,-0.008479327422406535,5.0,0.0,-0.008479327422406535,1.0,-0.008479327422406535,0.0,-0.008479327422406535,0.6053216059706378,0.35,1.0
2018-04-20,234.99542236328125,3,2010-03-16,2018-03-15,2018-03-16,2019-03-15,0,0.5330139094378186,1.0,-0.0001499935717040879,-0.0001499935717040879,5.0,0.0,-0.0001499935717040879,0.0,-0.0,0.0005,-0.0005,0.5330139094378186,0.65,1.0
2018-04-23,234.96017456054688,3,2010-03-16,2018-03-15,2018-03-16,2019-03-15,0,0.5105979739428209,1.0,-0.013467352021482859,-0.013467352021482859,5.0,0.0,-0.013467352021482859,0.0,-0.0,0.0,-0.0,0.5105979739428209,0.65,1.0
2018-04-24,231.79588317871094,3,2010-03-16,2018-03-15,2018-03-16,2019-03-15,1,0.6098913922690666,1.0,0.002471796576585694,0.002471796576585694,5.0,0.0,0.002471796576585694,0.0,0.0,0.0,0.0,0.6098913922690666,0.35,1.0
2018-04-25,232.36883544921875,3,2010-03-16,2018-03-15,2018-03-16,2019-03-15,1,0.5530873589336146,1.0,0.01016566017822873,0.01016566017822873,5.0,0.0,0.01016566017822873,0.0,0.0,0.0,0.0,0.5530873589336146,0.65,1.0
2018-04-26,234.73101806640625,3,2010-03-16,2018-03-15,2018-03-16,2019-03-15,1,0.5342516928956513,1.0,0.0009386783045441938,0.0009386783045441938,5.0,0.0,0.0009386783045441938,0.0,0.0,0.0,0.0,0.5342516928956513,0.65,1.0
2018-04-27,234.95135498046875,3,2010-03-16,2018-03-15,2018-03-16,2019-03-15,0,0.5520958277982935,1.0,-0.007690528214081893,-0.007690528214081893,5.0,0.0,-0.007690528214081893,0.0,-0.0,0.0,-0.0,0.5520958277982935,0.65,1.0
2018-04-30,233.1444549560547,3,2010-03-16,2018-03-15,2018-03-16,2019-03-15,1,0.5808710073472934,1.0,0.0017769074676254881,0.0017769074676254881,5.0,0.0,0.0017769074676254881,0.0,0.0,0.0,0.0,0.5808710073472934,0.65,1.0
2018-05-01,233.55873107910156,3,2010-03-16,2018-03-15,2018-03-16,2019-03-15,0,0.5324419281329928,1.0,-0.006717470774680434,-0.006717470774680434,5.0,0.0,-0.006717470774680434,0.0,-0.0,0.0,-0.0,0.5324419281329928,0.65,1.0
2018-05-02,231.98980712890625,3,2010-03-16,2018-03-15,2018-03-16,2019-03-15,0,0.567519717129825,1.0,-0.002203610651207999,-0.002203610651207999,5.0,0.0,-0.002203610651207999,0.0,-0.0,0.0,-0.0,0.567519717129825,0.35,1.0
2018-05-03,231.4785919189453,3,2010-03-16,2018-03-15,2018-03-16,2019-03-15,1,0.5781458740763221,1.0,0.012946252915505774,0.012946252915505774,5.0,0.0,0.012946252915505774,0.0,0.0,0.0,0.0,0.5781458740763221,0.35,1.0
2018-05-04,234.47537231445312,3,2010-03-16,2018-03-15,2018-03-16,2019-03-15,1,0.5333699721192194,1.0,0.0033833167020009824,0.0033833167020009824,5.0,0.0,0.0033833167020009824,0.0,0.0,0.0,0.0,0.5333699721192194,0.65,1.0
2018-05-07,235.2686767578125,3,2010-03-16,2018-03-15,2018-03-16,2019-03-15,0,0.5518393886935826,1.0,0.0,0.0,5.0,0.0,0.0,0.0,0.0,0.0,0.0,0.5518393886935826,0.65,1.0
2018-05-08,235.2686767578125,3,2010-03-16,2018-03-15,2018-03-16,2019-03-15,1,0.561550887209596,1.0,0.009665683609528353,0.009665683609528353,5.0,0.0,0.009665683609528353,0.0,0.0,0.0,0.0,0.561550887209596,0.65,1.0
2018-05-09,237.54270935058594,3,2010-03-16,2018-03-15,2018-03-16,2019-03-15,1,0.5173342289777063,1.0,0.009350767578224506,0.009350767578224506,5.0,0.0,0.009350767578224506,1.0,0.009350767578224506,0.0005,0.008850767578224505,0.5173342289777063,0.65,1.0
2018-05-10,239.763916015625,3,2010-03-16,2018-03-15,2018-03-16,2019-03-15,1,0.5288696581263127,1.0,0.003051198841633962,0.003051198841633962,5.0,0.0,0.003051198841633962,1.0,0.003051198841633962,0.0,0.003051198841633962,0.5288696581263127,0.65,1.0
2018-05-11,240.4954833984375,3,2010-03-16,2018-03-15,2018-03-16,2019-03-15,1,0.5462346515474633,1.0,0.00047648922233411994,0.00047648922233411994,5.0,0.0,0.00047648922233411994,1.0,0.00047648922233411994,0.0,0.00047648922233411994,0.5462346515474633,0.65,1.0
2018-05-14,240.61007690429688,3,2010-03-16,2018-03-15,2018-03-16,2019-03-15,0,0.5280136805283544,1.0,-0.00688696830959612,-0.00688696830959612,5.0,0.0,-0.00688696830959612,1.0,-0.00688696830959612,0.0,-0.00688696830959612,0.5280136805283544,0.65,1.0
2018-05-15,238.9530029296875,3,2010-03-16,2018-03-15,2018-03-16,2019-03-15,1,0.5541684447921394,1.0,0.004204718971056565,0.004204718971056565,5.0,0.0,0.004204718971056565,1.0,0.004204718971056565,0.0,0.004204718971056565,0.5541684447921394,0.65,1.0
2018-05-16,239.95773315429688,3,2010-03-16,2018-03-15,2018-03-16,2019-03-15,0,0.5182335456152203,1.0,-0.0008442140244069307,-0.0008442140244069307,5.0,0.0,-0.0008442140244069307,1.0,-0.0008442140244069307,0.0,-0.0008442140244069307,0.5182335456152203,0.65,1.0
2018-05-17,239.75515747070312,3,2010-03-16,2018-03-15,2018-03-16,2019-03-15,0,0.5505300384277025,1.0,-0.0025004146355465107,-0.0025004146355465107,5.0,0.0,-0.0025004146355465107,1.0,-0.0025004146355465107,0.0,-0.0025004146355465107,0.5505300384277025,0.65,1.0
2018-05-18,239.15567016601562,3,2010-03-16,2018-03-15,2018-03-16,2019-03-15,1,0.5608281297154573,1.0,0.007519026298599574,0.007519026298599574,5.0,0.0,0.007519026298599574,1.0,0.007519026298599574,0.0,0.007519026298599574,0.5608281297154573,0.65,1.0
2018-05-21,240.95388793945312,3,2010-03-16,2018-03-15,2018-03-16,2019-03-15,0,0.5439225065617638,1.0,-0.0027801008083386813,-0.0027801008083386813,5.0,0.0,-0.0027801008083386813,1.0,-0.0027801008083386813,0.0,-0.0027801008083386813,0.5439225065617638,0.65,1.0
2018-05-22,240.2840118408203,3,2010-03-16,2018-03-15,2018-03-16,2019-03-15,1,0.5447553765033939,1.0,0.0027507019795769416,0.0027507019795769416,5.0,0.0,0.0027507019795769416,1.0,0.0027507019795769416,0.0,0.0027507019795769416,0.5447553765033939,0.65,1.0
2018-05-23,240.94496154785156,3,2010-03-16,2018-03-15,2018-03-16,2019-03-15,0,0.5486967804848545,1.0,-0.002048374570922662,-0.002048374570922662,5.0,0.0,-0.002048374570922662,1.0,-0.002048374570922662,0.0,-0.002048374570922662,0.5486967804848545,0.65,1.0
2018-05-24,240.451416015625,3,2010-03-16,2018-03-15,2018-03-16,2019-03-15,0,0.5676863526587317,1.0,-0.0023825019875336473,-0.0023825019875336473,5.0,0.0,-0.0023825019875336473,1.0,-0.0023825019875336473,0.0,-0.0023825019875336473,0.5676863526587317,0.65,1.0
2018-05-25,239.8785400390625,3,2010-03-16,2018-03-15,2018-03-16,2019-03-15,0,0.5557787152054015,1.0,-0.011501092828045567,-0.011501092828045567,5.0,0.0,-0.011501092828045567,1.0,-0.011501092828045567,0.0,-0.011501092828045567,0.5557787152054015,0.65,1.0
2018-05-29,237.1196746826172,3,2010-03-16,2018-03-15,2018-03-16,2019-03-15,1,0.6033158649644045,1.0,0.01334489498789404,0.01334489498789404,5.0,0.0,0.01334489498789404,1.0,0.01334489498789404,0.0,0.01334489498789404,0.6033158649644045,0.65,1.0
2018-05-30,240.2840118408203,3,2010-03-16,2018-03-15,2018-03-16,2019-03-15,0,0.5240423608078144,1.0,-0.006126084339916349,-0.006126084339916349,5.0,0.0,-0.006126084339916349,1.0,-0.006126084339916349,0.0,-0.006126084339916349,0.5240423608078144,0.65,1.0
2018-05-31,238.81201171875,3,2010-03-16,2018-03-15,2018-03-16,2019-03-15,1,0.591869163318638,1.0,0.009817463457421738,0.009817463457421738,5.0,0.0,0.009817463457421738,1.0,0.009817463457421738,0.0,0.009817463457421738,0.591869163318638,0.65,1.0
2018-06-01,241.1565399169922,3,2010-03-16,2018-03-15,2018-03-16,2019-03-15,1,0.5431474322539035,1.0,0.0047515776426048095,0.0047515776426048095,5.0,0.0,0.0047515776426048095,1.0,0.0047515776426048095,0.0,0.0047515776426048095,0.5431474322539035,0.65,1.0
2018-06-04,242.3024139404297,3,2010-03-16,2018-03-15,2018-03-16,2019-03-15,1,0.5564928262278279,1.0,0.0007278552496292612,0.0007278552496292612,5.0,0.0,0.0007278552496292612,1.0,0.0007278552496292612,0.0,0.0007278552496292612,0.5564928262278279,0.65,1.0
2018-06-05,242.47877502441406,3,2010-03-16,2018-03-15,2018-03-16,2019-03-15,1,0.5490737150651351,1.0,0.008360282923341567,0.008360282923341567,5.0,0.0,0.008360282923341567,1.0,0.008360282923341567,0.0,0.008360282923341567,0.5490737150651351,0.65,1.0
2018-06-06,244.50596618652344,3,2010-03-16,2018-03-15,2018-03-16,2019-03-15,0,0.5502139299192874,1.0,-0.0001080882526853788,-0.0001080882526853788,5.0,0.0,-0.0001080882526853788,1.0,-0.0001080882526853788,0.0,-0.0001080882526853788,0.5502139299192874,0.65,1.0
2018-06-07,244.4795379638672,3,2010-03-16,2018-03-15,2018-03-16,2019-03-15,1,0.5513745082115336,1.0,0.0029559590745622533,0.0029559590745622533,5.0,0.0,0.0029559590745622533,1.0,0.0029559590745622533,0.0,0.0029559590745622533,0.5513745082115336,0.65,1.0
2018-06-08,245.20220947265625,3,2010-03-16,2018-03-15,2018-03-16,2019-03-15,1,0.5505485137274314,1.0,0.0013305270358165977,0.0013305270358165977,5.0,0.0,0.0013305270358165977,1.0,0.0013305270358165977,0.0,0.0013305270358165977,0.5505485137274314,0.65,1.0
2018-06-11,245.52845764160156,3,2010-03-16,2018-03-15,2018-03-16,2019-03-15,1,0.5532819166244299,1.0,0.0012922168127642575,0.0012922168127642575,5.0,0.0,0.0012922168127642575,1.0,0.0012922168127642575,0.0,0.0012922168127642575,0.5532819166244299,0.65,1.0
2018-06-12,245.84573364257812,3,2010-03-16,2018-03-15,2018-03-16,2019-03-15,0,0.5308845458784895,1.0,-0.0031909639091877162,-0.0031909639091877162,5.0,0.0,-0.0031909639091877162,1.0,-0.0031909639091877162,0.0,-0.0031909639091877162,0.5308845458784895,0.65,1.0
2018-06-13,245.06124877929688,3,2010-03-16,2018-03-15,2018-03-16,2019-03-15,1,0.5530421007528699,1.0,0.002517693592175574,0.002517693592175574,5.0,0.0,0.002517693592175574,1.0,0.002517693592175574,0.0,0.002517693592175574,0.5530421007528699,0.65,1.0
2018-06-14,245.67823791503906,3,2010-03-16,2018-03-15,2018-03-16,2019-03-15,0,0.5229639620465948,1.0,-0.0012756533554391103,-0.0012756533554391103,5.0,0.0,-0.0012756533554391103,1.0,-0.0012756533554391103,0.0,-0.0012756533554391103,0.5229639620465948,0.65,1.0
2018-06-15,245.36483764648438,3,2010-03-16,2018-03-15,2018-03-16,2019-03-15,0,0.5474789373588037,1.0,-0.00205712231728028,-0.00205712231728028,5.0,0.0,-0.00205712231728028,1.0,-0.00205712231728028,0.0,-0.00205712231728028,0.5474789373588037,0.65,1.0
2018-06-18,244.86009216308594,3,2010-03-16,2018-03-15,2018-03-16,2019-03-15,0,0.5234955168462954,1.0,-0.0038324559917208845,-0.0038324559917208845,5.0,0.0,-0.0038324559917208845,1.0,-0.0038324559917208845,0.0,-0.0038324559917208845,0.5234955168462954,0.65,1.0
2018-06-19,243.9216766357422,3,2010-03-16,2018-03-15,2018-03-16,2019-03-15,1,0.5647922001815379,1.0,0.0017060299890194752,0.0017060299890194752,5.0,0.0,0.0017060299890194752,1.0,0.0017060299890194752,0.0,0.0017060299890194752,0.5647922001815379,0.65,1.0
2018-06-20,244.3378143310547,3,2010-03-16,2018-03-15,2018-03-16,2019-03-15,0,0.5214304541236917,1.0,-0.006268811759102322,-0.006268811759102322,5.0,0.0,-0.006268811759102322,1.0,-0.006268811759102322,0.0,-0.006268811759102322,0.5214304541236917,0.65,1.0
2018-06-21,242.8061065673828,3,2010-03-16,2018-03-15,2018-03-16,2019-03-15,1,0.5686390210476123,1.0,0.001823090353702872,0.001823090353702872,5.0,0.0,0.001823090353702872,1.0,0.001823090353702872,0.0,0.001823090353702872,0.5686390210476123,0.65,1.0
2018-06-22,243.24876403808594,3,2010-03-16,2018-03-15,2018-03-16,2019-03-15,0,0.5459024574868458,1.0,-0.013612979063329589,-0.013612979063329589,5.0,0.0,-0.013612979063329589,1.0,-0.013612979063329589,0.0,-0.013612979063329589,0.5459024574868458,0.65,1.0
2018-06-25,239.9374237060547,3,2010-03-16,2018-03-15,2018-03-16,2019-03-15,1,0.6077017071867366,1.0,0.002214246153734667,0.002214246153734667,5.0,0.0,0.002214246153734667,1.0,0.002214246153734667,0.0,0.002214246153734667,0.6077017071867366,0.65,1.0
2018-06-26,240.4687042236328,3,2010-03-16,2018-03-15,2018-03-16,2019-03-15,0,0.5401763265409354,1.0,-0.008284284695117994,-0.008284284695117994,5.0,0.0,-0.008284284695117994,1.0,-0.008284284695117994,0.0,-0.008284284695117994,0.5401763265409354,0.65,1.0
2018-06-27,238.47659301757812,3,2010-03-16,2018-03-15,2018-03-16,2019-03-15,1,0.5996811619199999,1.0,0.005717456782675878,0.005717456782675878,5.0,0.0,0.005717456782675878,0.0,0.0,0.0005,-0.0005,0.5996811619199999,0.35,1.0
2018-06-28,239.84007263183594,3,2010-03-16,2018-03-15,2018-03-16,2019-03-15,1,0.5570917346186866,1.0,0.0014396087989694273,0.0014396087989694273,5.0,0.0,0.0014396087989694273,1.0,0.0014396087989694273,0.0005,0.0009396087989694273,0.5570917346186866,0.65,1.0
2018-06-29,240.1853485107422,3,2010-03-16,2018-03-15,2018-03-16,2019-03-15,1,0.5986378426632115,1.0,0.0021380125402876704,0.0021380125402876704,5.0,0.0,0.0021380125402876704,1.0,0.0021380125402876704,0.0,0.0021380125402876704,0.5986378426632115,0.35,1.0
2018-07-02,240.69886779785153,3,2010-03-16,2018-03-15,2018-03-16,2019-03-15,0,0.5703454075483899,1.0,-0.0035312820276799384,-0.0035312820276799384,5.0,0.0,-0.0035312820276799384,1.0,-0.0035312820276799384,0.0,-0.0035312820276799384,0.5703454075483899,0.35,1.0
2018-07-03,239.84889221191406,3,2010-03-16,2018-03-15,2018-03-16,2019-03-15,1,0.5854187034110807,1.0,0.008158034580004747,0.008158034580004747,5.0,0.0,0.008158034580004747,1.0,0.008158034580004747,0.0,0.008158034580004747,0.5854187034110807,0.35,1.0
2018-07-05,241.8055877685547,3,2010-03-16,2018-03-15,2018-03-16,2019-03-15,1,0.5734268668666875,1.0,0.008458335665535,0.008458335665535,5.0,0.0,0.008458335665535,1.0,0.008458335665535,0.0,0.008458335665535,0.5734268668666875,0.35,1.0
2018-07-06,243.85086059570312,3,2010-03-16,2018-03-15,2018-03-16,2019-03-15,1,0.5733992775076475,1.0,0.009004499715600023,0.009004499715600023,5.0,0.0,0.009004499715600023,1.0,0.009004499715600023,0.0,0.009004499715600023,0.5733992775076475,0.35,1.0
2018-07-09,246.04661560058594,3,2010-03-16,2018-03-15,2018-03-16,2019-03-15,1,0.5700022927777256,1.0,0.0035980353627997896,0.0035980353627997896,5.0,0.0,0.0035980353627997896,1.0,0.0035980353627997896,0.0,0.0035980353627997896,0.5700022927777256,0.65,1.0
2018-07-10,246.93190002441406,3,2010-03-16,2018-03-15,2018-03-16,2019-03-15,0,0.5583348977142275,1.0,-0.0073142507144411395,-0.0073142507144411395,5.0,0.0,-0.0073142507144411395,1.0,-0.0073142507144411395,0.0,-0.0073142507144411395,0.5583348977142275,0.65,1.0
2018-07-11,245.1257781982422,3,2010-03-16,2018-03-15,2018-03-16,2019-03-15,1,0.5720415402798666,1.0,0.009066041821368165,0.009066041821368165,5.0,0.0,0.009066041821368165,1.0,0.009066041821368165,0.0,0.009066041821368165,0.5720415402798666,0.35,1.0
2018-07-12,247.34809875488284,3,2010-03-16,2018-03-15,2018-03-16,2019-03-15,1,0.5131050754457592,1.0,0.0007874669074201535,0.0007874669074201535,5.0,0.0,0.0007874669074201535,1.0,0.0007874669074201535,0.0,0.0007874669074201535,0.5131050754457592,0.65,1.0
2018-07-13,247.54287719726562,3,2010-03-16,2018-03-15,2018-03-16,2019-03-15,0,0.5534794911215922,1.0,-0.0008944108261310646,-0.0008944108261310646,5.0,0.0,-0.0008944108261310646,1.0,-0.0008944108261310646,0.0,-0.0008944108261310646,0.5534794911215922,0.65,1.0
2018-07-16,247.32147216796875,3,2010-03-16,2018-03-15,2018-03-16,2019-03-15,1,0.5616496116044425,1.0,0.004045418256885647,0.004045418256885647,5.0,0.0,0.004045418256885647,1.0,0.004045418256885647,0.0,0.004045418256885647,0.5616496116044425,0.65,1.0
2018-07-17,248.32199096679688,3,2010-03-16,2018-03-15,2018-03-16,2019-03-15,1,0.5566688160464407,1.0,0.0021036584054472396,0.0021036584054472396,5.0,0.0,0.0021036584054472396,1.0,0.0021036584054472396,0.0,0.0021036584054472396,0.5566688160464407,0.65,1.0
2018-07-18,248.84437561035156,3,2010-03-16,2018-03-15,2018-03-16,2019-03-15,0,0.5237590975631765,1.0,-0.003771461893708472,-0.003771461893708472,5.0,0.0,-0.003771461893708472,1.0,-0.003771461893708472,0.0,-0.003771461893708472,0.5237590975631765,0.65,1.0
2018-07-19,247.90586853027344,3,2010-03-16,2018-03-15,2018-03-16,2019-03-15,0,0.5665561914861519,1.0,-0.0011429971971640418,-0.0011429971971640418,5.0,0.0,-0.0011429971971640418,1.0,-0.0011429971971640418,0.0,-0.0011429971971640418,0.5665561914861519,0.65,1.0
2018-07-20,247.6225128173828,3,2010-03-16,2018-03-15,2018-03-16,2019-03-15,1,0.5578343536484749,1.0,0.0018595420598070955,0.0018595420598070955,5.0,0.0,0.0018595420598070955,1.0,0.0018595420598070955,0.0,0.0018595420598070955,0.5578343536484749,0.65,1.0
2018-07-23,248.08297729492188,3,2010-03-16,2018-03-15,2018-03-16,2019-03-15,1,0.5439117722042627,1.0,0.005031809469660198,0.005031809469660198,5.0,0.0,0.005031809469660198,1.0,0.005031809469660198,0.0,0.005031809469660198,0.5439117722042627,0.65,1.0
2018-07-24,249.33128356933594,3,2010-03-16,2018-03-15,2018-03-16,2019-03-15,1,0.5623323959675343,1.0,0.008522552543041906,0.008522552543041906,5.0,0.0,0.008522552543041906,1.0,0.008522552543041906,0.0,0.008522552543041906,0.5623323959675343,0.65,1.0
2018-07-25,251.4562225341797,3,2010-03-16,2018-03-15,2018-03-16,2019-03-15,0,0.5403767992483838,1.0,-0.002359182823925776,-0.002359182823925776,5.0,0.0,-0.002359182823925776,1.0,-0.002359182823925776,0.0,-0.002359182823925776,0.5403767992483838,0.65,1.0
2018-07-26,250.86299133300778,3,2010-03-16,2018-03-15,2018-03-16,2019-03-15,0,0.5455603500927113,1.0,-0.006775986969297931,-0.006775986969297931,5.0,0.0,-0.006775986969297931,1.0,-0.006775986969297931,0.0,-0.006775986969297931,0.5455603500927113,0.65,1.0
2018-07-27,249.16314697265622,3,2010-03-16,2018-03-15,2018-03-16,2019-03-15,0,0.5531867071823657,1.0,-0.00522384622940697,-0.00522384622940697,5.0,0.0,-0.00522384622940697,1.0,-0.00522384622940697,0.0,-0.00522384622940697,0.5531867071823657,0.65,1.0
2018-07-30,247.86155700683594,3,2010-03-16,2018-03-15,2018-03-16,2019-03-15,1,0.5322393124505168,1.0,0.004929802685384788,0.004929802685384788,5.0,0.0,0.004929802685384788,1.0,0.004929802685384788,0.0,0.004929802685384788,0.5322393124505168,0.65,1.0
2018-07-31,249.08346557617188,3,2010-03-16,2018-03-15,2018-03-16,2019-03-15,0,0.5245850508528039,1.0,-0.0016706757084413715,-0.0016706757084413715,5.0,0.0,-0.0016706757084413715,1.0,-0.0016706757084413715,0.0,-0.0016706757084413715,0.5245850508528039,0.65,1.0
2018-08-01,248.66732788085938,3,2010-03-16,2018-03-15,2018-03-16,2019-03-15,1,0.5536251431008693,1.0,0.00544761865957577,0.00544761865957577,5.0,0.0,0.00544761865957577,1.0,0.00544761865957577,0.0,0.00544761865957577,0.5536251431008693,0.65,1.0
2018-08-02,250.02197265625,3,2010-03-16,2018-03-15,2018-03-16,2019-03-15,1,0.5412912710786993,1.0,0.004284840687830194,0.004284840687830194,5.0,0.0,0.004284840687830194,1.0,0.004284840687830194,0.0,0.004284840687830194,0.5412912710786993,0.65,1.0
2018-08-03,251.09327697753906,3,2010-03-16,2018-03-15,2018-03-16,2019-03-15,1,0.5287082587069735,1.0,0.0036667043639542207,0.0036667043639542207,5.0,0.0,0.0036667043639542207,1.0,0.0036667043639542207,0.0,0.0036667043639542207,0.5287082587069735,0.65,1.0
2018-08-06,252.0139617919922,3,2010-03-16,2018-03-15,2018-03-16,2019-03-15,1,0.5277696853152145,1.0,0.0033027998871639763,0.0033027998871639763,5.0,0.0,0.0033027998871639763,1.0,0.0033027998871639763,0.0,0.0033027998871639763,0.5277696853152145,0.65,1.0
2018-08-07,252.8463134765625,3,2010-03-16,2018-03-15,2018-03-16,2019-03-15,0,0.5491766006875813,1.0,-0.00042044505983396263,-0.00042044505983396263,5.0,0.0,-0.00042044505983396263,1.0,-0.00042044505983396263,0.0,-0.00042044505983396263,0.5491766006875813,0.65,1.0
2018-08-08,252.74000549316406,3,2010-03-16,2018-03-15,2018-03-16,2019-03-15,0,0.5435874638593551,1.0,-0.0013663118135952557,-0.0013663118135952557,5.0,0.0,-0.0013663118135952557,1.0,-0.0013663118135952557,0.0,-0.0013663118135952557,0.5435874638593551,0.65,1.0
2018-08-09,252.39468383789062,3,2010-03-16,2018-03-15,2018-03-16,2019-03-15,0,0.5465664518165002,1.0,-0.006699620057822653,-0.006699620057822653,5.0,0.0,-0.006699620057822653,1.0,-0.006699620057822653,0.0,-0.006699620057822653,0.5465664518165002,0.65,1.0
2018-08-10,250.7037353515625,3,2010-03-16,2018-03-15,2018-03-16,2019-03-15,0,0.5713446951252157,1.0,-0.0037434297497522806,-0.0037434297497522806,5.0,0.0,-0.0037434297497522806,1.0,-0.0037434297497522806,0.0,-0.0037434297497522806,0.5713446951252157,0.65,1.0
2018-08-13,249.76524353027344,3,2010-03-16,2018-03-15,2018-03-16,2019-03-15,1,0.5340726685604287,1.0,0.0063799533436397216,0.0063799533436397216,5.0,0.0,0.0063799533436397216,1.0,0.0063799533436397216,0.0,0.0063799533436397216,0.5340726685604287,0.65,1.0
2018-08-14,251.35873413085938,3,2010-03-16,2018-03-15,2018-03-16,2019-03-15,0,0.5378235416653632,1.0,-0.007467107176171273,-0.007467107176171273,5.0,0.0,-0.007467107176171273,1.0,-0.007467107176171273,0.0,-0.007467107176171273,0.5378235416653632,0.65,1.0
2018-08-15,249.4818115234375,3,2010-03-16,2018-03-15,2018-03-16,2019-03-15,1,0.5962155983335721,1.0,0.008091845646860607,0.008091845646860607,5.0,0.0,0.008091845646860607,1.0,0.008091845646860607,0.0,0.008091845646860607,0.5962155983335721,0.65,1.0
2018-08-16,251.50057983398435,3,2010-03-16,2018-03-15,2018-03-16,2019-03-15,1,0.5332795422672564,1.0,0.0035201308163610445,0.0035201308163610445,5.0,0.0,0.0035201308163610445,1.0,0.0035201308163610445,0.0,0.0035201308163610445,0.5332795422672564,0.65,1.0
2018-08-17,252.38589477539062,3,2010-03-16,2018-03-15,2018-03-16,2019-03-15,1,0.5433983841404825,1.0,0.0021399773475332395,0.0021399773475332395,5.0,0.0,0.0021399773475332395,1.0,0.0021399773475332395,0.0,0.0021399773475332395,0.5433983841404825,0.65,1.0
2018-08-20,252.92599487304688,3,2010-03-16,2018-03-15,2018-03-16,2019-03-15,1,0.5407260612061114,1.0,0.002345232115478435,0.002345232115478435,5.0,0.0,0.002345232115478435,1.0,0.002345232115478435,0.0,0.002345232115478435,0.5407260612061114,0.65,1.0
2018-08-21,253.5191650390625,3,2010-03-16,2018-03-15,2018-03-16,2019-03-15,0,0.5749158484693686,1.0,-0.0005937537466974563,-0.0005937537466974563,5.0,0.0,-0.0005937537466974563,1.0,-0.0005937537466974563,0.0,-0.0005937537466974563,0.5749158484693686,0.65,1.0
2018-08-22,253.36863708496094,3,2010-03-16,2018-03-15,2018-03-16,2019-03-15,0,0.5506675854627509,1.0,-0.0013279921362341351,-0.0013279921362341351,5.0,0.0,-0.0013279921362341351,1.0,-0.0013279921362341351,0.0,-0.0013279921362341351,0.5506675854627509,0.65,1.0
2018-08-23,253.03216552734375,3,2010-03-16,2018-03-15,2018-03-16,2019-03-15,1,0.5713332865645481,1.0,0.006018495402080104,0.006018495402080104,5.0,0.0,0.006018495402080104,1.0,0.006018495402080104,0.0,0.006018495402080104,0.5713332865645481,0.65,1.0
2018-08-24,254.55503845214844,3,2010-03-16,2018-03-15,2018-03-16,2019-03-15,1,0.5520869335432308,1.0,0.007895390378395595,0.007895390378395595,5.0,0.0,0.007895390378395595,1.0,0.007895390378395595,0.0,0.007895390378395595,0.5520869335432308,0.65,1.0
2018-08-27,256.5648498535156,3,2010-03-16,2018-03-15,2018-03-16,2019-03-15,1,0.5424109131665494,1.0,0.0004833999574407333,0.0004833999574407333,5.0,0.0,0.0004833999574407333,1.0,0.0004833999574407333,0.0,0.0004833999574407333,0.5424109131665494,0.65,1.0
2018-08-28,256.6888732910156,3,2010-03-16,2018-03-15,2018-03-16,2019-03-15,1,0.5612623162347447,1.0,0.00538069505340566,0.00538069505340566,5.0,0.0,0.00538069505340566,1.0,0.00538069505340566,0.0,0.00538069505340566,0.5612623162347447,0.65,1.0
2018-08-29,258.0700378417969,3,2010-03-16,2018-03-15,2018-03-16,2019-03-15,0,0.5329083377445835,1.0,-0.004048394365524288,-0.004048394365524288,5.0,0.0,-0.004048394365524288,1.0,-0.004048394365524288,0.0,-0.004048394365524288,0.5329083377445835,0.65,1.0
2018-08-30,257.0252685546875,3,2010-03-16,2018-03-15,2018-03-16,2019-03-15,1,0.5387611444879219,1.0,3.4314058410256365e-05,3.4314058410256365e-05,5.0,0.0,3.4314058410256365e-05,1.0,3.4314058410256365e-05,0.0,3.4314058410256365e-05,0.5387611444879219,0.65,1.0
2018-08-31,257.0340881347656,3,2010-03-16,2018-03-15,2018-03-16,2019-03-15,0,0.5349447174170229,1.0,-0.0017226491016377743,-0.0017226491016377743,5.0,0.0,-0.0017226491016377743,1.0,-0.0017226491016377743,0.0,-0.0017226491016377743,0.5349447174170229,0.65,1.0
2018-09-04,256.59130859375,3,2010-03-16,2018-03-15,2018-03-16,2019-03-15,0,0.5514759757785099,1.0,-0.0026910136841363785,-0.0026910136841363785,5.0,0.0,-0.0026910136841363785,1.0,-0.0026910136841363785,0.0,-0.0026910136841363785,0.5514759757785099,0.65,1.0
2018-09-05,255.90081787109375,3,2010-03-16,2018-03-15,2018-03-16,2019-03-15,0,0.554298805331516,1.0,-0.0030102471474682257,-0.0030102471474682257,5.0,0.0,-0.0030102471474682257,1.0,-0.0030102471474682257,0.0,-0.0030102471474682257,0.554298805331516,0.65,1.0
2018-09-06,255.1304931640625,3,2010-03-16,2018-03-15,2018-03-16,2019-03-15,0,0.5595084375560652,1.0,-0.001942915624615793,-0.001942915624615793,5.0,0.0,-0.001942915624615793,1.0,-0.001942915624615793,0.0,-0.001942915624615793,0.5595084375560652,0.65,1.0
2018-09-07,254.6347961425781,3,2010-03-16,2018-03-15,2018-03-16,2019-03-15,1,0.5544619756770228,1.0,0.001738641036362898,0.001738641036362898,5.0,0.0,0.001738641036362898,1.0,0.001738641036362898,0.0,0.001738641036362898,0.5544619756770228,0.65,1.0
2018-09-10,255.0775146484375,3,2010-03-16,2018-03-15,2018-03-16,2019-03-15,1,0.548195135166924,1.0,0.0032972896661793705,0.0032972896661793705,5.0,0.0,0.0032972896661793705,1.0,0.0032972896661793705,0.0,0.0032972896661793705,0.548195135166924,0.65,1.0
2018-09-11,255.9185791015625,3,2010-03-16,2018-03-15,2018-03-16,2019-03-15,1,0.5566152707774449,1.0,0.00024248921408931423,0.00024248921408931423,5.0,0.0,0.00024248921408931423,1.0,0.00024248921408931423,0.0,0.00024248921408931423,0.5566152707774449,0.65,1.0
2018-09-12,255.9806365966797,3,2010-03-16,2018-03-15,2018-03-16,2019-03-15,1,0.5629957119358118,1.0,0.005913764510581787,0.005913764510581787,5.0,0.0,0.005913764510581787,1.0,0.005913764510581787,0.0,0.005913764510581787,0.5629957119358118,0.65,1.0
2018-09-13,257.49444580078125,3,2010-03-16,2018-03-15,2018-03-16,2019-03-15,1,0.5393913034308545,1.0,0.00017232433288327798,0.00017232433288327798,5.0,0.0,0.00017232433288327798,1.0,0.00017232433288327798,0.0,0.00017232433288327798,0.5393913034308545,0.65,1.0
2018-09-14,257.538818359375,3,2010-03-16,2018-03-15,2018-03-16,2019-03-15,0,0.5497629070776685,1.0,-0.0052944460928694426,-0.0052944460928694426,5.0,0.0,-0.0052944460928694426,1.0,-0.0052944460928694426,0.0,-0.0052944460928694426,0.5497629070776685,0.65,1.0
2018-09-17,256.17529296875,3,2010-03-16,2018-03-15,2018-03-16,2019-03-15,1,0.566509005831098,1.0,0.005426148438855138,0.005426148438855138,5.0,0.0,0.005426148438855138,1.0,0.005426148438855138,0.0,0.005426148438855138,0.566509005831098,0.65,1.0
2018-09-18,257.5653381347656,3,2010-03-16,2018-03-15,2018-03-16,2019-03-15,1,0.5393442914803865,1.0,0.0010657707951786666,0.0010657707951786666,5.0,0.0,0.0010657707951786666,1.0,0.0010657707951786666,0.0,0.0010657707951786666,0.5393442914803865,0.65,1.0
2018-09-19,257.83984375,3,2010-03-16,2018-03-15,2018-03-16,2019-03-15,1,0.5495639613625847,1.0,0.00810389901828601,0.00810389901828601,5.0,0.0,0.00810389901828601,1.0,0.00810389901828601,0.0,0.00810389901828601,0.5495639613625847,0.65,1.0
2018-09-20,259.9293518066406,3,2010-03-16,2018-03-15,2018-03-16,2019-03-15,0,0.5550069453984221,1.0,-0.000913897666707908,-0.000913897666707908,5.0,0.0,-0.000913897666707908,1.0,-0.000913897666707908,0.0,-0.000913897666707908,0.5550069453984221,0.65,1.0
2018-09-21,259.6918029785156,3,2010-03-16,2018-03-15,2018-03-16,2019-03-15,0,0.5411887213794447,1.0,-0.003321902688275702,-0.003321902688275702,5.0,0.0,-0.003321902688275702,1.0,-0.003321902688275702,0.0,-0.003321902688275702,0.5411887213794447,0.65,1.0
2018-09-24,258.8291320800781,3,2010-03-16,2018-03-15,2018-03-16,2019-03-15,0,0.5278878918797277,1.0,-0.0009276865504197485,-0.0009276865504197485,5.0,0.0,-0.0009276865504197485,1.0,-0.0009276865504197485,0.0,-0.0009276865504197485,0.5278878918797277,0.65,1.0
2018-09-25,258.5890197753906,3,2010-03-16,2018-03-15,2018-03-16,2019-03-15,0,0.5451579251850949,1.0,-0.0029924074564713354,-0.0029924074564713354,5.0,0.0,-0.0029924074564713354,1.0,-0.0029924074564713354,0.0,-0.0029924074564713354,0.5451579251850949,0.65,1.0
2018-09-26,257.8152160644531,3,2010-03-16,2018-03-15,2018-03-16,2019-03-15,1,0.5659967993236809,1.0,0.002794004655964244,0.002794004655964244,5.0,0.0,0.002794004655964244,1.0,0.002794004655964244,0.0,0.002794004655964244,0.5659967993236809,0.65,1.0
2018-09-27,258.5355529785156,3,2010-03-16,2018-03-15,2018-03-16,2019-03-15,1,0.557359656013484,1.0,0.00010328514029023239,0.00010328514029023239,5.0,0.0,0.00010328514029023239,1.0,0.00010328514029023239,0.0,0.00010328514029023239,0.557359656013484,0.65,1.0
2018-09-28,258.562255859375,3,2010-03-16,2018-03-15,2018-03-16,2019-03-15,1,0.5724907870376427,1.0,0.003474507374859659,0.003474507374859659,5.0,0.0,0.003474507374859659,1.0,0.003474507374859659,0.0,0.003474507374859659,0.5724907870376427,0.65,1.0
2018-10-01,259.46063232421875,3,2010-03-16,2018-03-15,2018-03-16,2019-03-15,0,0.5483463578815471,1.0,-0.000582686015512146,-0.000582686015512146,5.0,0.0,-0.000582686015512146,1.0,-0.000582686015512146,0.0,-0.000582686015512146,0.5483463578815471,0.65,1.0
2018-10-02,259.3094482421875,3,2010-03-16,2018-03-15,2018-03-16,2019-03-15,1,0.5587457399030926,1.0,0.0005484255009855499,0.0005484255009855499,5.0,0.0,0.0005484255009855499,1.0,0.0005484255009855499,0.0,0.0005484255009855499,0.5587457399030926,0.65,1.0
2018-10-03,259.45166015625,3,2010-03-16,2018-03-15,2018-03-16,2019-03-15,0,0.563449919233432,1.0,-0.007815484692965335,-0.007815484692965335,5.0,0.0,-0.007815484692965335,1.0,-0.007815484692965335,0.0,-0.007815484692965335,0.563449919233432,0.65,1.0
2018-10-04,257.4239196777344,3,2010-03-16,2018-03-15,2018-03-16,2019-03-15,0,0.5884175201078237,1.0,-0.005597392471394236,-0.005597392471394236,5.0,0.0,-0.005597392471394236,1.0,-0.005597392471394236,0.0,-0.005597392471394236,0.5884175201078237,0.65,1.0
2018-10-05,255.98301696777344,3,2010-03-16,2018-03-15,2018-03-16,2019-03-15,0,0.5576709357831281,1.0,0.0,0.0,5.0,0.0,0.0,1.0,0.0,0.0,0.0,0.5576709357831281,0.65,1.0
2018-10-08,255.98301696777344,3,2010-03-16,2018-03-15,2018-03-16,2019-03-15,0,0.5582948979683556,1.0,-0.001459099291414856,-0.001459099291414856,5.0,0.0,-0.001459099291414856,1.0,-0.001459099291414856,0.0,-0.001459099291414856,0.5582948979683556,0.65,1.0
2018-10-09,255.60951232910153,3,2010-03-16,2018-03-15,2018-03-16,2019-03-15,0,0.5715588052194517,1.0,-0.03166307746263408,-0.03166307746263408,5.0,0.0,-0.03166307746263408,1.0,-0.03166307746263408,0.0,-0.03166307746263408,0.5715588052194517,0.35,1.0
2018-10-10,247.51612854003906,3,2010-03-16,2018-03-15,2018-03-16,2019-03-15,0,0.6562399237874771,1.0,-0.022026337481336977,-0.022026337481336977,5.0,0.0,-0.022026337481336977,0.0,-0.0,0.0005,-0.0005,0.6562399237874771,0.35,1.0
2018-10-11,242.0642547607422,3,2010-03-16,2018-03-15,2018-03-16,2019-03-15,1,0.5878350962744077,1.0,0.013888115821036218,0.013888115821036218,5.0,0.0,0.013888115821036218,0.0,0.0,0.0,0.0,0.5878350962744077,0.35,1.0
2018-10-12,245.4260711669922,3,2010-03-16,2018-03-15,2018-03-16,2019-03-15,0,0.5381767081268363,1.0,-0.005616925832319208,-0.005616925832319208,5.0,0.0,-0.005616925832319208,0.0,-0.0,0.0,-0.0,0.5381767081268363,0.35,1.0
2018-10-15,244.0475311279297,3,2010-03-16,2018-03-15,2018-03-16,2019-03-15,1,0.6212455090259194,1.0,0.02186577519340349,0.02186577519340349,5.0,0.0,0.02186577519340349,0.0,0.0,0.0,0.0,0.6212455090259194,0.35,1.0
2018-10-16,249.38381958007812,3,2010-03-16,2018-03-15,2018-03-16,2019-03-15,1,0.6052055629272753,1.0,0.00017847945295823564,0.00017847945295823564,5.0,0.0,0.00017847945295823564,0.0,0.0,0.0,0.0,0.6052055629272753,0.35,1.0
2018-10-17,249.42832946777344,3,2010-03-16,2018-03-15,2018-03-16,2019-03-15,0,0.6084801309553999,1.0,-0.014441225617539133,-0.014441225617539133,5.0,0.0,-0.014441225617539133,0.0,-0.0,0.0,-0.0,0.6084801309553999,0.35,1.0
2018-10-18,245.82627868652344,3,2010-03-16,2018-03-15,2018-03-16,2019-03-15,0,0.594074189792964,1.0,-0.0005426284557416006,-0.0005426284557416006,5.0,0.0,-0.0005426284557416006,0.0,-0.0,0.0,-0.0,0.594074189792964,0.35,1.0
2018-10-19,245.69288635253906,3,2010-03-16,2018-03-15,2018-03-16,2019-03-15,0,0.5858590866492146,1.0,-0.004488710498108617,-0.004488710498108617,5.0,0.0,-0.004488710498108617,0.0,-0.0,0.0,-0.0,0.5858590866492146,0.35,1.0
2018-10-22,244.5900421142578,3,2010-03-16,2018-03-15,2018-03-16,2019-03-15,0,0.588059908863967,1.0,-0.005090566721147605,-0.005090566721147605,5.0,0.0,-0.005090566721147605,0.0,-0.0,0.0,-0.0,0.588059908863967,0.35,1.0
2018-10-23,243.34494018554688,3,2010-03-16,2018-03-15,2018-03-16,2019-03-15,0,0.6549027876238134,1.0,-0.030298496587691348,-0.030298496587691348,5.0,0.0,-0.030298496587691348,0.0,-0.0,0.0,-0.0,0.6549027876238134,0.35,1.0
2018-10-24,235.97195434570312,3,2010-03-16,2018-03-15,2018-03-16,2019-03-15,1,0.6454502856433267,1.0,0.01794026094854484,0.01794026094854484,5.0,0.0,0.01794026094854484,0.0,0.0,0.0,0.0,0.6454502856433267,0.35,1.0
2018-10-25,240.20535278320312,3,2010-03-16,2018-03-15,2018-03-16,2019-03-15,0,0.5092589412439682,1.0,-0.01758736351406276,-0.01758736351406276,5.0,0.0,-0.01758736351406276,0.0,-0.0,0.0,-0.0,0.5092589412439682,0.35,1.0
2018-10-26,235.98077392578125,3,2010-03-16,2018-03-15,2018-03-16,2019-03-15,0,0.6377660958811395,1.0,-0.005540167637920312,-0.005540167637920312,5.0,0.0,-0.005540167637920312,0.0,-0.0,0.0,-0.0,0.6377660958811395,0.35,1.0
2018-10-29,234.67340087890625,3,2010-03-16,2018-03-15,2018-03-16,2019-03-15,1,0.6110903742478936,1.0,0.014818373170200738,0.014818373170200738,5.0,0.0,0.014818373170200738,0.0,0.0,0.0,0.0,0.6110903742478936,0.35,1.0
2018-10-30,238.15087890625,3,2010-03-16,2018-03-15,2018-03-16,2019-03-15,1,0.6074461588920502,1.0,0.010681176996430342,0.010681176996430342,5.0,0.0,0.010681176996430342,0.0,0.0,0.0,0.0,0.6074461588920502,0.35,1.0
2018-10-31,240.69461059570312,3,2010-03-16,2018-03-15,2018-03-16,2019-03-15,1,0.5834085048085725,1.0,0.010641452775748128,0.010641452775748128,5.0,0.0,0.010641452775748128,0.0,0.0,0.0,0.0,0.5834085048085725,0.35,1.0
2018-11-01,243.25595092773438,3,2010-03-16,2018-03-15,2018-03-16,2019-03-15,0,0.6102305554624488,1.0,-0.005923025322634778,-0.005923025322634778,5.0,0.0,-0.005923025322634778,0.0,-0.0,0.0,-0.0,0.6102305554624488,0.35,1.0
2018-11-02,241.8151397705078,3,2010-03-16,2018-03-15,2018-03-16,2019-03-15,1,0.6137562353564318,1.0,0.005516987843645849,0.005516987843645849,5.0,0.0,0.005516987843645849,0.0,0.0,0.0,0.0,0.6137562353564318,0.35,1.0
2018-11-05,243.14923095703125,3,2010-03-16,2018-03-15,2018-03-16,2019-03-15,1,0.5635894267640876,1.0,0.006328071717225825,0.006328071717225825,5.0,0.0,0.006328071717225825,0.0,0.0,0.0,0.0,0.5635894267640876,0.35,1.0
2018-11-06,244.68789672851562,3,2010-03-16,2018-03-15,2018-03-16,2019-03-15,1,0.593598918360991,1.0,0.02140863486886202,0.02140863486886202,5.0,0.0,0.02140863486886202,0.0,0.0,0.0,0.0,0.593598918360991,0.35,1.0
2018-11-07,249.92633056640625,3,2010-03-16,2018-03-15,2018-03-16,2019-03-15,0,0.5354366086696701,1.0,-0.001814682695804204,-0.001814682695804204,5.0,0.0,-0.001814682695804204,0.0,-0.0,0.0,-0.0,0.5354366086696701,0.65,1.0
2018-11-08,249.47279357910156,3,2010-03-16,2018-03-15,2018-03-16,2019-03-15,0,0.5782258685070277,1.0,-0.009768341428509353,-0.009768341428509353,5.0,0.0,-0.009768341428509353,0.0,-0.0,0.0,-0.0,0.5782258685070277,0.65,1.0
2018-11-09,247.03585815429688,3,2010-03-16,2018-03-15,2018-03-16,2019-03-15,0,0.5482548638750939,1.0,-0.01868516496433359,-0.01868516496433359,5.0,0.0,-0.01868516496433359,0.0,-0.0,0.0,-0.0,0.5482548638750939,0.65,1.0
2018-11-12,242.41995239257812,3,2010-03-16,2018-03-15,2018-03-16,2019-03-15,0,0.5327197599935595,1.0,-0.0018710620111720422,-0.0018710620111720422,5.0,0.0,-0.0018710620111720422,0.0,-0.0,0.0,-0.0,0.5327197599935595,0.35,1.0
2018-11-13,241.96636962890625,3,2010-03-16,2018-03-15,2018-03-16,2019-03-15,0,0.5331927607450201,1.0,-0.006836698427016397,-0.006836698427016397,5.0,0.0,-0.006836698427016397,0.0,-0.0,0.0,-0.0,0.5331927607450201,0.35,1.0
2018-11-14,240.31211853027344,3,2010-03-16,2018-03-15,2018-03-16,2019-03-15,1,0.6114001243214614,1.0,0.010436599690331505,0.010436599690331505,5.0,0.0,0.010436599690331505,0.0,0.0,0.0,0.0,0.6114001243214614,0.35,1.0
2018-11-15,242.82015991210938,3,2010-03-16,2018-03-15,2018-03-16,2019-03-15,1,0.5841987389933493,1.0,0.0026008796828747016,0.0026008796828747016,5.0,0.0,0.0026008796828747016,0.0,0.0,0.0,0.0,0.5841987389933493,0.35,1.0
2018-11-16,243.4517059326172,3,2010-03-16,2018-03-15,2018-03-16,2019-03-15,0,0.5821973235956374,1.0,-0.016914479489654854,-0.016914479489654854,5.0,0.0,-0.016914479489654854,0.0,-0.0,0.0,-0.0,0.5821973235956374,0.35,1.0
2018-11-19,239.33384704589844,3,2010-03-16,2018-03-15,2018-03-16,2019-03-15,0,0.5901539945449961,1.0,-0.01850655496406972,-0.01850655496406972,5.0,0.0,-0.01850655496406972,0.0,-0.0,0.0,-0.0,0.5901539945449961,0.35,1.0
2018-11-20,234.90460205078125,3,2010-03-16,2018-03-15,2018-03-16,2019-03-15,1,0.5991692533011338,1.0,0.0034077294613188425,0.0034077294613188425,5.0,0.0,0.0034077294613188425,0.0,0.0,0.0,0.0,0.5991692533011338,0.35,1.0
2018-11-21,235.70509338378906,3,2010-03-16,2018-03-15,2018-03-16,2019-03-15,0,0.5498834407716351,1.0,-0.006678634771199787,-0.006678634771199787,5.0,0.0,-0.006678634771199787,0.0,-0.0,0.0,-0.0,0.5498834407716351,0.35,1.0
2018-11-23,234.1309051513672,3,2010-03-16,2018-03-15,2018-03-16,2019-03-15,1,0.6160121181623417,1.0,0.016144157427497863,0.016144157427497863,5.0,0.0,0.016144157427497863,0.0,0.0,0.0,0.0,0.6160121181623417,0.35,1.0
2018-11-26,237.91075134277344,3,2010-03-16,2018-03-15,2018-03-16,2019-03-15,1,0.605869536073044,1.0,0.003364478284915151,0.003364478284915151,5.0,0.0,0.003364478284915151,0.0,0.0,0.0,0.0,0.605869536073044,0.65,1.0
2018-11-27,238.71119689941406,3,2010-03-16,2018-03-15,2018-03-16,2019-03-15,1,0.5618568766957663,1.0,0.023025180551204505,0.023025180551204505,5.0,0.0,0.023025180551204505,0.0,0.0,0.0,0.0,0.5618568766957663,0.65,1.0
2018-11-28,244.2075653076172,3,2010-03-16,2018-03-15,2018-03-16,2019-03-15,0,0.5164106676373732,1.0,-0.002184963410344909,-0.002184963410344909,5.0,0.0,-0.002184963410344909,0.0,-0.0,0.0,-0.0,0.5164106676373732,0.65,1.0
2018-11-29,243.67398071289062,3,2010-03-16,2018-03-15,2018-03-16,2019-03-15,1,0.5446767459121121,1.0,0.006095337976625093,0.006095337976625093,5.0,0.0,0.006095337976625093,0.0,0.0,0.0,0.0,0.5446767459121121,0.65,1.0
2018-11-30,245.1592559814453,3,2010-03-16,2018-03-15,2018-03-16,2019-03-15,1,0.5250921341656462,1.0,0.013241564554688834,0.013241564554688834,5.0,0.0,0.013241564554688834,0.0,0.0,0.0,0.0,0.5250921341656462,0.65,1.0
2018-12-03,248.40554809570312,3,2010-03-16,2018-03-15,2018-03-16,2019-03-15,0,0.5241947696989651,1.0,-0.0324023959940799,-0.0324023959940799,5.0,0.0,-0.0324023959940799,1.0,-0.0324023959940799,0.0005,-0.0329023959940799,0.5241947696989651,0.65,1.0
2018-12-04,240.3566131591797,3,2010-03-16,2018-03-15,2018-03-16,2019-03-15,0,0.5802602166969867,1.0,-0.0015171396210934551,-0.0015171396210934551,5.0,0.0,-0.0015171396210934551,0.0,-0.0,0.0005,-0.0005,0.5802602166969867,0.35,1.0
2018-12-06,239.99195861816406,3,2010-03-16,2018-03-15,2018-03-16,2019-03-15,0,0.5037845749301307,1.0,-0.023236163168461443,-0.023236163168461443,5.0,0.0,-0.023236163168461443,0.0,-0.0,0.0,-0.0,0.5037845749301307,0.35,1.0
2018-12-07,234.41546630859375,3,2010-03-16,2018-03-15,2018-03-16,2019-03-15,1,0.5736622697764461,1.0,0.001897328664347775,0.001897328664347775,5.0,0.0,0.001897328664347775,0.0,0.0,0.0,0.0,0.5736622697764461,0.35,1.0
2018-12-10,234.8602294921875,3,2010-03-16,2018-03-15,2018-03-16,2019-03-15,1,0.5524088366605351,1.0,0.00022687404981880377,0.00022687404981880377,5.0,0.0,0.00022687404981880377,0.0,0.0,0.0,0.0,0.5524088366605351,0.35,1.0
2018-12-11,234.91351318359375,3,2010-03-16,2018-03-15,2018-03-16,2019-03-15,1,0.6194753450257802,1.0,0.0050354355084658575,0.0050354355084658575,5.0,0.0,0.0050354355084658575,0.0,0.0,0.0,0.0,0.6194753450257802,0.35,1.0
2018-12-12,236.09640502929688,3,2010-03-16,2018-03-15,2018-03-16,2019-03-15,0,0.5739766052892998,1.0,-0.00033904627820124933,-0.00033904627820124933,5.0,0.0,-0.00033904627820124933,0.0,-0.0,0.0,-0.0,0.5739766052892998,0.35,1.0
2018-12-13,236.016357421875,3,2010-03-16,2018-03-15,2018-03-16,2019-03-15,0,0.6177550722039333,1.0,-0.018464764467174155,-0.018464764467174155,5.0,0.0,-0.018464764467174155,0.0,-0.0,0.0,-0.0,0.6177550722039333,0.35,1.0
2018-12-14,231.6583709716797,3,2010-03-16,2018-03-15,2018-03-16,2019-03-15,0,0.6090547286868616,1.0,-0.019618279928623195,-0.019618279928623195,5.0,0.0,-0.019618279928623195,0.0,-0.0,0.0,-0.0,0.6090547286868616,0.35,1.0
2018-12-17,227.11363220214844,3,2010-03-16,2018-03-15,2018-03-16,2019-03-15,0,0.6321863643193073,1.0,-0.0010966722316584354,-0.0010966722316584354,5.0,0.0,-0.0010966722316584354,0.0,-0.0,0.0,-0.0,0.6321863643193073,0.35,1.0
2018-12-18,226.86456298828125,3,2010-03-16,2018-03-15,2018-03-16,2019-03-15,0,0.6169982141128676,1.0,-0.014975588849887367,-0.014975588849887367,5.0,0.0,-0.014975588849887367,0.0,-0.0,0.0,-0.0,0.6169982141128676,0.35,1.0
2018-12-19,223.46713256835938,3,2010-03-16,2018-03-15,2018-03-16,2019-03-15,0,0.6456597695013055,1.0,-0.016277957564358236,-0.016277957564358236,5.0,0.0,-0.016277957564358236,0.0,-0.0,0.0,-0.0,0.6456597695013055,0.35,1.0
2018-12-20,219.8295440673828,3,2010-03-16,2018-03-15,2018-03-16,2019-03-15,0,0.6468984752762722,1.0,-0.02048956360661247,-0.02048956360661247,5.0,0.0,-0.02048956360661247,0.0,-0.0,0.0,-0.0,0.6468984752762722,0.35,1.0
2018-12-21,215.32533264160156,3,2010-03-16,2018-03-15,2018-03-16,2019-03-15,0,0.6233424258319569,1.0,-0.026422732396508053,-0.026422732396508053,5.0,0.0,-0.026422732396508053,0.0,-0.0,0.0,-0.0,0.6233424258319569,0.35,1.0
2018-12-24,209.63584899902344,3,2010-03-16,2018-03-15,2018-03-16,2019-03-15,1,0.635661320064487,1.0,0.05052459494879247,0.05052459494879247,5.0,0.0,0.05052459494879247,0.0,0.0,0.0,0.0,0.635661320064487,0.35,1.0
2018-12-26,220.2276153564453,3,2010-03-16,2018-03-15,2018-03-16,2019-03-15,1,0.5530627618586437,1.0,0.007677423364512492,0.007677423364512492,5.0,0.0,0.007677423364512492,0.0,0.0,0.0,0.0,0.5530627618586437,0.35,1.0
2018-12-27,221.91839599609375,3,2010-03-16,2018-03-15,2018-03-16,2019-03-15,0,0.6543909495141917,1.0,-0.0012899105616172024,-0.0012899105616172024,5.0,0.0,-0.0012899105616172024,0.0,-0.0,0.0,-0.0,0.6543909495141917,0.35,1.0
2018-12-28,221.63214111328125,3,2010-03-16,2018-03-15,2018-03-16,2019-03-15,1,0.6658551348899592,1.0,0.008758693012625773,0.008758693012625773,5.0,0.0,0.008758693012625773,0.0,0.0,0.0,0.0,0.6658551348899592,0.35,1.0
2018-12-31,223.57334899902344,3,2010-03-16,2018-03-15,2018-03-16,2019-03-15,1,0.5947884029048983,1.0,0.0010404649762563167,0.0010404649762563167,5.0,0.0,0.0010404649762563167,0.0,0.0,0.0,0.0,0.5947884029048983,0.35,1.0
2019-01-02,223.80596923828125,3,2010-03-16,2018-03-15,2018-03-16,2019-03-15,0,0.5430812060684934,1.0,-0.023862800555356056,-0.023862800555356056,5.0,0.0,-0.023862800555356056,0.0,-0.0,0.0,-0.0,0.5430812060684934,0.35,1.0
2019-01-03,218.46533203125,3,2010-03-16,2018-03-15,2018-03-16,2019-03-15,1,0.696519349119888,1.0,0.03349559806623348,0.03349559806623348,5.0,0.0,0.03349559806623348,0.0,0.0,0.0,0.0,0.696519349119888,0.35,1.0
2019-01-04,225.782958984375,3,2010-03-16,2018-03-15,2018-03-16,2019-03-15,1,0.5758209249187713,1.0,0.007884685669550473,0.007884685669550473,5.0,0.0,0.007884685669550473,0.0,0.0,0.0,0.0,0.5758209249187713,0.35,1.0
2019-01-07,227.5631866455078,3,2010-03-16,2018-03-15,2018-03-16,2019-03-15,1,0.6134521392175796,1.0,0.009395261942788835,0.009395261942788835,5.0,0.0,0.009395261942788835,0.0,0.0,0.0,0.0,0.6134521392175796,0.35,1.0
2019-01-08,229.70120239257812,3,2010-03-16,2018-03-15,2018-03-16,2019-03-15,1,0.5821494456504087,1.0,0.004673602459674742,0.004673602459674742,5.0,0.0,0.004673602459674742,0.0,0.0,0.0,0.0,0.5821494456504087,0.35,1.0
2019-01-09,230.7747344970703,3,2010-03-16,2018-03-15,2018-03-16,2019-03-15,1,0.5353146169644892,1.0,0.003527691948712386,0.003527691948712386,5.0,0.0,0.003527691948712386,0.0,0.0,0.0,0.0,0.5353146169644892,0.35,1.0
2019-01-10,231.58883666992188,3,2010-03-16,2018-03-15,2018-03-16,2019-03-15,1,0.5121901083135095,1.0,0.00038623200828924453,0.00038623200828924453,5.0,0.0,0.00038623200828924453,0.0,0.0,0.0,0.0,0.5121901083135095,0.35,1.0
2019-01-11,231.67828369140625,3,2010-03-16,2018-03-15,2018-03-16,2019-03-15,0,0.5694538122033704,1.0,-0.006100860499860805,-0.006100860499860805,5.0,0.0,-0.006100860499860805,0.0,-0.0,0.0,-0.0,0.5694538122033704,0.35,1.0
2019-01-14,230.2648468017578,3,2010-03-16,2018-03-15,2018-03-16,2019-03-15,1,0.5795062246359489,1.0,0.011460748807356591,0.011460748807356591,5.0,0.0,0.011460748807356591,0.0,0.0,0.0,0.0,0.5795062246359489,0.35,1.0
2019-01-15,232.9038543701172,3,2010-03-16,2018-03-15,2018-03-16,2019-03-15,1,0.557671870994111,1.0,0.0024198112802711336,0.0024198112802711336,5.0,0.0,0.0024198112802711336,0.0,0.0,0.0,0.0,0.557671870994111,0.65,1.0
2019-01-16,233.46743774414062,3,2010-03-16,2018-03-15,2018-03-16,2019-03-15,1,0.570252754600887,1.0,0.007586734622518021,0.007586734622518021,5.0,0.0,0.007586734622518021,0.0,0.0,0.0,0.0,0.570252754600887,0.65,1.0
2019-01-17,235.2386932373047,3,2010-03-16,2018-03-15,2018-03-16,2019-03-15,1,0.5145775331539209,1.0,0.013310000912652331,0.013310000912652331,5.0,0.0,0.013310000912652331,1.0,0.013310000912652331,0.0005,0.01281000091265233,0.5145775331539209,0.65,1.0
2019-01-18,238.36972045898438,3,2010-03-16,2018-03-15,2018-03-16,2019-03-15,0,0.5104288544879223,1.0,-0.013510480675783976,-0.013510480675783976,5.0,0.0,-0.013510480675783976,1.0,-0.013510480675783976,0.0,-0.013510480675783976,0.5104288544879223,0.65,1.0
2019-01-22,235.14923095703125,3,2010-03-16,2018-03-15,2018-03-16,2019-03-15,1,0.5226646075766819,1.0,0.002092566612635016,0.002092566612635016,5.0,0.0,0.002092566612635016,1.0,0.002092566612635016,0.0,0.002092566612635016,0.5226646075766819,0.65,1.0
2019-01-23,235.64129638671875,3,2010-03-16,2018-03-15,2018-03-16,2019-03-15,1,0.48339001713936613,1.0,0.000531309096400312,0.000531309096400312,5.0,0.0,0.000531309096400312,1.0,0.000531309096400312,0.0,0.000531309096400312,0.48339001713936613,0.65,1.0
2019-01-24,235.76649475097656,3,2010-03-16,2018-03-15,2018-03-16,2019-03-15,1,0.459363893049386,1.0,0.008461417833561358,0.008461417833561358,5.0,0.0,0.008461417833561358,1.0,0.008461417833561358,0.0,0.008461417833561358,0.459363893049386,0.65,1.0
2019-01-25,237.76141357421875,3,2010-03-16,2018-03-15,2018-03-16,2019-03-15,0,0.5282442362068569,1.0,-0.007600277038816494,-0.007600277038816494,5.0,0.0,-0.007600277038816494,1.0,-0.007600277038816494,0.0,-0.007600277038816494,0.5282442362068569,0.65,1.0
2019-01-28,235.95436096191406,3,2010-03-16,2018-03-15,2018-03-16,2019-03-15,0,0.5558073557445583,1.0,-0.0013268013946385881,-0.0013268013946385881,5.0,0.0,-0.0013268013946385881,1.0,-0.0013268013946385881,0.0,-0.0013268013946385881,0.5558073557445583,0.65,1.0
2019-01-29,235.64129638671875,3,2010-03-16,2018-03-15,2018-03-16,2019-03-15,1,0.49047000102027566,1.0,0.015830679917642865,0.015830679917642865,5.0,0.0,0.015830679917642865,1.0,0.015830679917642865,0.0,0.015830679917642865,0.49047000102027566,0.65,1.0
2019-01-30,239.3716583251953,3,2010-03-16,2018-03-15,2018-03-16,2019-03-15,1,0.49255091480099983,1.0,0.008782491953286842,0.008782491953286842,5.0,0.0,0.008782491953286842,1.0,0.008782491953286842,0.0,0.008782491953286842,0.49255091480099983,0.65,1.0
2019-01-31,241.47393798828125,3,2010-03-16,2018-03-15,2018-03-16,2019-03-15,1,0.502544865433303,1.0,0.00048144621666312837,0.00048144621666312837,5.0,0.0,0.00048144621666312837,1.0,0.00048144621666312837,0.0,0.00048144621666312837,0.502544865433303,0.65,1.0
2019-02-01,241.59019470214844,3,2010-03-16,2018-03-15,2018-03-16,2019-03-15,1,0.5155582757870145,1.0,0.007035370436980548,0.007035370436980548,5.0,0.0,0.007035370436980548,1.0,0.007035370436980548,0.0,0.007035370436980548,0.5155582757870145,0.65,1.0
2019-02-04,243.2898712158203,3,2010-03-16,2018-03-15,2018-03-16,2019-03-15,1,0.5137832013089171,1.0,0.004191857312779712,0.004191857312779712,5.0,0.0,0.004191857312779712,1.0,0.004191857312779712,0.0,0.004191857312779712,0.5137832013089171,0.65,1.0
2019-02-05,244.30970764160156,3,2010-03-16,2018-03-15,2018-03-16,2019-03-15,0,0.4929681303897663,1.0,-0.0013182120557631016,-0.0013182120557631016,5.0,0.0,-0.0013182120557631016,1.0,-0.0013182120557631016,0.0,-0.0013182120557631016,0.4929681303897663,0.65,1.0
2019-02-06,243.98765563964844,3,2010-03-16,2018-03-15,2018-03-16,2019-03-15,0,0.5108148101599097,1.0,-0.009532535229104466,-0.009532535229104466,5.0,0.0,-0.009532535229104466,1.0,-0.009532535229104466,0.0,-0.009532535229104466,0.5108148101599097,0.65,1.0
2019-02-07,241.66183471679688,3,2010-03-16,2018-03-15,2018-03-16,2019-03-15,1,0.5427359787903544,1.0,0.0012213378963286114,0.0012213378963286114,5.0,0.0,0.0012213378963286114,1.0,0.0012213378963286114,0.0,0.0012213378963286114,0.5427359787903544,0.65,1.0
2019-02-08,241.9569854736328,3,2010-03-16,2018-03-15,2018-03-16,2019-03-15,1,0.5081675583686337,1.0,0.0005547114431558864,0.0005547114431558864,5.0,0.0,0.0005547114431558864,1.0,0.0005547114431558864,0.0,0.0005547114431558864,0.5081675583686337,0.65,1.0
2019-02-11,242.09120178222656,3,2010-03-16,2018-03-15,2018-03-16,2019-03-15,1,0.5045636903452796,1.0,0.012859132685633767,0.012859132685633767,5.0,0.0,0.012859132685633767,1.0,0.012859132685633767,0.0,0.012859132685633767,0.5045636903452796,0.65,1.0
2019-02-12,245.20428466796875,3,2010-03-16,2018-03-15,2018-03-16,2019-03-15,1,0.49679709460867727,1.0,0.003246978725437888,0.003246978725437888,5.0,0.0,0.003246978725437888,1.0,0.003246978725437888,0.0,0.003246978725437888,0.49679709460867727,0.65,1.0
2019-02-13,246.00045776367188,3,2010-03-16,2018-03-15,2018-03-16,2019-03-15,0,0.5331362174646799,1.0,-0.002218226825323022,-0.002218226825323022,5.0,0.0,-0.002218226825323022,1.0,-0.002218226825323022,0.0,-0.002218226825323022,0.5331362174646799,0.65,1.0
2019-02-14,245.45477294921875,3,2010-03-16,2018-03-15,2018-03-16,2019-03-15,1,0.5327612052769477,1.0,0.010897280165190981,0.010897280165190981,5.0,0.0,0.010897280165190981,1.0,0.010897280165190981,0.0,0.010897280165190981,0.5327612052769477,0.65,1.0
2019-02-15,248.12956237792972,3,2010-03-16,2018-03-15,2018-03-16,2019-03-15,1,0.5055240702810031,1.0,0.0017307222696862912,0.0017307222696862912,5.0,0.0,0.0017307222696862912,1.0,0.0017307222696862912,0.0,0.0017307222696862912,0.5055240702810031,0.65,1.0
2019-02-19,248.5590057373047,3,2010-03-16,2018-03-15,2018-03-16,2019-03-15,1,0.5285083234288103,1.0,0.0020154009042476773,0.0020154009042476773,5.0,0.0,0.0020154009042476773,1.0,0.0020154009042476773,0.0,0.0020154009042476773,0.5285083234288103,0.65,1.0
2019-02-20,249.05995178222656,3,2010-03-16,2018-03-15,2018-03-16,2019-03-15,0,0.5606624138863833,1.0,-0.003555606092807584,-0.003555606092807584,5.0,0.0,-0.003555606092807584,1.0,-0.003555606092807584,0.0,-0.003555606092807584,0.5606624138863833,0.65,1.0
2019-02-21,248.1743927001953,3,2010-03-16,2018-03-15,2018-03-16,2019-03-15,1,0.5533255680446041,1.0,0.00619981472369302,0.00619981472369302,5.0,0.0,0.00619981472369302,1.0,0.00619981472369302,0.0,0.00619981472369302,0.5533255680446041,0.65,1.0
2019-02-22,249.71302795410156,3,2010-03-16,2018-03-15,2018-03-16,2019-03-15,1,0.512241477002624,1.0,0.0013612427302263086,0.0013612427302263086,5.0,0.0,0.0013612427302263086,1.0,0.0013612427302263086,0.0,0.0013612427302263086,0.512241477002624,0.65,1.0
2019-02-25,250.05294799804688,3,2010-03-16,2018-03-15,2018-03-16,2019-03-15,0,0.5383817622664572,1.0,-0.000715424650662877,-0.000715424650662877,5.0,0.0,-0.000715424650662877,1.0,-0.000715424650662877,0.0,-0.000715424650662877,0.5383817622664572,0.65,1.0
2019-02-26,249.87405395507815,3,2010-03-16,2018-03-15,2018-03-16,2019-03-15,0,0.5360971341304587,1.0,-0.00042965981519249574,-0.00042965981519249574,5.0,0.0,-0.00042965981519249574,1.0,-0.00042965981519249574,0.0,-0.00042965981519249574,0.5360971341304587,0.65,1.0
2019-02-27,249.7666931152344,3,2010-03-16,2018-03-15,2018-03-16,2019-03-15,0,0.5412514771383583,1.0,-0.0018624558685443882,-0.0018624558685443882,5.0,0.0,-0.0018624558685443882,1.0,-0.0018624558685443882,0.0,-0.0018624558685443882,0.5412514771383583,0.65,1.0
2019-02-28,249.301513671875,3,2010-03-16,2018-03-15,2018-03-16,2019-03-15,1,0.5405368451861465,1.0,0.00624382429816106,0.00624382429816106,5.0,0.0,0.00624382429816106,1.0,0.00624382429816106,0.0,0.00624382429816106,0.5405368451861465,0.65,1.0
2019-03-01,250.8581085205078,3,2010-03-16,2018-03-15,2018-03-16,2019-03-15,0,0.5355461278606424,1.0,-0.00363759962827781,-0.00363759962827781,5.0,0.0,-0.00363759962827781,1.0,-0.00363759962827781,0.0,-0.00363759962827781,0.5355461278606424,0.65,1.0
2019-03-04,249.94558715820312,3,2010-03-16,2018-03-15,2018-03-16,2019-03-15,0,0.563427907361237,1.0,-0.0013602814186730594,-0.0013602814186730594,5.0,0.0,-0.0013602814186730594,1.0,-0.0013602814186730594,0.0,-0.0013602814186730594,0.563427907361237,0.65,1.0
2019-03-05,249.6055908203125,3,2010-03-16,2018-03-15,2018-03-16,2019-03-15,0,0.5484041721884517,1.0,-0.006056674372508564,-0.006056674372508564,5.0,0.0,-0.006056674372508564,1.0,-0.006056674372508564,0.0,-0.006056674372508564,0.5484041721884517,0.65,1.0
2019-03-06,248.09381103515625,3,2010-03-16,2018-03-15,2018-03-16,2019-03-15,0,0.573499350739101,1.0,-0.00836566604399902,-0.00836566604399902,5.0,0.0,-0.00836566604399902,1.0,-0.00836566604399902,0.0,-0.00836566604399902,0.573499350739101,0.65,1.0
2019-03-07,246.01834106445312,3,2010-03-16,2018-03-15,2018-03-16,2019-03-15,0,0.5605505226090819,1.0,-0.001999930782361492,-0.001999930782361492,5.0,0.0,-0.001999930782361492,1.0,-0.001999930782361492,0.0,-0.001999930782361492,0.5605505226090819,0.65,1.0
2019-03-08,245.5263214111328,3,2010-03-16,2018-03-15,2018-03-16,2019-03-15,1,0.5612103381687767,1.0,0.014501566825740886,0.014501566825740886,5.0,0.0,0.014501566825740886,1.0,0.014501566825740886,0.0,0.014501566825740886,0.5612103381687767,0.65,1.0
2019-03-11,249.0868377685547,3,2010-03-16,2018-03-15,2018-03-16,2019-03-15,1,0.5378147666293996,1.0,0.00377054738821081,0.00377054738821081,5.0,0.0,0.00377054738821081,1.0,0.00377054738821081,0.0,0.00377054738821081,0.5378147666293996,0.65,1.0
2019-03-12,250.02603149414062,3,2010-03-16,2018-03-15,2018-03-16,2019-03-15,1,0.5718680124589206,1.0,0.0066195499907053534,0.0066195499907053534,5.0,0.0,0.0066195499907053534,1.0,0.0066195499907053534,0.0,0.0066195499907053534,0.5718680124589206,0.65,1.0
2019-03-13,251.68109130859375,3,2010-03-16,2018-03-15,2018-03-16,2019-03-15,0,0.5537264075658128,1.0,-0.0006397411158316491,-0.0006397411158316491,5.0,0.0,-0.0006397411158316491,1.0,-0.0006397411158316491,0.0,-0.0006397411158316491,0.5537264075658128,0.65,1.0
2019-03-14,251.52008056640625,3,2010-03-16,2018-03-15,2018-03-16,2019-03-15,1,0.5434464190012608,1.0,0.004940540973402685,0.004940540973402685,5.0,0.0,0.004940540973402685,1.0,0.004940540973402685,0.0,0.004940540973402685,0.5434464190012608,0.65,1.0
2019-03-15,252.76272583007812,3,2010-03-16,2018-03-15,2018-03-16,2019-03-15,1,0.5310297012645813,1.0,0.0036255834419656185,0.0036255834419656185,5.0,0.0,0.0036255834419656185,1.0,0.0036255834419656185,0.0,0.0036255834419656185,0.5310297012645813,0.65,1.0
2019-03-18,253.67913818359378,4,2010-03-16,2019-03-15,2019-03-18,2020-03-13,1,0.548499049456201,1.0,0.0002479982696059757,0.0002479982696059757,5.0,0.0,0.0002479982696059757,1.0,0.0002479982696059757,0.0,0.0002479982696059757,0.548499049456201,0.65,1.0
2019-03-19,253.74205017089844,4,2010-03-16,2019-03-15,2019-03-18,2020-03-13,0,0.5624310726146285,1.0,-0.0030098791652461987,-0.0030098791652461987,5.0,0.0,-0.0030098791652461987,1.0,-0.0030098791652461987,0.0,-0.0030098791652461987,0.5624310726146285,0.65,1.0
2019-03-20,252.9783172607422,4,2010-03-16,2019-03-15,2019-03-18,2020-03-13,1,0.5458981465864531,1.0,0.011294763729970514,0.011294763729970514,5.0,0.0,0.011294763729970514,1.0,0.011294763729970514,0.0,0.011294763729970514,0.5458981465864531,0.65,1.0
2019-03-21,255.8356475830078,4,2010-03-16,2019-03-15,2019-03-18,2020-03-13,0,0.5098194687389656,1.0,-0.019246178900774624,-0.019246178900774624,5.0,0.0,-0.019246178900774624,1.0,-0.019246178900774624,0.0,-0.019246178900774624,0.5098194687389656,0.65,1.0
2019-03-22,250.91178894042972,4,2010-03-16,2019-03-15,2019-03-18,2020-03-13,0,0.568376675686921,1.0,-0.0007521396420708815,-0.0007521396420708815,5.0,0.0,-0.0007521396420708815,1.0,-0.0007521396420708815,0.0,-0.0007521396420708815,0.568376675686921,0.65,1.0
2019-03-25,250.7230682373047,4,2010-03-16,2019-03-15,2019-03-18,2020-03-13,1,0.5342484529153811,1.0,0.007454148575527952,0.007454148575527952,5.0,0.0,0.007454148575527952,1.0,0.007454148575527952,0.0,0.007454148575527952,0.5342484529153811,0.65,1.0
2019-03-26,252.5919952392578,4,2010-03-16,2019-03-15,2019-03-18,2020-03-13,0,0.5425936667365744,1.0,-0.0052293515189711925,-0.0052293515189711925,5.0,0.0,-0.0052293515189711925,1.0,-0.0052293515189711925,0.0,-0.0052293515189711925,0.5425936667365744,0.65,1.0
2019-03-27,251.27110290527344,4,2010-03-16,2019-03-15,2019-03-18,2020-03-13,1,0.562130971696413,1.0,0.003790723957651121,0.003790723957651121,5.0,0.0,0.003790723957651121,1.0,0.003790723957651121,0.0,0.003790723957651121,0.562130971696413,0.65,1.0
2019-03-28,252.22360229492188,4,2010-03-16,2019-03-15,2019-03-18,2020-03-13,1,0.5688839596605778,1.0,0.006305246681040044,0.006305246681040044,5.0,0.0,0.006305246681040044,1.0,0.006305246681040044,0.0,0.006305246681040044,0.5688839596605778,0.65,1.0
2019-03-29,253.8139343261719,4,2010-03-16,2019-03-15,2019-03-18,2020-03-13,1,0.557021164970625,1.0,0.01185948015955307,0.01185948015955307,5.0,0.0,0.01185948015955307,1.0,0.01185948015955307,0.0,0.01185948015955307,0.557021164970625,0.65,1.0
2019-04-01,256.82403564453125,4,2010-03-16,2019-03-15,2019-03-18,2020-03-13,1,0.5428480569888149,1.0,0.0004896852396913953,0.0004896852396913953,5.0,0.0,0.0004896852396913953,1.0,0.0004896852396913953,0.0,0.0004896852396913953,0.5428480569888149,0.65,1.0
2019-04-02,256.9497985839844,4,2010-03-16,2019-03-15,2019-03-18,2020-03-13,1,0.5733340516111591,1.0,0.001573565711303626,0.001573565711303626,5.0,0.0,0.001573565711303626,1.0,0.001573565711303626,0.0,0.001573565711303626,0.5733340516111591,0.65,1.0
2019-04-03,257.3541259765625,4,2010-03-16,2019-03-15,2019-03-18,2020-03-13,1,0.5680958704194986,1.0,0.002653273220142749,0.002653273220142749,5.0,0.0,0.002653273220142749,1.0,0.002653273220142749,0.0,0.002653273220142749,0.5680958704194986,0.65,1.0
2019-04-04,258.0369567871094,4,2010-03-16,2019-03-15,2019-03-18,2020-03-13,1,0.5441415100084288,1.0,0.004840482747324071,0.004840482747324071,5.0,0.0,0.004840482747324071,1.0,0.004840482747324071,0.0,0.004840482747324071,0.5441415100084288,0.65,1.0
2019-04-05,259.2859802246094,4,2010-03-16,2019-03-15,2019-03-18,2020-03-13,1,0.5054198551617214,1.0,0.0007620979668403471,0.0007620979668403471,5.0,0.0,0.0007620979668403471,1.0,0.0007620979668403471,0.0,0.0007620979668403471,0.5054198551617214,0.65,1.0
2019-04-08,259.48358154296875,4,2010-03-16,2019-03-15,2019-03-18,2020-03-13,0,0.5268745911392491,1.0,-0.005124337303260895,-0.005124337303260895,5.0,0.0,-0.005124337303260895,1.0,-0.005124337303260895,0.0,-0.005124337303260895,0.5268745911392491,0.65,1.0
2019-04-09,258.1539001464844,4,2010-03-16,2019-03-15,2019-03-18,2020-03-13,1,0.5342923742194926,1.0,0.00341072965995437,0.00341072965995437,5.0,0.0,0.00341072965995437,1.0,0.00341072965995437,0.0,0.00341072965995437,0.5342923742194926,0.65,1.0
2019-04-10,259.0343933105469,4,2010-03-16,2019-03-15,2019-03-18,2020-03-13,0,0.5061031228242985,1.0,-0.00027768486926127434,-0.00027768486926127434,5.0,0.0,-0.00027768486926127434,1.0,-0.00027768486926127434,0.0,-0.00027768486926127434,0.5061031228242985,0.65,1.0
2019-04-11,258.96246337890625,4,2010-03-16,2019-03-15,2019-03-18,2020-03-13,1,0.4975175296501412,1.0,0.006765867493031097,0.006765867493031097,5.0,0.0,0.006765867493031097,1.0,0.006765867493031097,0.0,0.006765867493031097,0.4975175296501412,0.65,1.0
2019-04-12,260.7145690917969,4,2010-03-16,2019-03-15,2019-03-18,2020-03-13,0,0.50542191102426,1.0,-0.0006545637149065753,-0.0006545637149065753,5.0,0.0,-0.0006545637149065753,1.0,-0.0006545637149065753,0.0,-0.0006545637149065753,0.50542191102426,0.65,1.0
2019-04-15,260.5439147949219,4,2010-03-16,2019-03-15,2019-03-18,2020-03-13,1,0.510482219802228,1.0,0.0006549924491974224,0.0006549924491974224,5.0,0.0,0.0006549924491974224,1.0,0.0006549924491974224,0.0,0.0006549924491974224,0.510482219802228,0.65,1.0
2019-04-16,260.7145690917969,4,2010-03-16,2019-03-15,2019-03-18,2020-03-13,0,0.4879677748155774,1.0,-0.0024465372327008295,-0.0024465372327008295,5.0,0.0,-0.0024465372327008295,1.0,-0.0024465372327008295,0.0,-0.0024465372327008295,0.4879677748155774,0.65,1.0
2019-04-17,260.07672119140625,4,2010-03-16,2019-03-15,2019-03-18,2020-03-13,1,0.498006996013362,1.0,0.001968859192832184,0.001968859192832184,5.0,0.0,0.001968859192832184,1.0,0.001968859192832184,0.0,0.001968859192832184,0.498006996013362,0.65,1.0
2019-04-18,260.5887756347656,4,2010-03-16,2019-03-15,2019-03-18,2020-03-13,1,0.4984967572222818,1.0,0.0008620474616796159,0.0008620474616796159,5.0,0.0,0.0008620474616796159,1.0,0.0008620474616796159,0.0,0.0008620474616796159,0.4984967572222818,0.65,1.0
2019-04-22,260.81341552734375,4,2010-03-16,2019-03-15,2019-03-18,2020-03-13,1,0.5281909258800435,1.0,0.008991574633053112,0.008991574633053112,5.0,0.0,0.008991574633053112,1.0,0.008991574633053112,0.0,0.008991574633053112,0.5281909258800435,0.65,1.0
2019-04-23,263.1585388183594,4,2010-03-16,2019-03-15,2019-03-18,2020-03-13,0,0.5333870895949429,1.0,-0.0022190192271318576,-0.0022190192271318576,5.0,0.0,-0.0022190192271318576,1.0,-0.0022190192271318576,0.0,-0.0022190192271318576,0.5333870895949429,0.65,1.0
2019-04-24,262.5745849609375,4,2010-03-16,2019-03-15,2019-03-18,2020-03-13,0,0.5297490030235028,1.0,-0.0006161056359079708,-0.0006161056359079708,5.0,0.0,-0.0006161056359079708,1.0,-0.0006161056359079708,0.0,-0.0006161056359079708,0.5297490030235028,0.65,1.0
2019-04-25,262.4128112792969,4,2010-03-16,2019-03-15,2019-03-18,2020-03-13,1,0.5171239455937546,1.0,0.00465661085579594,0.00465661085579594,5.0,0.0,0.00465661085579594,1.0,0.00465661085579594,0.0,0.00465661085579594,0.5171239455937546,0.65,1.0
2019-04-26,263.634765625,4,2010-03-16,2019-03-15,2019-03-18,2020-03-13,1,0.5055604786891512,1.0,0.0015679290048229433,0.0015679290048229433,5.0,0.0,0.0015679290048229433,1.0,0.0015679290048229433,0.0,0.0015679290048229433,0.5055604786891512,0.65,1.0
2019-04-29,264.0481262207031,4,2010-03-16,2019-03-15,2019-03-18,2020-03-13,1,0.5165087371023522,1.0,0.00051026723556169,0.00051026723556169,5.0,0.0,0.00051026723556169,1.0,0.00051026723556169,0.0,0.00051026723556169,0.5165087371023522,0.65,1.0
2019-04-30,264.182861328125,4,2010-03-16,2019-03-15,2019-03-18,2020-03-13,0,0.5248509428802521,1.0,-0.00751656742997131,-0.00751656742997131,5.0,0.0,-0.00751656742997131,1.0,-0.00751656742997131,0.0,-0.00751656742997131,0.5248509428802521,0.65,1.0
2019-05-01,262.1971130371094,4,2010-03-16,2019-03-15,2019-03-18,2020-03-13,0,0.5280789523864542,1.0,-0.002158601204072519,-0.002158601204072519,5.0,0.0,-0.002158601204072519,1.0,-0.002158601204072519,0.0,-0.002158601204072519,0.5280789523864542,0.65,1.0
2019-05-02,261.6311340332031,4,2010-03-16,2019-03-15,2019-03-18,2020-03-13,1,0.5164934597536583,1.0,0.009787674955083592,0.009787674955083592,5.0,0.0,0.009787674955083592,1.0,0.009787674955083592,0.0,0.009787674955083592,0.5164934597536583,0.65,1.0
2019-05-03,264.19189453125,4,2010-03-16,2019-03-15,2019-03-18,2020-03-13,0,0.5283184073122419,1.0,-0.004115263415670922,-0.004115263415670922,5.0,0.0,-0.004115263415670922,1.0,-0.004115263415670922,0.0,-0.004115263415670922,0.5283184073122419,0.65,1.0
2019-05-06,263.10467529296875,4,2010-03-16,2019-03-15,2019-03-18,2020-03-13,0,0.5697285439505808,1.0,-0.016700044795436075,-0.016700044795436075,5.0,0.0,-0.016700044795436075,1.0,-0.016700044795436075,0.0,-0.016700044795436075,0.5697285439505808,0.65,1.0
2019-05-07,258.7108154296875,4,2010-03-16,2019-03-15,2019-03-18,2020-03-13,0,0.559298398598705,1.0,-0.0013888633308467568,-0.0013888633308467568,5.0,0.0,-0.0013888633308467568,1.0,-0.0013888633308467568,0.0,-0.0013888633308467568,0.559298398598705,0.35,1.0
2019-05-08,258.35150146484375,4,2010-03-16,2019-03-15,2019-03-18,2020-03-13,0,0.5173651698488159,1.0,-0.0030255164923901345,-0.0030255164923901345,5.0,0.0,-0.0030255164923901345,1.0,-0.0030255164923901345,0.0,-0.0030255164923901345,0.5173651698488159,0.65,1.0
2019-05-09,257.5698547363281,4,2010-03-16,2019-03-15,2019-03-18,2020-03-13,1,0.543015493582441,1.0,0.005023193585724339,0.005023193585724339,5.0,0.0,0.005023193585724339,1.0,0.005023193585724339,0.0,0.005023193585724339,0.543015493582441,0.35,1.0
2019-05-10,258.8636779785156,4,2010-03-16,2019-03-15,2019-03-18,2020-03-13,0,0.5651864498434191,1.0,-0.025130372198110318,-0.025130372198110318,5.0,0.0,-0.025130372198110318,1.0,-0.025130372198110318,0.0,-0.025130372198110318,0.5651864498434191,0.35,1.0
2019-05-13,252.35833740234375,4,2010-03-16,2019-03-15,2019-03-18,2020-03-13,1,0.611335723276543,1.0,0.009043776252291913,0.009043776252291913,5.0,0.0,0.009043776252291913,0.0,0.0,0.0005,-0.0005,0.611335723276543,0.35,1.0
2019-05-14,254.64060974121094,4,2010-03-16,2019-03-15,2019-03-18,2020-03-13,1,0.5404170000146098,1.0,0.005857397897319538,0.005857397897319538,5.0,0.0,0.005857397897319538,0.0,0.0,0.0,0.0,0.5404170000146098,0.35,1.0
2019-05-15,256.13214111328125,4,2010-03-16,2019-03-15,2019-03-18,2020-03-13,1,0.5733727589070116,1.0,0.009261000140832643,0.009261000140832643,5.0,0.0,0.009261000140832643,0.0,0.0,0.0,0.0,0.5733727589070116,0.35,1.0
2019-05-16,258.5041809082031,4,2010-03-16,2019-03-15,2019-03-18,2020-03-13,0,0.5793389982784657,1.0,-0.0064652539086365035,-0.0064652539086365035,5.0,0.0,-0.0064652539086365035,1.0,-0.0064652539086365035,0.0005,-0.006965253908636504,0.5793389982784657,0.35,1.0
2019-05-17,256.8328857421875,4,2010-03-16,2019-03-15,2019-03-18,2020-03-13,0,0.6201021247408387,1.0,-0.006611829988474205,-0.006611829988474205,5.0,0.0,-0.006611829988474205,0.0,-0.0,0.0005,-0.0005,0.6201021247408387,0.35,1.0
2019-05-20,255.13475036621094,4,2010-03-16,2019-03-15,2019-03-18,2020-03-13,1,0.5456647051410323,1.0,0.00901593258722766,0.00901593258722766,5.0,0.0,0.00901593258722766,0.0,0.0,0.0,0.0,0.5456647051410323,0.35,1.0
2019-05-21,257.4350280761719,4,2010-03-16,2019-03-15,2019-03-18,2020-03-13,0,0.5404111392982323,1.0,-0.003071495185126061,-0.003071495185126061,5.0,0.0,-0.003071495185126061,0.0,-0.0,0.0,-0.0,0.5404111392982323,0.35,1.0
2019-05-22,256.6443176269531,4,2010-03-16,2019-03-15,2019-03-18,2020-03-13,0,0.5856278779606146,1.0,-0.012218776342282966,-0.012218776342282966,5.0,0.0,-0.012218776342282966,0.0,-0.0,0.0,-0.0,0.5856278779606146,0.35,1.0
2019-05-23,253.50843811035156,4,2010-03-16,2019-03-15,2019-03-18,2020-03-13,1,0.632244313226406,1.0,0.002268578371798835,0.002268578371798835,5.0,0.0,0.002268578371798835,0.0,0.0,0.0,0.0,0.632244313226406,0.35,1.0
2019-05-24,254.0835418701172,4,2010-03-16,2019-03-15,2019-03-18,2020-03-13,0,0.5781038930847803,1.0,-0.00930077729979284,-0.00930077729979284,5.0,0.0,-0.00930077729979284,0.0,-0.0,0.0,-0.0,0.5781038930847803,0.35,1.0
2019-05-28,251.72036743164062,4,2010-03-16,2019-03-15,2019-03-18,2020-03-13,0,0.553755479511819,1.0,-0.006710656756186983,-0.006710656756186983,5.0,0.0,-0.006710656756186983,0.0,-0.0,0.0,-0.0,0.553755479511819,0.35,1.0
2019-05-29,250.03115844726562,4,2010-03-16,2019-03-15,2019-03-18,2020-03-13,1,0.5808949355642852,1.0,0.0027313490347455893,0.0027313490347455893,5.0,0.0,0.0027313490347455893,0.0,0.0,0.0,0.0,0.5808949355642852,0.35,1.0
2019-05-30,250.71408081054688,4,2010-03-16,2019-03-15,2019-03-18,2020-03-13,0,0.5634261283701438,1.0,-0.013475425843589628,-0.013475425843589628,5.0,0.0,-0.013475425843589628,0.0,-0.0,0.0,-0.0,0.5634261283701438,0.35,1.0
2019-05-31,247.33560180664062,4,2010-03-16,2019-03-15,2019-03-18,2020-03-13,0,0.5951991326941726,1.0,-0.002542786012992737,-0.002542786012992737,5.0,0.0,-0.002542786012992737,0.0,-0.0,0.0,-0.0,0.5951991326941726,0.35,1.0
2019-06-03,246.70668029785156,4,2010-03-16,2019-03-15,2019-03-18,2020-03-13,1,0.5792925730533407,1.0,0.02170653955930324,0.02170653955930324,5.0,0.0,0.02170653955930324,0.0,0.0,0.0,0.0,0.5792925730533407,0.35,1.0
2019-06-04,252.06182861328125,4,2010-03-16,2019-03-15,2019-03-18,2020-03-13,1,0.555513726255833,1.0,0.00866220266885831,0.00866220266885831,5.0,0.0,0.00866220266885831,0.0,0.0,0.0,0.0,0.555513726255833,0.35,1.0
2019-06-05,254.2452392578125,4,2010-03-16,2019-03-15,2019-03-18,2020-03-13,1,0.5922052753613009,1.0,0.006502736490752392,0.006502736490752392,5.0,0.0,0.006502736490752392,0.0,0.0,0.0,0.0,0.5922052753613009,0.35,1.0
2019-06-06,255.89852905273438,4,2010-03-16,2019-03-15,2019-03-18,2020-03-13,1,0.6048032922500715,1.0,0.010007056410618498,0.010007056410618498,5.0,0.0,0.010007056410618498,0.0,0.0,0.0,0.0,0.6048032922500715,0.35,1.0
2019-06-07,258.4593200683594,4,2010-03-16,2019-03-15,2019-03-18,2020-03-13,1,0.5395975324394441,1.0,0.004588983958924153,0.004588983958924153,5.0,0.0,0.004588983958924153,1.0,0.004588983958924153,0.0005,0.004088983958924153,0.5395975324394441,0.65,1.0
2019-06-10,259.6453857421875,4,2010-03-16,2019-03-15,2019-03-18,2020-03-13,0,0.5278058739053216,1.0,-0.00024247595809145928,-0.00024247595809145928,5.0,0.0,-0.00024247595809145928,1.0,-0.00024247595809145928,0.0,-0.00024247595809145928,0.5278058739053216,0.65,1.0
2019-06-11,259.5824279785156,4,2010-03-16,2019-03-15,2019-03-18,2020-03-13,0,0.5668680547321006,1.0,-0.001765107605845584,-0.001765107605845584,5.0,0.0,-0.001765107605845584,1.0,-0.001765107605845584,0.0,-0.001765107605845584,0.5668680547321006,0.65,1.0
2019-06-12,259.1242370605469,4,2010-03-16,2019-03-15,2019-03-18,2020-03-13,1,0.5604734650171385,1.0,0.004126259586198611,0.004126259586198611,5.0,0.0,0.004126259586198611,1.0,0.004126259586198611,0.0,0.004126259586198611,0.5604734650171385,0.65,1.0
2019-06-13,260.1934509277344,4,2010-03-16,2019-03-15,2019-03-18,2020-03-13,0,0.5581239964644522,1.0,-0.0011048532732568228,-0.0011048532732568228,5.0,0.0,-0.0011048532732568228,1.0,-0.0011048532732568228,0.0,-0.0011048532732568228,0.5581239964644522,0.65,1.0
2019-06-14,259.9059753417969,4,2010-03-16,2019-03-15,2019-03-18,2020-03-13,1,0.5569722405443437,1.0,0.0003800812977106105,0.0003800812977106105,5.0,0.0,0.0003800812977106105,1.0,0.0003800812977106105,0.0,0.0003800812977106105,0.5569722405443437,0.65,1.0
2019-06-17,260.0047607421875,4,2010-03-16,2019-03-15,2019-03-18,2020-03-13,1,0.5363282425870847,1.0,0.010470858828738105,0.010470858828738105,5.0,0.0,0.010470858828738105,1.0,0.010470858828738105,0.0,0.010470858828738105,0.5363282425870847,0.65,1.0
2019-06-18,262.72723388671875,4,2010-03-16,2019-03-15,2019-03-18,2020-03-13,1,0.5429919381265084,1.0,0.0022572768225421758,0.0022572768225421758,5.0,0.0,0.0022572768225421758,1.0,0.0022572768225421758,0.0,0.0022572768225421758,0.5429919381265084,0.65,1.0
2019-06-19,263.3202819824219,4,2010-03-16,2019-03-15,2019-03-18,2020-03-13,1,0.5198294405683361,1.0,0.009554406981809871,0.009554406981809871,5.0,0.0,0.009554406981809871,1.0,0.009554406981809871,0.0,0.009554406981809871,0.5198294405683361,0.65,1.0
2019-06-20,265.8361511230469,4,2010-03-16,2019-03-15,2019-03-18,2020-03-13,0,0.5086355435774669,1.0,-0.0014535779749530464,-0.0014535779749530464,5.0,0.0,-0.0014535779749530464,1.0,-0.0014535779749530464,0.0,-0.0014535779749530464,0.5086355435774669,0.65,1.0
2019-06-21,265.4497375488281,4,2010-03-16,2019-03-15,2019-03-18,2020-03-13,0,0.5001069247818682,1.0,-0.0012243832298816093,-0.0012243832298816093,5.0,0.0,-0.0012243832298816093,1.0,-0.0012243832298816093,0.0,-0.0012243832298816093,0.5001069247818682,0.65,1.0
2019-06-24,265.1247253417969,4,2010-03-16,2019-03-15,2019-03-18,2020-03-13,0,0.5000458771500899,1.0,-0.009808109413789068,-0.009808109413789068,5.0,0.0,-0.009808109413789068,1.0,-0.009808109413789068,0.0,-0.009808109413789068,0.5000458771500899,0.65,1.0
2019-06-25,262.52435302734375,4,2010-03-16,2019-03-15,2019-03-18,2020-03-13,0,0.5572701050842402,1.0,-0.000997396307401699,-0.000997396307401699,5.0,0.0,-0.000997396307401699,1.0,-0.000997396307401699,0.0,-0.000997396307401699,0.5572701050842402,0.65,1.0
2019-06-26,262.26251220703125,4,2010-03-16,2019-03-15,2019-03-18,2020-03-13,1,0.5106417106316611,1.0,0.0035459210330031077,0.0035459210330031077,5.0,0.0,0.0035459210330031077,1.0,0.0035459210330031077,0.0,0.0035459210330031077,0.5106417106316611,0.65,1.0
2019-06-27,263.1924743652344,4,2010-03-16,2019-03-15,2019-03-18,2020-03-13,1,0.5433388872844371,1.0,0.005146046208320154,0.005146046208320154,5.0,0.0,0.005146046208320154,1.0,0.005146046208320154,0.0,0.005146046208320154,0.5433388872844371,0.65,1.0
2019-06-28,264.546875,4,2010-03-16,2019-03-15,2019-03-18,2020-03-13,1,0.5524559611056754,1.0,0.00907820713484142,0.00907820713484142,5.0,0.0,0.00907820713484142,1.0,0.00907820713484142,0.0,0.00907820713484142,0.5524559611056754,0.65,1.0
2019-07-01,266.948486328125,4,2010-03-16,2019-03-15,2019-03-18,2020-03-13,1,0.5228987404357275,1.0,0.0026043262384753962,0.0026043262384753962,5.0,0.0,0.0026043262384753962,1.0,0.0026043262384753962,0.0,0.0026043262384753962,0.5228987404357275,0.65,1.0
2019-07-02,267.6437072753906,4,2010-03-16,2019-03-15,2019-03-18,2020-03-13,1,0.5132567667396007,1.0,0.007995303158475409,0.007995303158475409,5.0,0.0,0.007995303158475409,1.0,0.007995303158475409,0.0,0.007995303158475409,0.5132567667396007,0.65,1.0
2019-07-03,269.7835998535156,4,2010-03-16,2019-03-15,2019-03-18,2020-03-13,0,0.5087597407574711,1.0,-0.0011380875400963664,-0.0011380875400963664,5.0,0.0,-0.0011380875400963664,1.0,-0.0011380875400963664,0.0,-0.0011380875400963664,0.5087597407574711,0.65,1.0
2019-07-05,269.4765625,4,2010-03-16,2019-03-15,2019-03-18,2020-03-13,0,0.5371194420485437,1.0,-0.005494547806801364,-0.005494547806801364,5.0,0.0,-0.005494547806801364,1.0,-0.005494547806801364,0.0,-0.005494547806801364,0.5371194420485437,0.65,1.0
2019-07-08,267.99591064453125,4,2010-03-16,2019-03-15,2019-03-18,2020-03-13,1,0.534047307094829,1.0,0.001246343243726411,0.001246343243726411,5.0,0.0,0.001246343243726411,1.0,0.001246343243726411,0.0,0.001246343243726411,0.534047307094829,0.65,1.0
2019-07-09,268.3299255371094,4,2010-03-16,2019-03-15,2019-03-18,2020-03-13,1,0.5438612426043845,1.0,0.004778317307610358,0.004778317307610358,5.0,0.0,0.004778317307610358,1.0,0.004778317307610358,0.0,0.004778317307610358,0.5438612426043845,0.65,1.0
2019-07-10,269.6120910644531,4,2010-03-16,2019-03-15,2019-03-18,2020-03-13,1,0.5311342751816563,1.0,0.002344179151882564,0.002344179151882564,5.0,0.0,0.002344179151882564,1.0,0.002344179151882564,0.0,0.002344179151882564,0.5311342751816563,0.65,1.0
2019-07-11,270.2441101074219,4,2010-03-16,2019-03-15,2019-03-18,2020-03-13,1,0.537797683120937,1.0,0.004477062985249969,0.004477062985249969,5.0,0.0,0.004477062985249969,1.0,0.004477062985249969,0.0,0.004477062985249969,0.537797683120937,0.65,1.0
2019-07-12,271.4540100097656,4,2010-03-16,2019-03-15,2019-03-18,2020-03-13,1,0.5323578109663232,1.0,0.0003323213421464466,0.0003323213421464466,5.0,0.0,0.0003323213421464466,1.0,0.0003323213421464466,0.0,0.0003323213421464466,0.5323578109663232,0.65,1.0
2019-07-15,271.5442199707031,4,2010-03-16,2019-03-15,2019-03-18,2020-03-13,0,0.5248952431470627,1.0,-0.0032252332865922995,-0.0032252332865922995,5.0,0.0,-0.0032252332865922995,1.0,-0.0032252332865922995,0.0,-0.0032252332865922995,0.5248952431470627,0.65,1.0
2019-07-16,270.6684265136719,4,2010-03-16,2019-03-15,2019-03-18,2020-03-13,0,0.5193667954526109,1.0,-0.006805075010178463,-0.006805075010178463,5.0,0.0,-0.006805075010178463,1.0,-0.006805075010178463,0.0,-0.006805075010178463,0.5193667954526109,0.65,1.0
2019-07-17,268.8265075683594,4,2010-03-16,2019-03-15,2019-03-18,2020-03-13,1,0.538319551698871,1.0,0.003661180666341357,0.003661180666341357,5.0,0.0,0.003661180666341357,1.0,0.003661180666341357,0.0,0.003661180666341357,0.538319551698871,0.65,1.0
2019-07-18,269.81072998046875,4,2010-03-16,2019-03-15,2019-03-18,2020-03-13,0,0.539454920031988,1.0,-0.005555154652818084,-0.005555154652818084,5.0,0.0,-0.005555154652818084,1.0,-0.005555154652818084,0.0,-0.005555154652818084,0.539454920031988,0.65,1.0
2019-07-19,268.3118896484375,4,2010-03-16,2019-03-15,2019-03-18,2020-03-13,1,0.5616973397916877,1.0,0.0024561978989185995,0.0024561978989185995,5.0,0.0,0.0024561978989185995,1.0,0.0024561978989185995,0.0,0.0024561978989185995,0.5616973397916877,0.65,1.0
2019-07-22,268.9709167480469,4,2010-03-16,2019-03-15,2019-03-18,2020-03-13,1,0.5465211783943369,1.0,0.007150508433576563,0.007150508433576563,5.0,0.0,0.007150508433576563,1.0,0.007150508433576563,0.0,0.007150508433576563,0.5465211783943369,0.65,1.0
2019-07-23,270.8941955566406,4,2010-03-16,2019-03-15,2019-03-18,2020-03-13,1,0.552787665379343,1.0,0.004699514828830242,0.004699514828830242,5.0,0.0,0.004699514828830242,1.0,0.004699514828830242,0.0,0.004699514828830242,0.552787665379343,0.65,1.0
2019-07-24,272.1672668457031,4,2010-03-16,2019-03-15,2019-03-18,2020-03-13,0,0.552923905730953,1.0,-0.004777102380847942,-0.004777102380847942,5.0,0.0,-0.004777102380847942,1.0,-0.004777102380847942,0.0,-0.004777102380847942,0.552923905730953,0.65,1.0
2019-07-25,270.8670959472656,4,2010-03-16,2019-03-15,2019-03-18,2020-03-13,1,0.5660759884418678,1.0,0.00670014882084069,0.00670014882084069,5.0,0.0,0.00670014882084069,1.0,0.00670014882084069,0.0,0.00670014882084069,0.5660759884418678,0.65,1.0
2019-07-26,272.68194580078125,4,2010-03-16,2019-03-15,2019-03-18,2020-03-13,0,0.5222757931275455,1.0,-0.0018216630282649193,-0.0018216630282649193,5.0,0.0,-0.0018216630282649193,1.0,-0.0018216630282649193,0.0,-0.0018216630282649193,0.5222757931275455,0.65,1.0
2019-07-29,272.1852111816406,4,2010-03-16,2019-03-15,2019-03-18,2020-03-13,0,0.5443675279183352,1.0,-0.002454208532043811,-0.002454208532043811,5.0,0.0,-0.002454208532043811,1.0,-0.002454208532043811,0.0,-0.002454208532043811,0.5443675279183352,0.65,1.0
2019-07-30,271.5172119140625,4,2010-03-16,2019-03-15,2019-03-18,2020-03-13,0,0.5671709632893183,1.0,-0.010940897886002054,-0.010940897886002054,5.0,0.0,-0.010940897886002054,1.0,-0.010940897886002054,0.0,-0.010940897886002054,0.5671709632893183,0.65,1.0
2019-07-31,268.54656982421875,4,2010-03-16,2019-03-15,2019-03-18,2020-03-13,0,0.5795206510480738,1.0,-0.00870776321193345,-0.00870776321193345,5.0,0.0,-0.00870776321193345,1.0,-0.00870776321193345,0.0,-0.00870776321193345,0.5795206510480738,0.65,1.0
2019-08-01,266.2081298828125,4,2010-03-16,2019-03-15,2019-03-18,2020-03-13,0,0.5312620169223039,1.0,-0.007529426438374953,-0.007529426438374953,5.0,0.0,-0.007529426438374953,1.0,-0.007529426438374953,0.0,-0.007529426438374953,0.5312620169223039,0.35,1.0
2019-08-02,264.2037353515625,4,2010-03-16,2019-03-15,2019-03-18,2020-03-13,0,0.5452599219818178,1.0,-0.030072903869370893,-0.030072903869370893,5.0,0.0,-0.030072903869370893,1.0,-0.030072903869370893,0.0,-0.030072903869370893,0.5452599219818178,0.35,1.0
2019-08-05,256.25836181640625,4,2010-03-16,2019-03-15,2019-03-18,2020-03-13,1,0.5718984556320671,1.0,0.014022503553023258,0.014022503553023258,5.0,0.0,0.014022503553023258,0.0,0.0,0.0005,-0.0005,0.5718984556320671,0.35,1.0
2019-08-06,259.85174560546875,4,2010-03-16,2019-03-15,2019-03-18,2020-03-13,1,0.5340346772613094,1.0,0.0005907346037297145,0.0005907346037297145,5.0,0.0,0.0005907346037297145,0.0,0.0,0.0,0.0,0.5340346772613094,0.35,1.0
2019-08-07,260.0052490234375,4,2010-03-16,2019-03-15,2019-03-18,2020-03-13,1,0.584624893895672,1.0,0.019620411246580316,0.019620411246580316,5.0,0.0,0.019620411246580316,0.0,0.0,0.0,0.0,0.584624893895672,0.35,1.0
2019-08-08,265.1066589355469,4,2010-03-16,2019-03-15,2019-03-18,2020-03-13,0,0.568083739867461,1.0,-0.006811315509412608,-0.006811315509412608,5.0,0.0,-0.006811315509412608,1.0,-0.006811315509412608,0.0005,-0.007311315509412608,0.568083739867461,0.35,1.0
2019-08-09,263.3009338378906,4,2010-03-16,2019-03-15,2019-03-18,2020-03-13,0,0.6206411148629186,1.0,-0.012173839469763359,-0.012173839469763359,5.0,0.0,-0.012173839469763359,0.0,-0.0,0.0005,-0.0005,0.6206411148629186,0.35,1.0
2019-08-12,260.0955505371094,4,2010-03-16,2019-03-15,2019-03-18,2020-03-13,1,0.5541095862090993,1.0,0.015552145882385515,0.015552145882385515,5.0,0.0,0.015552145882385515,0.0,0.0,0.0,0.0,0.5541095862090993,0.35,1.0
2019-08-13,264.1405944824219,4,2010-03-16,2019-03-15,2019-03-18,2020-03-13,0,0.5724305616115705,1.0,-0.029568155405223506,-0.029568155405223506,5.0,0.0,-0.029568155405223506,0.0,-0.0,0.0,-0.0,0.5724305616115705,0.35,1.0
2019-08-14,256.3304443359375,4,2010-03-16,2019-03-15,2019-03-18,2020-03-13,1,0.60277259542681,1.0,0.0026422012144624585,0.0026422012144624585,5.0,0.0,0.0026422012144624585,0.0,0.0,0.0,0.0,0.60277259542681,0.35,1.0
2019-08-15,257.0077209472656,4,2010-03-16,2019-03-15,2019-03-18,2020-03-13,1,0.5897929984274919,1.0,0.014754865121700433,0.014754865121700433,5.0,0.0,0.014754865121700433,0.0,0.0,0.0,0.0,0.5897929984274919,0.35,1.0
2019-08-16,260.7998352050781,4,2010-03-16,2019-03-15,2019-03-18,2020-03-13,1,0.584879512231692,1.0,0.012047547072048248,0.012047547072048248,5.0,0.0,0.012047547072048248,0.0,0.0,0.0,0.0,0.584879512231692,0.35,1.0
2019-08-19,263.94183349609375,4,2010-03-16,2019-03-15,2019-03-18,2020-03-13,0,0.5304954582930718,1.0,-0.007662409528392589,-0.007662409528392589,5.0,0.0,-0.007662409528392589,0.0,-0.0,0.0,-0.0,0.5304954582930718,0.35,1.0
2019-08-20,261.9194030761719,4,2010-03-16,2019-03-15,2019-03-18,2020-03-13,1,0.6182694490507594,1.0,0.008135903269123723,0.008135903269123723,5.0,0.0,0.008135903269123723,0.0,0.0,0.0,0.0,0.6182694490507594,0.35,1.0
2019-08-21,264.05035400390625,4,2010-03-16,2019-03-15,2019-03-18,2020-03-13,0,0.5302008936117758,1.0,-0.00030800695575627923,-0.00030800695575627923,5.0,0.0,-0.00030800695575627923,0.0,-0.0,0.0,-0.0,0.5302008936117758,0.35,1.0
2019-08-22,263.9690246582031,4,2010-03-16,2019-03-15,2019-03-18,2020-03-13,0,0.5593784446131267,1.0,-0.02568771744158238,-0.02568771744158238,5.0,0.0,-0.02568771744158238,0.0,-0.0,0.0,-0.0,0.5593784446131267,0.35,1.0
2019-08-23,257.1882629394531,4,2010-03-16,2019-03-15,2019-03-18,2020-03-13,1,0.634636913311308,1.0,0.01105838058414399,0.01105838058414399,5.0,0.0,0.01105838058414399,0.0,0.0,0.0,0.0,0.634636913311308,0.35,1.0
2019-08-26,260.0323486328125,4,2010-03-16,2019-03-15,2019-03-18,2020-03-13,0,0.5527347182345623,1.0,-0.003923368158164631,-0.003923368158164631,5.0,0.0,-0.003923368158164631,0.0,-0.0,0.0,-0.0,0.5527347182345623,0.35,1.0
2019-08-27,259.01214599609375,4,2010-03-16,2019-03-15,2019-03-18,2020-03-13,1,0.6001744725717252,1.0,0.0070413358296090856,0.0070413358296090856,5.0,0.0,0.0070413358296090856,0.0,0.0,0.0,0.0,0.6001744725717252,0.35,1.0
2019-08-28,260.8359375,4,2010-03-16,2019-03-15,2019-03-18,2020-03-13,1,0.5641341619011472,1.0,0.012772912173899975,0.012772912173899975,5.0,0.0,0.012772912173899975,0.0,0.0,0.0,0.0,0.5641341619011472,0.35,1.0
2019-08-29,264.1675720214844,4,2010-03-16,2019-03-15,2019-03-18,2020-03-13,0,0.5717238199093702,1.0,-0.0004437259905942792,-0.0004437259905942792,5.0,0.0,-0.0004437259905942792,0.0,-0.0,0.0,-0.0,0.5717238199093702,0.35,1.0
2019-08-30,264.05035400390625,4,2010-03-16,2019-03-15,2019-03-18,2020-03-13,0,0.5350409733716036,1.0,-0.005847624740505597,-0.005847624740505597,5.0,0.0,-0.005847624740505597,0.0,-0.0,0.0,-0.0,0.5350409733716036,0.35,1.0
2019-09-03,262.50628662109375,4,2010-03-16,2019-03-15,2019-03-18,2020-03-13,1,0.5669162837526193,1.0,0.011350523366837173,0.011350523366837173,5.0,0.0,0.011350523366837173,0.0,0.0,0.0,0.0,0.5669162837526193,0.65,1.0
2019-09-04,265.4858703613281,4,2010-03-16,2019-03-15,2019-03-18,2020-03-13,1,0.5039605222779342,1.0,0.012855308749148309,0.012855308749148309,5.0,0.0,0.012855308749148309,1.0,0.012855308749148309,0.0005,0.012355308749148308,0.5039605222779342,0.65,1.0
2019-09-05,268.8987731933594,4,2010-03-16,2019-03-15,2019-03-18,2020-03-13,1,0.5517891159328632,1.0,0.0007725329194696595,0.0007725329194696595,5.0,0.0,0.0007725329194696595,1.0,0.0007725329194696595,0.0,0.0007725329194696595,0.5517891159328632,0.65,1.0
2019-09-06,269.10650634765625,4,2010-03-16,2019-03-15,2019-03-18,2020-03-13,1,0.5786275974705805,1.0,0.0005030572407922485,0.0005030572407922485,5.0,0.0,0.0005030572407922485,1.0,0.0005030572407922485,0.0,0.0005030572407922485,0.5786275974705805,0.65,1.0
2019-09-09,269.24188232421875,4,2010-03-16,2019-03-15,2019-03-18,2020-03-13,0,0.5124208865411388,1.0,-0.00023474024082470457,-0.00023474024082470457,5.0,0.0,-0.00023474024082470457,1.0,-0.00023474024082470457,0.0,-0.00023474024082470457,0.5124208865411388,0.65,1.0
2019-09-10,269.1786804199219,4,2010-03-16,2019-03-15,2019-03-18,2020-03-13,1,0.48555890443196725,1.0,0.007110977482206904,0.007110977482206904,5.0,0.0,0.007110977482206904,1.0,0.007110977482206904,0.0,0.007110977482206904,0.48555890443196725,0.65,1.0
2019-09-11,271.0928039550781,4,2010-03-16,2019-03-15,2019-03-18,2020-03-13,1,0.49547428895351736,1.0,0.003463628801838592,0.003463628801838592,5.0,0.0,0.003463628801838592,1.0,0.003463628801838592,0.0,0.003463628801838592,0.49547428895351736,0.65,1.0
2019-09-12,272.0317687988281,4,2010-03-16,2019-03-15,2019-03-18,2020-03-13,0,0.5297351800620048,1.0,-0.0006639041761232756,-0.0006639041761232756,5.0,0.0,-0.0006639041761232756,1.0,-0.0006639041761232756,0.0,-0.0006639041761232756,0.5297351800620048,0.65,1.0
2019-09-13,271.8511657714844,4,2010-03-16,2019-03-15,2019-03-18,2020-03-13,0,0.4961315877179591,1.0,-0.0030886777408085653,-0.0030886777408085653,5.0,0.0,-0.0030886777408085653,1.0,-0.0030886777408085653,0.0,-0.0030886777408085653,0.4961315877179591,0.65,1.0
2019-09-16,271.0115051269531,4,2010-03-16,2019-03-15,2019-03-18,2020-03-13,1,0.502260734699554,1.0,0.00253195060416056,0.00253195060416056,5.0,0.0,0.00253195060416056,1.0,0.00253195060416056,0.0,0.00253195060416056,0.502260734699554,0.65,1.0
2019-09-17,271.69769287109375,4,2010-03-16,2019-03-15,2019-03-18,2020-03-13,1,0.47463716149143065,1.0,0.0005984506328773342,0.0005984506328773342,5.0,0.0,0.0005984506328773342,1.0,0.0005984506328773342,0.0,0.0005984506328773342,0.47463716149143065,0.65,1.0
2019-09-18,271.86029052734375,4,2010-03-16,2019-03-15,2019-03-18,2020-03-13,0,0.5160330958188045,1.0,-6.690376342655124e-05,-6.690376342655124e-05,5.0,0.0,-6.690376342655124e-05,1.0,-6.690376342655124e-05,0.0,-6.690376342655124e-05,0.5160330958188045,0.65,1.0
2019-09-19,271.84210205078125,4,2010-03-16,2019-03-15,2019-03-18,2020-03-13,0,0.5001942593948536,1.0,-0.004724440210415182,-0.004724440210415182,5.0,0.0,-0.004724440210415182,1.0,-0.004724440210415182,0.0,-0.004724440210415182,0.5001942593948536,0.65,1.0
2019-09-20,270.55780029296875,4,2010-03-16,2019-03-15,2019-03-18,2020-03-13,0,0.5042752315287284,1.0,-0.0002348392749624839,-0.0002348392749624839,5.0,0.0,-0.0002348392749624839,1.0,-0.0002348392749624839,0.0,-0.0002348392749624839,0.5042752315287284,0.65,1.0
2019-09-23,270.4942626953125,4,2010-03-16,2019-03-15,2019-03-18,2020-03-13,0,0.48411161057965707,1.0,-0.007846737810422777,-0.007846737810422777,5.0,0.0,-0.007846737810422777,1.0,-0.007846737810422777,0.0,-0.007846737810422777,0.48411161057965707,0.65,1.0
2019-09-24,268.37176513671875,4,2010-03-16,2019-03-15,2019-03-18,2020-03-13,1,0.554789134635701,1.0,0.005914710542612722,0.005914710542612722,5.0,0.0,0.005914710542612722,1.0,0.005914710542612722,0.0,0.005914710542612722,0.554789134635701,0.65,1.0
2019-09-25,269.9591064453125,4,2010-03-16,2019-03-15,2019-03-18,2020-03-13,0,0.5141396432634578,1.0,-0.002083083691875043,-0.002083083691875043,5.0,0.0,-0.002083083691875043,1.0,-0.002083083691875043,0.0,-0.002083083691875043,0.5141396432634578,0.65,1.0
2019-09-26,269.3967590332031,4,2010-03-16,2019-03-15,2019-03-18,2020-03-13,0,0.5422472751048247,1.0,-0.00538742554170768,-0.00538742554170768,5.0,0.0,-0.00538742554170768,1.0,-0.00538742554170768,0.0,-0.00538742554170768,0.5422472751048247,0.65,1.0
2019-09-27,267.9454040527344,4,2010-03-16,2019-03-15,2019-03-18,2020-03-13,1,0.5591545027990166,1.0,0.004637794724053013,0.004637794724053013,5.0,0.0,0.004637794724053013,1.0,0.004637794724053013,0.0,0.004637794724053013,0.5591545027990166,0.65,1.0
2019-09-30,269.1880798339844,4,2010-03-16,2019-03-15,2019-03-18,2020-03-13,0,0.5263110965330018,1.0,-0.011894446677183534,-0.011894446677183534,5.0,0.0,-0.011894446677183534,1.0,-0.011894446677183534,0.0,-0.011894446677183534,0.5263110965330018,0.65,1.0
2019-10-01,265.9862365722656,4,2010-03-16,2019-03-15,2019-03-18,2020-03-13,0,0.5682370223813225,1.0,-0.01766485536615703,-0.01766485536615703,5.0,0.0,-0.01766485536615703,0.0,-0.0,0.0005,-0.0005,0.5682370223813225,0.65,1.0
2019-10-02,261.2876281738281,4,2010-03-16,2019-03-15,2019-03-18,2020-03-13,1,0.574344421062026,1.0,0.008192716710467396,0.008192716710467396,5.0,0.0,0.008192716710467396,0.0,0.0,0.0,0.0,0.574344421062026,0.35,1.0
2019-10-03,263.42828369140625,4,2010-03-16,2019-03-15,2019-03-18,2020-03-13,1,0.5525332816685228,1.0,0.013532177527896705,0.013532177527896705,5.0,0.0,0.013532177527896705,0.0,0.0,0.0,0.0,0.5525332816685228,0.35,1.0
2019-10-04,266.9930419921875,4,2010-03-16,2019-03-15,2019-03-18,2020-03-13,0,0.5652303052900712,1.0,-0.004314749358428349,-0.004314749358428349,5.0,0.0,-0.004314749358428349,1.0,-0.004314749358428349,0.0005,-0.00481474935842835,0.5652303052900712,0.35,1.0
2019-10-07,265.8410339355469,4,2010-03-16,2019-03-15,2019-03-18,2020-03-13,0,0.6213982111906933,1.0,-0.015524712839821597,-0.015524712839821597,5.0,0.0,-0.015524712839821597,1.0,-0.015524712839821597,0.0,-0.015524712839821597,0.6213982111906933,0.35,1.0
2019-10-08,261.71392822265625,4,2010-03-16,2019-03-15,2019-03-18,2020-03-13,1,0.605661698034604,1.0,0.009496560221142092,0.009496560221142092,5.0,0.0,0.009496560221142092,0.0,0.0,0.0005,-0.0005,0.605661698034604,0.35,1.0
2019-10-09,264.1993103027344,4,2010-03-16,2019-03-15,2019-03-18,2020-03-13,1,0.5308090541812355,1.0,0.0067635538771229076,0.0067635538771229076,5.0,0.0,0.0067635538771229076,0.0,0.0,0.0,0.0,0.5308090541812355,0.35,1.0
2019-10-10,265.9862365722656,4,2010-03-16,2019-03-15,2019-03-18,2020-03-13,1,0.5820751421673129,1.0,0.010366990571301304,0.010366990571301304,5.0,0.0,0.010366990571301304,1.0,0.010366990571301304,0.0005,0.009866990571301304,0.5820751421673129,0.35,1.0
2019-10-11,268.74371337890625,4,2010-03-16,2019-03-15,2019-03-18,2020-03-13,0,0.6243200507219476,1.0,-0.0011141021876193147,-0.0011141021876193147,5.0,0.0,-0.0011141021876193147,1.0,-0.0011141021876193147,0.0,-0.0011141021876193147,0.6243200507219476,0.35,1.0
2019-10-14,268.4443054199219,4,2010-03-16,2019-03-15,2019-03-18,2020-03-13,1,0.6083960261476367,1.0,0.009900546622401585,0.009900546622401585,5.0,0.0,0.009900546622401585,1.0,0.009900546622401585,0.0,0.009900546622401585,0.6083960261476367,0.35,1.0
2019-10-15,271.10205078125,4,2010-03-16,2019-03-15,2019-03-18,2020-03-13,0,0.5633589910056228,1.0,-0.0016062413434747569,-0.0016062413434747569,5.0,0.0,-0.0016062413434747569,1.0,-0.0016062413434747569,0.0,-0.0016062413434747569,0.5633589910056228,0.35,1.0
2019-10-16,270.6665954589844,4,2010-03-16,2019-03-15,2019-03-18,2020-03-13,1,0.5555032249913212,1.0,0.00294908121958648,0.00294908121958648,5.0,0.0,0.00294908121958648,1.0,0.00294908121958648,0.0,0.00294908121958648,0.5555032249913212,0.35,1.0
2019-10-17,271.4648132324219,4,2010-03-16,2019-03-15,2019-03-18,2020-03-13,0,0.5588045943589619,1.0,-0.004377226371639398,-0.004377226371639398,5.0,0.0,-0.004377226371639398,1.0,-0.004377226371639398,0.0,-0.004377226371639398,0.5588045943589619,0.35,1.0
2019-10-18,270.27655029296875,4,2010-03-16,2019-03-15,2019-03-18,2020-03-13,1,0.6019687260299383,1.0,0.006779487246655558,0.006779487246655558,5.0,0.0,0.006779487246655558,1.0,0.006779487246655558,0.0,0.006779487246655558,0.6019687260299383,0.35,1.0
2019-10-21,272.10888671875,4,2010-03-16,2019-03-15,2019-03-18,2020-03-13,0,0.5511617313396979,1.0,-0.00326687799109604,-0.00326687799109604,5.0,0.0,-0.00326687799109604,1.0,-0.00326687799109604,0.0,-0.00326687799109604,0.5511617313396979,0.65,1.0
2019-10-22,271.2199401855469,4,2010-03-16,2019-03-15,2019-03-18,2020-03-13,1,0.5489527857785778,1.0,0.0029095336228464053,0.0029095336228464053,5.0,0.0,0.0029095336228464053,1.0,0.0029095336228464053,0.0,0.0029095336228464053,0.5489527857785778,0.65,1.0
2019-10-23,272.0090637207031,4,2010-03-16,2019-03-15,2019-03-18,2020-03-13,1,0.533532669992766,1.0,0.0016342067315271436,0.0016342067315271436,5.0,0.0,0.0016342067315271436,1.0,0.0016342067315271436,0.0,0.0016342067315271436,0.533532669992766,0.65,1.0
2019-10-24,272.4535827636719,4,2010-03-16,2019-03-15,2019-03-18,2020-03-13,1,0.561309521025244,1.0,0.004095092620667762,0.004095092620667762,5.0,0.0,0.004095092620667762,1.0,0.004095092620667762,0.0,0.004095092620667762,0.561309521025244,0.65,1.0
2019-10-25,273.5693054199219,4,2010-03-16,2019-03-15,2019-03-18,2020-03-13,1,0.5451596303270662,1.0,0.005636568712023671,0.005636568712023671,5.0,0.0,0.005636568712023671,1.0,0.005636568712023671,0.0,0.005636568712023671,0.5451596303270662,0.65,1.0
2019-10-28,275.1112976074219,4,2010-03-16,2019-03-15,2019-03-18,2020-03-13,0,0.5259456982801132,1.0,-0.0002972873527415931,-0.0002972873527415931,5.0,0.0,-0.0002972873527415931,1.0,-0.0002972873527415931,0.0,-0.0002972873527415931,0.5259456982801132,0.65,1.0
2019-10-29,275.0295104980469,4,2010-03-16,2019-03-15,2019-03-18,2020-03-13,1,0.5264357197206101,1.0,0.0030675197208396288,0.0030675197208396288,5.0,0.0,0.0030675197208396288,1.0,0.0030675197208396288,0.0,0.0030675197208396288,0.5264357197206101,0.65,1.0
2019-10-30,275.8731689453125,4,2010-03-16,2019-03-15,2019-03-18,2020-03-13,0,0.5171783913461997,1.0,-0.002663329724113761,-0.002663329724113761,5.0,0.0,-0.002663329724113761,1.0,-0.002663329724113761,0.0,-0.002663329724113761,0.5171783913461997,0.65,1.0
2019-10-31,275.138427734375,4,2010-03-16,2019-03-15,2019-03-18,2020-03-13,1,0.5269659788136075,1.0,0.009263913672716173,0.009263913672716173,5.0,0.0,0.009263913672716173,1.0,0.009263913672716173,0.0,0.009263913672716173,0.5269659788136075,0.65,1.0
2019-11-01,277.6872863769531,4,2010-03-16,2019-03-15,2019-03-18,2020-03-13,1,0.5016118059659047,1.0,0.0040178005742665945,0.0040178005742665945,5.0,0.0,0.0040178005742665945,1.0,0.0040178005742665945,0.0,0.0040178005742665945,0.5016118059659047,0.65,1.0
2019-11-04,278.802978515625,4,2010-03-16,2019-03-15,2019-03-18,2020-03-13,0,0.5243393175558193,1.0,-0.0011061956589318855,-0.0011061956589318855,5.0,0.0,-0.0011061956589318855,1.0,-0.0011061956589318855,0.0,-0.0011061956589318855,0.5243393175558193,0.65,1.0
2019-11-05,278.49456787109375,4,2010-03-16,2019-03-15,2019-03-18,2020-03-13,1,0.5162072809423526,1.0,0.00022814663187853412,0.00022814663187853412,5.0,0.0,0.00022814663187853412,1.0,0.00022814663187853412,0.0,0.00022814663187853412,0.5162072809423526,0.65,1.0
2019-11-06,278.55810546875,4,2010-03-16,2019-03-15,2019-03-18,2020-03-13,1,0.5231493935386242,1.0,0.003516293973394591,0.003516293973394591,5.0,0.0,0.003516293973394591,1.0,0.003516293973394591,0.0,0.003516293973394591,0.5231493935386242,0.65,1.0
2019-11-07,279.53759765625,4,2010-03-16,2019-03-15,2019-03-18,2020-03-13,1,0.49366927897413626,1.0,0.0024667332176986356,0.0024667332176986356,5.0,0.0,0.0024667332176986356,1.0,0.0024667332176986356,0.0,0.0024667332176986356,0.49366927897413626,0.65,1.0
2019-11-08,280.2271423339844,4,2010-03-16,2019-03-15,2019-03-18,2020-03-13,0,0.5151473675216145,1.0,-0.001910267625869877,-0.001910267625869877,5.0,0.0,-0.001910267625869877,1.0,-0.001910267625869877,0.0,-0.001910267625869877,0.5151473675216145,0.65,1.0
2019-11-11,279.69183349609375,4,2010-03-16,2019-03-15,2019-03-18,2020-03-13,1,0.5207635249251038,1.0,0.002108251203335465,0.002108251203335465,5.0,0.0,0.002108251203335465,1.0,0.002108251203335465,0.0,0.002108251203335465,0.5207635249251038,0.65,1.0
2019-11-12,280.281494140625,4,2010-03-16,2019-03-15,2019-03-18,2020-03-13,1,0.5244159139698782,1.0,0.0003232703241109469,0.0003232703241109469,5.0,0.0,0.0003232703241109469,1.0,0.0003232703241109469,0.0,0.0003232703241109469,0.5244159139698782,0.65,1.0
2019-11-13,280.3721008300781,4,2010-03-16,2019-03-15,2019-03-18,2020-03-13,1,0.5144648248615771,1.0,0.0014558246209712689,0.0014558246209712689,5.0,0.0,0.0014558246209712689,1.0,0.0014558246209712689,0.0,0.0014558246209712689,0.5144648248615771,0.65,1.0
2019-11-14,280.7802734375,4,2010-03-16,2019-03-15,2019-03-18,2020-03-13,1,0.5070921403426152,1.0,0.007236804350321258,0.007236804350321258,5.0,0.0,0.007236804350321258,1.0,0.007236804350321258,0.0,0.007236804350321258,0.5070921403426152,0.65,1.0
2019-11-15,282.8122253417969,4,2010-03-16,2019-03-15,2019-03-18,2020-03-13,1,0.5121735548757559,1.0,0.0007372244728742761,0.0007372244728742761,5.0,0.0,0.0007372244728742761,1.0,0.0007372244728742761,0.0,0.0007372244728742761,0.5121735548757559,0.65,1.0
2019-11-18,283.0207214355469,4,2010-03-16,2019-03-15,2019-03-18,2020-03-13,0,0.5109564243094817,1.0,-0.00028822443075671167,-0.00028822443075671167,5.0,0.0,-0.00028822443075671167,1.0,-0.00028822443075671167,0.0,-0.00028822443075671167,0.5109564243094817,0.65,1.0
2019-11-19,282.93914794921875,4,2010-03-16,2019-03-15,2019-03-18,2020-03-13,0,0.514576585397272,1.0,-0.0037188758918603737,-0.0037188758918603737,5.0,0.0,-0.0037188758918603737,1.0,-0.0037188758918603737,0.0,-0.0037188758918603737,0.514576585397272,0.65,1.0
2019-11-20,281.8869323730469,4,2010-03-16,2019-03-15,2019-03-18,2020-03-13,0,0.49821712788923345,1.0,-0.0016086616344430649,-0.0016086616344430649,5.0,0.0,-0.0016086616344430649,1.0,-0.0016086616344430649,0.0,-0.0016086616344430649,0.49821712788923345,0.65,1.0
2019-11-21,281.4334716796875,4,2010-03-16,2019-03-15,2019-03-18,2020-03-13,1,0.5035225778291039,1.0,0.002223918164496075,0.002223918164496075,5.0,0.0,0.002223918164496075,1.0,0.002223918164496075,0.0,0.002223918164496075,0.5035225778291039,0.65,1.0
2019-11-22,282.0593566894531,4,2010-03-16,2019-03-15,2019-03-18,2020-03-13,1,0.530852060118275,1.0,0.007750266404588091,0.007750266404588091,5.0,0.0,0.007750266404588091,1.0,0.007750266404588091,0.0,0.007750266404588091,0.530852060118275,0.65,1.0
2019-11-25,284.2453918457031,4,2010-03-16,2019-03-15,2019-03-18,2020-03-13,1,0.5313702509062053,1.0,0.002265262337863616,0.002265262337863616,5.0,0.0,0.002265262337863616,1.0,0.002265262337863616,0.0,0.002265262337863616,0.5313702509062053,0.65,1.0
2019-11-26,284.8892822265625,4,2010-03-16,2019-03-15,2019-03-18,2020-03-13,1,0.5344033267855387,1.0,0.004457619355106912,0.004457619355106912,5.0,0.0,0.004457619355106912,1.0,0.004457619355106912,0.0,0.004457619355106912,0.5344033267855387,0.65,1.0
2019-11-27,286.1592102050781,4,2010-03-16,2019-03-15,2019-03-18,2020-03-13,0,0.5305206690100307,1.0,-0.0037085955700546513,-0.0037085955700546513,5.0,0.0,-0.0037085955700546513,1.0,-0.0037085955700546513,0.0,-0.0037085955700546513,0.5305206690100307,0.65,1.0
2019-11-29,285.09796142578125,4,2010-03-16,2019-03-15,2019-03-18,2020-03-13,0,0.5301770263812164,1.0,-0.008494780075978703,-0.008494780075978703,5.0,0.0,-0.008494780075978703,1.0,-0.008494780075978703,0.0,-0.008494780075978703,0.5301770263812164,0.65,1.0
2019-12-02,282.6761169433594,4,2010-03-16,2019-03-15,2019-03-18,2020-03-13,0,0.5669714015807137,1.0,-0.006706769310260707,-0.006706769310260707,5.0,0.0,-0.006706769310260707,1.0,-0.006706769310260707,0.0,-0.006706769310260707,0.5669714015807137,0.65,1.0
2019-12-03,280.7802734375,4,2010-03-16,2019-03-15,2019-03-18,2020-03-13,1,0.5493165901792388,1.0,0.006170461778178149,0.006170461778178149,5.0,0.0,0.006170461778178149,1.0,0.006170461778178149,0.0,0.006170461778178149,0.5493165901792388,0.65,1.0
2019-12-04,282.5128173828125,4,2010-03-16,2019-03-15,2019-03-18,2020-03-13,1,0.5456220579441013,1.0,0.0017978088832910633,0.0017978088832910633,5.0,0.0,0.0017978088832910633,1.0,0.0017978088832910633,0.0,0.0017978088832910633,0.5456220579441013,0.65,1.0
2019-12-05,283.0207214355469,4,2010-03-16,2019-03-15,2019-03-18,2020-03-13,1,0.5761752229438056,1.0,0.009134331454644817,0.009134331454644817,5.0,0.0,0.009134331454644817,1.0,0.009134331454644817,0.0,0.009134331454644817,0.5761752229438056,0.65,1.0
2019-12-06,285.6059265136719,4,2010-03-16,2019-03-15,2019-03-18,2020-03-13,0,0.5758074284067788,1.0,-0.0031441215078746865,-0.0031441215078746865,5.0,0.0,-0.0031441215078746865,1.0,-0.0031441215078746865,0.0,-0.0031441215078746865,0.5758074284067788,0.65,1.0
2019-12-09,284.70794677734375,4,2010-03-16,2019-03-15,2019-03-18,2020-03-13,0,0.5690752009623995,1.0,-0.0011153022034855464,-0.0011153022034855464,5.0,0.0,-0.0011153022034855464,1.0,-0.0011153022034855464,0.0,-0.0011153022034855464,0.5690752009623995,0.65,1.0
2019-12-10,284.3904113769531,4,2010-03-16,2019-03-15,2019-03-18,2020-03-13,1,0.5641199043037302,1.0,0.0028389601567995193,0.0028389601567995193,5.0,0.0,0.0028389601567995193,1.0,0.0028389601567995193,0.0,0.0028389601567995193,0.5641199043037302,0.65,1.0
2019-12-11,285.1977844238281,4,2010-03-16,2019-03-15,2019-03-18,2020-03-13,1,0.5503375585964428,1.0,0.008618821680617783,0.008618821680617783,5.0,0.0,0.008618821680617783,1.0,0.008618821680617783,0.0,0.008618821680617783,0.5503375585964428,0.65,1.0
2019-12-12,287.6558532714844,4,2010-03-16,2019-03-15,2019-03-18,2020-03-13,1,0.5522442375826346,1.0,0.0005994118125713932,0.0005994118125713932,5.0,0.0,0.0005994118125713932,1.0,0.0005994118125713932,0.0,0.0005994118125713932,0.5522442375826346,0.65,1.0
2019-12-13,287.8282775878906,4,2010-03-16,2019-03-15,2019-03-18,2020-03-13,1,0.552065745429159,1.0,0.00686991553992633,0.00686991553992633,5.0,0.0,0.00686991553992633,1.0,0.00686991553992633,0.0,0.00686991553992633,0.552065745429159,0.65,1.0
2019-12-16,289.8056335449219,4,2010-03-16,2019-03-15,2019-03-18,2020-03-13,1,0.528761057770589,1.0,0.00021871558875607988,0.00021871558875607988,5.0,0.0,0.00021871558875607988,1.0,0.00021871558875607988,0.0,0.00021871558875607988,0.528761057770589,0.65,1.0
2019-12-17,289.8690185546875,4,2010-03-16,2019-03-15,2019-03-18,2020-03-13,1,0.5172595105164052,1.0,6.28525056989293e-05,6.28525056989293e-05,5.0,0.0,6.28525056989293e-05,1.0,6.28525056989293e-05,0.0,6.28525056989293e-05,0.5172595105164052,0.65,1.0
2019-12-18,289.8872375488281,4,2010-03-16,2019-03-15,2019-03-18,2020-03-13,1,0.5299208619962065,1.0,0.004099052271154147,0.004099052271154147,5.0,0.0,0.004099052271154147,1.0,0.004099052271154147,0.0,0.004099052271154147,0.5299208619962065,0.65,1.0
2019-12-19,291.07550048828125,4,2010-03-16,2019-03-15,2019-03-18,2020-03-13,1,0.5443693734297309,1.0,0.004383955398438388,0.004383955398438388,5.0,0.0,0.004383955398438388,1.0,0.004383955398438388,0.0,0.004383955398438388,0.5443693734297309,0.65,1.0
2019-12-20,292.3515625,4,2010-03-16,2019-03-15,2019-03-18,2020-03-13,1,0.4980407241993969,1.0,0.0015276975161004902,0.0015276975161004902,5.0,0.0,0.0015276975161004902,1.0,0.0015276975161004902,0.0,0.0015276975161004902,0.4980407241993969,0.65,1.0
2019-12-23,292.7981872558594,4,2010-03-16,2019-03-15,2019-03-18,2020-03-13,1,0.488796289903796,1.0,3.126820395760177e-05,3.126820395760177e-05,5.0,0.0,3.126820395760177e-05,1.0,3.126820395760177e-05,0.0,3.126820395760177e-05,0.488796289903796,0.65,1.0
2019-12-24,292.8073425292969,4,2010-03-16,2019-03-15,2019-03-18,2020-03-13,1,0.5010820039413187,1.0,0.0053233494995315045,0.0053233494995315045,5.0,0.0,0.0053233494995315045,1.0,0.0053233494995315045,0.0,0.0053233494995315045,0.5010820039413187,0.65,1.0
2019-12-26,294.3660583496094,4,2010-03-16,2019-03-15,2019-03-18,2020-03-13,0,0.527370201346477,1.0,-0.0002480875847662434,-0.0002480875847662434,5.0,0.0,-0.0002480875847662434,1.0,-0.0002480875847662434,0.0,-0.0002480875847662434,0.527370201346477,0.65,1.0
2019-12-27,294.29302978515625,4,2010-03-16,2019-03-15,2019-03-18,2020-03-13,0,0.5356825467842689,1.0,-0.005512893074782643,-0.005512893074782643,5.0,0.0,-0.005512893074782643,1.0,-0.005512893074782643,0.0,-0.005512893074782643,0.5356825467842689,0.65,1.0
2019-12-30,292.6706237792969,4,2010-03-16,2019-03-15,2019-03-18,2020-03-13,1,0.536777003335587,1.0,0.002429347113745317,0.002429347113745317,5.0,0.0,0.002429347113745317,1.0,0.002429347113745317,0.0,0.002429347113745317,0.536777003335587,0.65,1.0
2019-12-31,293.3816223144531,4,2010-03-16,2019-03-15,2019-03-18,2020-03-13,1,0.5181403845178729,1.0,0.009351820751775985,0.009351820751775985,5.0,0.0,0.009351820751775985,1.0,0.009351820751775985,0.0,0.009351820751775985,0.5181403845178729,0.65,1.0
2020-01-02,296.1252746582031,4,2010-03-16,2019-03-15,2019-03-18,2020-03-13,0,0.5107999517586198,1.0,-0.007572062382457889,-0.007572062382457889,5.0,0.0,-0.007572062382457889,1.0,-0.007572062382457889,0.0,-0.007572062382457889,0.5107999517586198,0.65,1.0
2020-01-03,293.88299560546875,4,2010-03-16,2019-03-15,2019-03-18,2020-03-13,1,0.5548479211452784,1.0,0.0038147622243005497,0.0038147622243005497,5.0,0.0,0.0038147622243005497,1.0,0.0038147622243005497,0.0,0.0038147622243005497,0.5548479211452784,0.65,1.0
2020-01-06,295.00408935546875,4,2010-03-16,2019-03-15,2019-03-18,2020-03-13,0,0.5225074658849802,1.0,-0.002811405843611059,-0.002811405843611059,5.0,0.0,-0.002811405843611059,1.0,-0.002811405843611059,0.0,-0.002811405843611059,0.5225074658849802,0.65,1.0
2020-01-07,294.1747131347656,4,2010-03-16,2019-03-15,2019-03-18,2020-03-13,1,0.5391526688884076,1.0,0.005329416401257392,0.005329416401257392,5.0,0.0,0.005329416401257392,1.0,0.005329416401257392,0.0,0.005329416401257392,0.5391526688884076,0.65,1.0
2020-01-08,295.74249267578125,4,2010-03-16,2019-03-15,2019-03-18,2020-03-13,1,0.549515501598527,1.0,0.006780285402063102,0.006780285402063102,5.0,0.0,0.006780285402063102,1.0,0.006780285402063102,0.0,0.006780285402063102,0.549515501598527,0.65,1.0
2020-01-09,297.7477111816406,4,2010-03-16,2019-03-15,2019-03-18,2020-03-13,0,0.5438435315375582,1.0,-0.0028776426862767712,-0.0028776426862767712,5.0,0.0,-0.0028776426862767712,1.0,-0.0028776426862767712,0.0,-0.0028776426862767712,0.5438435315375582,0.65,1.0
2020-01-10,296.8908996582031,4,2010-03-16,2019-03-15,2019-03-18,2020-03-13,1,0.5498665396006315,1.0,0.006877509952437855,0.006877509952437855,5.0,0.0,0.006877509952437855,1.0,0.006877509952437855,0.0,0.006877509952437855,0.5498665396006315,0.65,1.0
2020-01-13,298.9327697753906,4,2010-03-16,2019-03-15,2019-03-18,2020-03-13,0,0.540663244116784,1.0,-0.0015244865742990443,-0.0015244865742990443,5.0,0.0,-0.0015244865742990443,1.0,-0.0015244865742990443,0.0,-0.0015244865742990443,0.540663244116784,0.65,1.0
2020-01-14,298.47705078125,4,2010-03-16,2019-03-15,2019-03-18,2020-03-13,1,0.5360484889772593,1.0,0.002259701348479748,0.002259701348479748,5.0,0.0,0.002259701348479748,1.0,0.002259701348479748,0.0,0.002259701348479748,0.5360484889772593,0.65,1.0
2020-01-15,299.1515197753906,4,2010-03-16,2019-03-15,2019-03-18,2020-03-13,1,0.5284409133617651,1.0,0.008318305853030505,0.008318305853030505,5.0,0.0,0.008318305853030505,1.0,0.008318305853030505,0.0,0.008318305853030505,0.5284409133617651,0.65,1.0
2020-01-16,301.63995361328125,4,2010-03-16,2019-03-15,2019-03-18,2020-03-13,1,0.5382657099015311,1.0,0.003112967463626992,0.003112967463626992,5.0,0.0,0.003112967463626992,1.0,0.003112967463626992,0.0,0.003112967463626992,0.5382657099015311,0.65,1.0
2020-01-17,302.5789489746094,4,2010-03-16,2019-03-15,2019-03-18,2020-03-13,0,0.5287489591808808,1.0,-0.0019583643094180925,-0.0019583643094180925,5.0,0.0,-0.0019583643094180925,1.0,-0.0019583643094180925,0.0,-0.0019583643094180925,0.5287489591808808,0.65,1.0
2020-01-21,301.98638916015625,4,2010-03-16,2019-03-15,2019-03-18,2020-03-13,1,0.513866827393179,1.0,0.00012066102840790904,0.00012066102840790904,5.0,0.0,0.00012066102840790904,1.0,0.00012066102840790904,0.0,0.00012066102840790904,0.513866827393179,0.65,1.0
2020-01-22,302.0228271484375,4,2010-03-16,2019-03-15,2019-03-18,2020-03-13,1,0.4996552056431748,1.0,0.0011469498268308342,0.0011469498268308342,5.0,0.0,0.0011469498268308342,1.0,0.0011469498268308342,0.0,0.0011469498268308342,0.4996552056431748,0.65,1.0
2020-01-23,302.3692321777344,4,2010-03-16,2019-03-15,2019-03-18,2020-03-13,0,0.5204414402115066,1.0,-0.00889328711495263,-0.00889328711495263,5.0,0.0,-0.00889328711495263,1.0,-0.00889328711495263,0.0,-0.00889328711495263,0.5204414402115066,0.65,1.0
2020-01-24,299.68017578125,4,2010-03-16,2019-03-15,2019-03-18,2020-03-13,0,0.5502577825267301,1.0,-0.016029356654636673,-0.016029356654636673,5.0,0.0,-0.016029356654636673,1.0,-0.016029356654636673,0.0,-0.016029356654636673,0.5502577825267301,0.65,1.0
2020-01-27,294.8764953613281,4,2010-03-16,2019-03-15,2019-03-18,2020-03-13,1,0.5487685748224101,1.0,0.010479157958183327,0.010479157958183327,5.0,0.0,0.010479157958183327,1.0,0.010479157958183327,0.0,0.010479157958183327,0.5487685748224101,0.65,1.0
2020-01-28,297.966552734375,4,2010-03-16,2019-03-15,2019-03-18,2020-03-13,0,0.5220864248894171,1.0,-0.0008259106525267956,-0.0008259106525267956,5.0,0.0,-0.0008259106525267956,1.0,-0.0008259106525267956,0.0,-0.0008259106525267956,0.5220864248894171,0.65,1.0
2020-01-29,297.720458984375,4,2010-03-16,2019-03-15,2019-03-18,2020-03-13,1,0.5602656702155487,1.0,0.0032454859229020805,0.0032454859229020805,5.0,0.0,0.0032454859229020805,1.0,0.0032454859229020805,0.0,0.0032454859229020805,0.5602656702155487,0.65,1.0
2020-01-30,298.68670654296875,4,2010-03-16,2019-03-15,2019-03-18,2020-03-13,0,0.5780671774926286,1.0,-0.018158000834954002,-0.018158000834954002,5.0,0.0,-0.018158000834954002,1.0,-0.018158000834954002,0.0,-0.018158000834954002,0.5780671774926286,0.65,1.0
2020-01-31,293.2631530761719,4,2010-03-16,2019-03-15,2019-03-18,2020-03-13,1,0.5819853124362337,1.0,0.00742857672087216,0.00742857672087216,5.0,0.0,0.00742857672087216,1.0,0.00742857672087216,0.0,0.00742857672087216,0.5819853124362337,0.35,1.0
2020-02-03,295.4416809082031,4,2010-03-16,2019-03-15,2019-03-18,2020-03-13,1,0.5110768383872489,1.0,0.01524103884368544,0.01524103884368544,5.0,0.0,0.01524103884368544,1.0,0.01524103884368544,0.0,0.01524103884368544,0.5110768383872489,0.65,1.0
2020-02-04,299.94451904296875,4,2010-03-16,2019-03-15,2019-03-18,2020-03-13,1,0.5583807164714282,1.0,0.011548359671822439,0.011548359671822439,5.0,0.0,0.011548359671822439,1.0,0.011548359671822439,0.0,0.011548359671822439,0.5583807164714282,0.65,1.0
2020-02-05,303.40838623046875,4,2010-03-16,2019-03-15,2019-03-18,2020-03-13,1,0.5770139058937914,1.0,0.0033647868264266023,0.0033647868264266023,5.0,0.0,0.0033647868264266023,1.0,0.0033647868264266023,0.0,0.0033647868264266023,0.5770139058937914,0.65,1.0
2020-02-06,304.4292907714844,4,2010-03-16,2019-03-15,2019-03-18,2020-03-13,0,0.5936629580514161,1.0,-0.005329837315056318,-0.005329837315056318,5.0,0.0,-0.005329837315056318,1.0,-0.005329837315056318,0.0,-0.005329837315056318,0.5936629580514161,0.65,1.0
2020-02-07,302.8067321777344,4,2010-03-16,2019-03-15,2019-03-18,2020-03-13,1,0.5502207479635248,1.0,0.007465352787151325,0.007465352787151325,5.0,0.0,0.007465352787151325,1.0,0.007465352787151325,0.0,0.007465352787151325,0.5502207479635248,0.65,1.0
2020-02-10,305.0672912597656,4,2010-03-16,2019-03-15,2019-03-18,2020-03-13,1,0.49540352232866,1.0,0.0017331161227815972,0.0017331161227815972,5.0,0.0,0.0017331161227815972,1.0,0.0017331161227815972,0.0,0.0017331161227815972,0.49540352232866,0.65,1.0
2020-02-11,305.59600830078125,4,2010-03-16,2019-03-15,2019-03-18,2020-03-13,1,0.5625514727793517,1.0,0.00644262850055477,0.00644262850055477,5.0,0.0,0.00644262850055477,1.0,0.00644262850055477,0.0,0.00644262850055477,0.5625514727793517,0.65,1.0
2020-02-12,307.5648498535156,4,2010-03-16,2019-03-15,2019-03-18,2020-03-13,0,0.561634434357096,1.0,-0.0010668481790304662,-0.0010668481790304662,5.0,0.0,-0.0010668481790304662,1.0,-0.0010668481790304662,0.0,-0.0010668481790304662,0.561634434357096,0.65,1.0
2020-02-13,307.2367248535156,4,2010-03-16,2019-03-15,2019-03-18,2020-03-13,1,0.57672968789274,1.0,0.0016019813394205773,0.0016019813394205773,5.0,0.0,0.0016019813394205773,1.0,0.0016019813394205773,0.0,0.0016019813394205773,0.57672968789274,0.65,1.0
2020-02-14,307.7289123535156,4,2010-03-16,2019-03-15,2019-03-18,2020-03-13,0,0.48782526083621364,1.0,-0.0025768418831215723,-0.0025768418831215723,5.0,0.0,-0.0025768418831215723,1.0,-0.0025768418831215723,0.0,-0.0025768418831215723,0.48782526083621364,0.65,1.0
2020-02-18,306.9359436035156,4,2010-03-16,2019-03-15,2019-03-18,2020-03-13,1,0.5119920782851026,1.0,0.004781123911614893,0.004781123911614893,5.0,0.0,0.004781123911614893,1.0,0.004781123911614893,0.0,0.004781123911614893,0.5119920782851026,0.65,1.0
2020-02-19,308.4034423828125,4,2010-03-16,2019-03-15,2019-03-18,2020-03-13,0,0.5085495219636567,1.0,-0.004107952649596847,-0.004107952649596847,5.0,0.0,-0.004107952649596847,1.0,-0.004107952649596847,0.0,-0.004107952649596847,0.5085495219636567,0.65,1.0
2020-02-20,307.13653564453125,4,2010-03-16,2019-03-15,2019-03-18,2020-03-13,0,0.5493415643318595,1.0,-0.01029843257073304,-0.01029843257073304,5.0,0.0,-0.01029843257073304,1.0,-0.01029843257073304,0.0,-0.01029843257073304,0.5493415643318595,0.65,1.0
2020-02-21,303.9735107421875,4,2010-03-16,2019-03-15,2019-03-18,2020-03-13,0,0.5212486368775179,1.0,-0.03316545864086151,-0.03316545864086151,5.0,0.0,-0.03316545864086151,1.0,-0.03316545864086151,0.0,-0.03316545864086151,0.5212486368775179,0.65,1.0
2020-02-24,293.89208984375,4,2010-03-16,2019-03-15,2019-03-18,2020-03-13,0,0.5365983968609069,1.0,-0.03030230972053083,-0.03030230972053083,5.0,0.0,-0.03030230972053083,0.0,-0.0,0.0005,-0.0005,0.5365983968609069,0.35,1.0
2020-02-25,284.9864807128906,4,2010-03-16,2019-03-15,2019-03-18,2020-03-13,0,0.5086389203249989,1.0,-0.0036780244916788662,-0.0036780244916788662,5.0,0.0,-0.0036780244916788662,0.0,-0.0,0.0,-0.0,0.5086389203249989,0.35,1.0
2020-02-26,283.93829345703125,4,2010-03-16,2019-03-15,2019-03-18,2020-03-13,0,0.5258794494732393,1.0,-0.04491175386308599,-0.04491175386308599,5.0,0.0,-0.04491175386308599,0.0,-0.0,0.0,-0.0,0.5258794494732393,0.35,1.0
2020-02-27,271.1861267089844,4,2010-03-16,2019-03-15,2019-03-18,2020-03-13,0,0.5950299940446956,1.0,-0.004201670742824848,-0.004201670742824848,5.0,0.0,-0.004201670742824848,0.0,-0.0,0.0,-0.0,0.5950299940446956,0.35,1.0
2020-02-28,270.04669189453125,4,2010-03-16,2019-03-15,2019-03-18,2020-03-13,1,0.5395041285332038,1.0,0.04330656161394253,0.04330656161394253,5.0,0.0,0.04330656161394253,0.0,0.0,0.0,0.0,0.5395041285332038,0.35,1.0
2020-03-02,281.7414855957031,4,2010-03-16,2019-03-15,2019-03-18,2020-03-13,0,0.5147995225062632,1.0,-0.028632040038539475,-0.028632040038539475,5.0,0.0,-0.028632040038539475,0.0,-0.0,0.0,-0.0,0.5147995225062632,0.35,1.0
2020-03-03,273.6746520996094,4,2010-03-16,2019-03-15,2019-03-18,2020-03-13,1,0.6009123603100847,1.0,0.04203274146942415,0.04203274146942415,5.0,0.0,0.04203274146942415,0.0,0.0,0.0,0.0,0.6009123603100847,0.35,1.0
2020-03-04,285.1779479980469,4,2010-03-16,2019-03-15,2019-03-18,2020-03-13,0,0.5525006860426381,1.0,-0.033241691476601054,-0.033241691476601054,5.0,0.0,-0.033241691476601054,0.0,-0.0,0.0,-0.0,0.5525006860426381,0.35,1.0
2020-03-05,275.6981506347656,4,2010-03-16,2019-03-15,2019-03-18,2020-03-13,0,0.5903491544176733,1.0,-0.016531074508220334,-0.016531074508220334,5.0,0.0,-0.016531074508220334,0.0,-0.0,0.0,-0.0,0.5903491544176733,0.35,1.0
2020-03-06,271.14056396484375,4,2010-03-16,2019-03-15,2019-03-18,2020-03-13,0,0.5457228260013363,1.0,-0.07809468465797631,-0.07809468465797631,5.0,0.0,-0.07809468465797631,0.0,-0.0,0.0,-0.0,0.5457228260013363,0.35,1.0
2020-03-09,249.96592712402344,4,2010-03-16,2019-03-15,2019-03-18,2020-03-13,1,0.6833545804883506,1.0,0.05174527265587403,0.05174527265587403,5.0,0.0,0.05174527265587403,0.0,0.0,0.0,0.0,0.6833545804883506,0.35,1.0
2020-03-10,262.9004821777344,4,2010-03-16,2019-03-15,2019-03-18,2020-03-13,0,0.461496304690973,1.0,-0.048748636491271924,-0.048748636491271924,5.0,0.0,-0.048748636491271924,0.0,-0.0,0.0,-0.0,0.461496304690973,0.35,1.0
2020-03-11,250.0844421386719,4,2010-03-16,2019-03-15,2019-03-18,2020-03-13,0,0.7597215874749863,1.0,-0.09567715592157788,-0.09567715592157788,5.0,0.0,-0.09567715592157788,0.0,-0.0,0.0,-0.0,0.7597215874749863,0.35,1.0
2020-03-12,226.15707397460938,4,2010-03-16,2019-03-15,2019-03-18,2020-03-13,1,0.776510863809069,1.0,0.08548621826638869,0.08548621826638869,5.0,0.0,0.08548621826638869,0.0,0.0,0.0,0.0,0.776510863809069,0.35,1.0
2020-03-13,245.49038696289062,4,2010-03-16,2019-03-15,2019-03-18,2020-03-13,0,0.5574298975467863,1.0,-0.10942360044697885,-0.10942360044697885,5.0,0.0,-0.10942360044697885,0.0,-0.0,0.0,-0.0,0.5574298975467863,0.35,1.0
2020-03-16,218.62794494628906,5,2010-03-16,2020-03-13,2020-03-16,2021-03-15,1,0.7818846269553903,1.0,0.053992039782800205,0.053992039782800205,5.0,0.0,0.053992039782800205,0.0,0.0,0.0,0.0,0.7818846269553903,0.35,1.0
2020-03-17,230.43211364746094,5,2010-03-16,2020-03-13,2020-03-16,2021-03-15,0,0.5980319073911299,1.0,-0.050633048857938845,-0.050633048857938845,5.0,0.0,-0.050633048857938845,0.0,-0.0,0.0,-0.0,0.5980319073911299,0.35,1.0
2020-03-18,218.76463317871094,5,2010-03-16,2020-03-13,2020-03-16,2021-03-15,1,0.8206924545197898,1.0,0.0021249276084280844,0.0021249276084280844,5.0,0.0,0.0021249276084280844,0.0,0.0,0.0,0.0,0.8206924545197898,0.35,1.0
2020-03-19,219.2294921875,5,2010-03-16,2020-03-13,2020-03-16,2021-03-15,0,0.5947593356197256,1.0,-0.043094155222258346,-0.043094155222258346,5.0,0.0,-0.043094155222258346,0.0,-0.0,0.0,-0.0,0.5947593356197256,0.35,1.0
2020-03-20,209.781982421875,5,2010-03-16,2020-03-13,2020-03-16,2021-03-15,0,0.8716204456399644,1.0,-0.025568231411191134,-0.025568231411191134,5.0,0.0,-0.025568231411191134,0.0,-0.0,0.0,-0.0,0.8716204456399644,0.35,1.0
2020-03-23,204.41822814941406,5,2010-03-16,2020-03-13,2020-03-16,2021-03-15,1,0.6920951691578963,1.0,0.09060337232462223,0.09060337232462223,5.0,0.0,0.09060337232462223,0.0,0.0,0.0,0.0,0.6920951691578963,0.35,1.0
2020-03-24,222.939208984375,5,2010-03-16,2020-03-13,2020-03-16,2021-03-15,1,0.6054510931862938,1.0,0.014970284474007167,0.014970284474007167,5.0,0.0,0.014970284474007167,0.0,0.0,0.0,0.0,0.6054510931862938,0.35,1.0
2020-03-25,226.27667236328125,5,2010-03-16,2020-03-13,2020-03-16,2021-03-15,1,0.6765584555243473,1.0,0.05838966562611181,0.05838966562611181,5.0,0.0,0.05838966562611181,0.0,0.0,0.0,0.0,0.6765584555243473,0.35,1.0
2020-03-26,239.4888916015625,5,2010-03-16,2020-03-13,2020-03-16,2021-03-15,0,0.41299261430428374,0.0,-0.029785454660371413,0.0,5.0,0.0005,-0.0005,0.0,-0.0,0.0,-0.0,0.41299261430428374,0.35,1.0
2020-03-27,232.35560607910156,5,2010-03-16,2020-03-13,2020-03-16,2021-03-15,1,0.5312179435176947,0.0,0.03247564612205278,0.0,5.0,0.0,0.0,0.0,0.0,0.0,0.0,0.5312179435176947,0.35,1.0
2020-03-30,239.90150451660156,5,2010-03-16,2020-03-13,2020-03-16,2021-03-15,0,0.1790355717680452,0.0,-0.014905498186161825,0.0,5.0,0.0,0.0,0.0,-0.0,0.0,-0.0,0.1790355717680452,0.35,1.0
2020-03-31,236.32565307617188,5,2010-03-16,2020-03-13,2020-03-16,2021-03-15,0,0.48416928198716525,0.0,-0.04500499036728045,0.0,5.0,0.0,0.0,0.0,-0.0,0.0,-0.0,0.48416928198716525,0.35,1.0
2020-04-01,225.6898193359375,5,2010-03-16,2020-03-13,2020-03-16,2021-03-15,1,0.5176131925661748,0.0,0.02307561561207483,0.0,5.0,0.0,0.0,0.0,0.0,0.0,0.0,0.5176131925661748,0.35,1.0
2020-04-02,230.8977508544922,5,2010-03-16,2020-03-13,2020-03-16,2021-03-15,0,0.5236016747729678,0.0,-0.014454291419276122,0.0,5.0,0.0,0.0,0.0,-0.0,0.0,-0.0,0.5236016747729678,0.35,1.0
2020-04-03,227.56028747558594,5,2010-03-16,2020-03-13,2020-03-16,2021-03-15,1,0.49103624762581505,0.0,0.06716634734514781,0.0,5.0,0.0,0.0,0.0,0.0,0.0,0.0,0.49103624762581505,0.35,1.0
2020-04-06,242.84468078613284,5,2010-03-16,2020-03-13,2020-03-16,2021-03-15,1,0.4030887995148187,0.0,0.0010193483923945923,0.0,5.0,0.0,0.0,0.0,0.0,0.0,0.0,0.4030887995148187,0.35,1.0
2020-04-07,243.09222412109375,5,2010-03-16,2020-03-13,2020-03-16,2021-03-15,1,0.5869754533506807,1.0,0.03356852664554766,0.03356852664554766,5.0,0.0005,0.03306852664554766,0.0,0.0,0.0,0.0,0.5869754533506807,0.35,1.0
2020-04-08,251.25247192382812,5,2010-03-16,2020-03-13,2020-03-16,2021-03-15,1,0.41004660374226315,0.0,0.015217281196583388,0.0,5.0,0.0005,-0.0005,0.0,0.0,0.0,0.0,0.41004660374226315,0.65,1.0
2020-04-09,255.0758514404297,5,2010-03-16,2020-03-13,2020-03-16,2021-03-15,0,0.5132734315252471,0.0,-0.00912999858643937,0.0,5.0,0.0,0.0,0.0,-0.0,0.0,-0.0,0.5132734315252471,0.65,1.0
2020-04-13,252.74700927734375,5,2010-03-16,2020-03-13,2020-03-16,2021-03-15,1,0.46644109803792494,0.0,0.02949270551824723,0.0,5.0,0.0,0.0,0.0,0.0,0.0,0.0,0.46644109803792494,0.65,1.0
2020-04-14,260.2012023925781,5,2010-03-16,2020-03-13,2020-03-16,2021-03-15,0,0.5953856004877014,1.0,-0.021248146757674724,-0.021248146757674724,5.0,0.0005,-0.021748146757674724,0.0,-0.0,0.0,-0.0,0.5953856004877014,0.65,1.0
2020-04-15,254.6724090576172,5,2010-03-16,2020-03-13,2020-03-16,2021-03-15,1,0.6273165383818863,1.0,0.00482420503851011,0.00482420503851011,5.0,0.0,0.00482420503851011,0.0,0.0,0.0,0.0,0.6273165383818863,0.65,1.0
2020-04-16,255.90100097656247,5,2010-03-16,2020-03-13,2020-03-16,2021-03-15,1,0.5047556876973449,1.0,0.027015762225706785,0.027015762225706785,5.0,0.0,0.027015762225706785,0.0,0.0,0.0,0.0,0.5047556876973449,0.65,1.0
2020-04-17,262.8143615722656,5,2010-03-16,2020-03-13,2020-03-16,2021-03-15,0,0.48723402619895634,1.0,-0.01761806133163868,-0.01761806133163868,5.0,0.0,-0.01761806133163868,1.0,-0.01761806133163868,0.0005,-0.01811806133163868,0.48723402619895634,0.65,1.0
2020-04-20,258.18408203125,5,2010-03-16,2020-03-13,2020-03-16,2021-03-15,0,0.46013484561446655,1.0,-0.03036337541914025,-0.03036337541914025,5.0,0.0,-0.03036337541914025,0.0,-0.0,0.0005,-0.0005,0.46013484561446655,0.65,1.0
2020-04-21,250.34474182128906,5,2010-03-16,2020-03-13,2020-03-16,2021-03-15,1,0.4629484047139057,1.0,0.02219443122651965,0.02219443122651965,5.0,0.0,0.02219443122651965,0.0,0.0,0.0,0.0,0.4629484047139057,0.65,1.0
2020-04-22,255.90100097656247,5,2010-03-16,2020-03-13,2020-03-16,2021-03-15,0,0.36766549678874505,0.0,-7.179175525340309e-05,0.0,5.0,0.0005,-0.0005,0.0,-0.0,0.0,-0.0,0.36766549678874505,0.65,1.0
2020-04-23,255.88262939453125,5,2010-03-16,2020-03-13,2020-03-16,2021-03-15,1,0.44485636171464044,0.0,0.01393861865131063,0.0,5.0,0.0,0.0,0.0,0.0,0.0,0.0,0.44485636171464044,0.65,1.0
2020-04-24,259.44927978515625,5,2010-03-16,2020-03-13,2020-03-16,2021-03-15,1,0.5306873445721514,0.0,0.014418522368758735,0.0,5.0,0.0,0.0,1.0,0.014418522368758735,0.0005,0.013918522368758734,0.5306873445721514,0.65,1.0
2020-04-27,263.1901550292969,5,2010-03-16,2020-03-13,2020-03-16,2021-03-15,0,0.496502074563658,0.0,-0.004598215605710165,0.0,5.0,0.0,0.0,1.0,-0.004598215605710165,0.0,-0.004598215605710165,0.496502074563658,0.65,1.0
2020-04-28,261.9799499511719,5,2010-03-16,2020-03-13,2020-03-16,2021-03-15,1,0.47208456716929004,0.0,0.02617851423701545,0.0,5.0,0.0,0.0,1.0,0.02617851423701545,0.0,0.02617851423701545,0.47208456716929004,0.65,1.0
2020-04-29,268.83819580078125,5,2010-03-16,2020-03-13,2020-03-16,2021-03-15,0,0.4288413954215132,0.0,-0.009310852520464152,0.0,5.0,0.0,0.0,1.0,-0.009310852520464152,0.0,-0.009310852520464152,0.4288413954215132,0.65,1.0
2020-04-30,266.3350830078125,5,2010-03-16,2020-03-13,2020-03-16,2021-03-15,0,0.4733322711336276,0.0,-0.026473347673063308,0.0,5.0,0.0,0.0,1.0,-0.026473347673063308,0.0,-0.026473347673063308,0.4733322711336276,0.65,1.0
2020-05-01,259.2843017578125,5,2010-03-16,2020-03-13,2020-03-16,2021-03-15,1,0.4781476257779092,0.0,0.002758518250687292,0.0,5.0,0.0,0.0,1.0,0.002758518250687292,0.0,0.002758518250687292,0.4781476257779092,0.65,1.0
2020-05-04,259.9995422363281,5,2010-03-16,2020-03-13,2020-03-16,2021-03-15,1,0.40623614078620257,0.0,0.009239213044174965,0.0,5.0,0.0,0.0,1.0,0.009239213044174965,0.0,0.009239213044174965,0.40623614078620257,0.65,1.0
2020-05-05,262.4017333984375,5,2010-03-16,2020-03-13,2020-03-16,2021-03-15,0,0.41452024996693226,0.0,-0.00677883508288768,0.0,5.0,0.0,0.0,1.0,-0.00677883508288768,0.0,-0.00677883508288768,0.41452024996693226,0.65,1.0
2020-05-06,260.6229553222656,5,2010-03-16,2020-03-13,2020-03-16,2021-03-15,1,0.5114230182586824,0.0,0.012066847515594947,0.0,5.0,0.0,0.0,1.0,0.012066847515594947,0.0,0.012066847515594947,0.5114230182586824,0.65,1.0
2020-05-07,263.7678527832031,5,2010-03-16,2020-03-13,2020-03-16,2021-03-15,1,0.5027428368590695,0.0,0.016546176189338402,0.0,5.0,0.0,0.0,1.0,0.016546176189338402,0.0,0.016546176189338402,0.5027428368590695,0.65,1.0
2020-05-08,268.1322021484375,5,2010-03-16,2020-03-13,2020-03-16,2021-03-15,1,0.4664901595149861,0.0,0.00020498156417891877,0.0,5.0,0.0,0.0,1.0,0.00020498156417891877,0.0,0.00020498156417891877,0.4664901595149861,0.65,1.0
2020-05-11,268.1871643066406,5,2010-03-16,2020-03-13,2020-03-16,2021-03-15,0,0.4899810966699807,0.0,-0.01993125364632531,0.0,5.0,0.0,0.0,1.0,-0.01993125364632531,0.0,-0.01993125364632531,0.4899810966699807,0.65,1.0
2020-05-12,262.84185791015625,5,2010-03-16,2020-03-13,2020-03-16,2021-03-15,0,0.5478822415601277,0.0,-0.01768599812232996,0.0,5.0,0.0,0.0,1.0,-0.01768599812232996,0.0,-0.01768599812232996,0.5478822415601277,0.65,1.0
2020-05-13,258.1932373046875,5,2010-03-16,2020-03-13,2020-03-16,2021-03-15,1,0.49264178951357007,0.0,0.011967411762647817,0.0,5.0,0.0,0.0,1.0,0.011967411762647817,0.0,0.011967411762647817,0.49264178951357007,0.65,1.0
2020-05-14,261.28314208984375,5,2010-03-16,2020-03-13,2020-03-16,2021-03-15,1,0.47010896659620977,0.0,0.004596736686037328,0.0,5.0,0.0,0.0,1.0,0.004596736686037328,0.0,0.004596736686037328,0.47010896659620977,0.65,1.0
2020-05-15,262.48419189453125,5,2010-03-16,2020-03-13,2020-03-16,2021-03-15,1,0.5418282906422965,0.0,0.030459539857892404,0.0,5.0,0.0,0.0,1.0,0.030459539857892404,0.0,0.030459539857892404,0.5418282906422965,0.35,1.0
2020-05-18,270.4793395996094,5,2010-03-16,2020-03-13,2020-03-16,2021-03-15,0,0.5445828581969576,0.0,-0.010270936685912502,0.0,5.0,0.0,0.0,1.0,-0.010270936685912502,0.0,-0.010270936685912502,0.5445828581969576,0.65,1.0
2020-05-19,267.7012634277344,5,2010-03-16,2020-03-13,2020-03-16,2021-03-15,1,0.5930169164856958,1.0,0.01698784831569866,0.01698784831569866,5.0,0.0005,0.01648784831569866,1.0,0.01698784831569866,0.0,0.01698784831569866,0.5930169164856958,0.65,1.0
2020-05-20,272.2489318847656,5,2010-03-16,2020-03-13,2020-03-16,2021-03-15,0,0.49883504808554896,1.0,-0.006903781425802502,-0.006903781425802502,5.0,0.0,-0.006903781425802502,1.0,-0.006903781425802502,0.0,-0.006903781425802502,0.49883504808554896,0.65,1.0
2020-05-21,270.369384765625,5,2010-03-16,2020-03-13,2020-03-16,2021-03-15,1,0.5540665065608306,1.0,0.001898760466773064,0.001898760466773064,5.0,0.0,0.001898760466773064,1.0,0.001898760466773064,0.0,0.001898760466773064,0.5540665065608306,0.65,1.0
2020-05-22,270.88275146484375,5,2010-03-16,2020-03-13,2020-03-16,2021-03-15,1,0.5439340751378919,1.0,0.0123208062471174,0.0123208062471174,5.0,0.0,0.0123208062471174,1.0,0.0123208062471174,0.0,0.0123208062471174,0.5439340751378919,0.65,1.0
2020-05-26,274.2202453613281,5,2010-03-16,2020-03-13,2020-03-16,2021-03-15,1,0.6130728585480469,1.0,0.014879170107801931,0.014879170107801931,5.0,0.0,0.014879170107801931,1.0,0.014879170107801931,0.0,0.014879170107801931,0.6130728585480469,0.65,1.0
2020-05-27,278.3004150390625,5,2010-03-16,2020-03-13,2020-03-16,2021-03-15,0,0.5333686537646587,1.0,-0.0018450880479613518,-0.0018450880479613518,5.0,0.0,-0.0018450880479613518,1.0,-0.0018450880479613518,0.0,-0.0018450880479613518,0.5333686537646587,0.65,1.0
2020-05-28,277.78692626953125,5,2010-03-16,2020-03-13,2020-03-16,2021-03-15,1,0.5746833697778472,1.0,0.004455798074423756,0.004455798074423756,5.0,0.0,0.004455798074423756,1.0,0.004455798074423756,0.0,0.004455798074423756,0.5746833697778472,0.65,1.0
2020-05-29,279.0246887207031,5,2010-03-16,2020-03-13,2020-03-16,2021-03-15,1,0.5433594601222052,1.0,0.004041854162726954,0.004041854162726954,5.0,0.0,0.004041854162726954,1.0,0.004041854162726954,0.0,0.004041854162726954,0.5433594601222052,0.65,1.0
2020-06-01,280.1524658203125,5,2010-03-16,2020-03-13,2020-03-16,2021-03-15,1,0.5434879175124787,1.0,0.008280141820794507,0.008280141820794507,5.0,0.0,0.008280141820794507,1.0,0.008280141820794507,0.0,0.008280141820794507,0.5434879175124787,0.65,1.0
2020-06-02,282.47216796875,5,2010-03-16,2020-03-13,2020-03-16,2021-03-15,1,0.5549401222896913,1.0,0.013308379558965022,0.013308379558965022,5.0,0.0,0.013308379558965022,1.0,0.013308379558965022,0.0,0.013308379558965022,0.5549401222896913,0.65,1.0
2020-06-03,286.2314147949219,5,2010-03-16,2020-03-13,2020-03-16,2021-03-15,0,0.5224088665922819,1.0,-0.0026268678103780196,-0.0026268678103780196,5.0,0.0,-0.0026268678103780196,1.0,-0.0026268678103780196,0.0,-0.0026268678103780196,0.5224088665922819,0.65,1.0
2020-06-04,285.4795227050781,5,2010-03-16,2020-03-13,2020-03-16,2021-03-15,1,0.525388607821104,1.0,0.025629442136071656,0.025629442136071656,5.0,0.0,0.025629442136071656,1.0,0.025629442136071656,0.0,0.025629442136071656,0.525388607821104,0.65,1.0
2020-06-05,292.79620361328125,5,2010-03-16,2020-03-13,2020-03-16,2021-03-15,1,0.48336781480205754,1.0,0.012087639949611928,0.012087639949611928,5.0,0.0,0.012087639949611928,1.0,0.012087639949611928,0.0,0.012087639949611928,0.48336781480205754,0.65,1.0
2020-06-08,296.3354187011719,5,2010-03-16,2020-03-13,2020-03-16,2021-03-15,0,0.518501333589338,1.0,-0.007456706623129472,-0.007456706623129472,5.0,0.0,-0.007456706623129472,1.0,-0.007456706623129472,0.0,-0.007456706623129472,0.518501333589338,0.65,1.0
2020-06-09,294.125732421875,5,2010-03-16,2020-03-13,2020-03-16,2021-03-15,0,0.5534445808271775,1.0,-0.005580046798518201,-0.005580046798518201,5.0,0.0,-0.005580046798518201,1.0,-0.005580046798518201,0.0,-0.005580046798518201,0.5534445808271775,0.65,1.0
2020-06-10,292.4844970703125,5,2010-03-16,2020-03-13,2020-03-16,2021-03-15,0,0.5490276214391854,1.0,-0.05764883037921431,-0.05764883037921431,5.0,0.0,-0.05764883037921431,1.0,-0.05764883037921431,0.0,-0.05764883037921431,0.5490276214391854,0.65,1.0
2020-06-11,275.62310791015625,5,2010-03-16,2020-03-13,2020-03-16,2021-03-15,1,0.5304330756412721,1.0,0.011975484348430099,0.011975484348430099,5.0,0.0,0.011975484348430099,1.0,0.011975484348430099,0.0,0.011975484348430099,0.5304330756412721,0.65,1.0
2020-06-12,278.923828125,5,2010-03-16,2020-03-13,2020-03-16,2021-03-15,1,0.41337347551176423,0.0,0.009335677373274898,0.0,5.0,0.0005,-0.0005,1.0,0.009335677373274898,0.0,0.009335677373274898,0.41337347551176423,0.65,1.0
2020-06-15,281.52777099609375,5,2010-03-16,2020-03-13,2020-03-16,2021-03-15,1,0.507537927624539,0.0,0.01924791725880115,0.0,5.0,0.0,0.0,1.0,0.01924791725880115,0.0,0.01924791725880115,0.507537927624539,0.65,1.0
2020-06-16,286.94659423828125,5,2010-03-16,2020-03-13,2020-03-16,2021-03-15,0,0.5523825135375823,1.0,-0.004153928258219586,-0.004153928258219586,5.0,0.0005,-0.004653928258219586,1.0,-0.004153928258219586,0.0,-0.004153928258219586,0.5523825135375823,0.65,1.0
2020-06-17,285.754638671875,5,2010-03-16,2020-03-13,2020-03-16,2021-03-15,1,0.5990516371507625,1.0,0.0003848943697770668,0.0003848943697770668,5.0,0.0,0.0003848943697770668,1.0,0.0003848943697770668,0.0,0.0003848943697770668,0.5990516371507625,0.65,1.0
2020-06-18,285.8646240234375,5,2010-03-16,2020-03-13,2020-03-16,2021-03-15,0,0.45927096476807494,1.0,-0.005714720666085027,-0.005714720666085027,5.0,0.0,-0.005714720666085027,1.0,-0.005714720666085027,0.0,-0.005714720666085027,0.45927096476807494,0.65,1.0
2020-06-19,284.2309875488281,5,2010-03-16,2020-03-13,2020-03-16,2021-03-15,1,0.49395563194595377,1.0,0.006415186433806452,0.006415186433806452,5.0,0.0,0.006415186433806452,1.0,0.006415186433806452,0.0,0.006415186433806452,0.49395563194595377,0.65,1.0
2020-06-22,286.05438232421875,5,2010-03-16,2020-03-13,2020-03-16,2021-03-15,1,0.4885418783231635,1.0,0.004603224219949409,0.004603224219949409,5.0,0.0,0.004603224219949409,1.0,0.004603224219949409,0.0,0.004603224219949409,0.4885418783231635,0.65,1.0
2020-06-23,287.37115478515625,5,2010-03-16,2020-03-13,2020-03-16,2021-03-15,0,0.5539690924173196,1.0,-0.025508523372290814,-0.025508523372290814,5.0,0.0,-0.025508523372290814,1.0,-0.025508523372290814,0.0,-0.025508523372290814,0.5539690924173196,0.65,1.0
2020-06-24,280.0407409667969,5,2010-03-16,2020-03-13,2020-03-16,2021-03-15,1,0.5741719534818872,1.0,0.010720791162087462,0.010720791162087462,5.0,0.0,0.010720791162087462,1.0,0.010720791162087462,0.0,0.010720791162087462,0.5741719534818872,0.65,1.0
2020-06-25,283.0429992675781,5,2010-03-16,2020-03-13,2020-03-16,2021-03-15,0,0.3667538485285046,0.0,-0.02375136027881286,0.0,5.0,0.0005,-0.0005,1.0,-0.02375136027881286,0.0,-0.02375136027881286,0.3667538485285046,0.65,1.0
2020-06-26,276.3203430175781,5,2010-03-16,2020-03-13,2020-03-16,2021-03-15,1,0.4466752418069499,0.0,0.014697058302174604,0.0,5.0,0.0,0.0,1.0,0.014697058302174604,0.0,0.014697058302174604,0.4466752418069499,0.35,1.0
2020-06-29,280.3814392089844,5,2010-03-16,2020-03-13,2020-03-16,2021-03-15,1,0.406290481810774,0.0,0.012809850385397059,0.0,5.0,0.0,0.0,1.0,0.012809850385397059,0.0,0.012809850385397059,0.406290481810774,0.65,1.0
2020-06-30,283.97308349609375,5,2010-03-16,2020-03-13,2020-03-16,2021-03-15,1,0.4798999985100856,0.0,0.007004877901997109,0.0,5.0,0.0,0.0,1.0,0.007004877901997109,0.0,0.007004877901997109,0.4798999985100856,0.65,1.0
2020-07-01,285.9622802734375,5,2010-03-16,2020-03-13,2020-03-16,2021-03-15,1,0.41592570212100993,0.0,0.005506801621956381,0.0,5.0,0.0,0.0,1.0,0.005506801621956381,0.0,0.005506801621956381,0.41592570212100993,0.35,1.0
2020-07-02,287.5370178222656,5,2010-03-16,2020-03-13,2020-03-16,2021-03-15,1,0.4634528225047684,0.0,0.015437253164477749,0.0,5.0,0.0,0.0,1.0,0.015437253164477749,0.0,0.015437253164477749,0.4634528225047684,0.65,1.0
2020-07-06,291.9757995605469,5,2010-03-16,2020-03-13,2020-03-16,2021-03-15,0,0.41816797178404097,0.0,-0.010313392379986186,0.0,5.0,0.0,0.0,1.0,-0.010313392379986186,0.0,-0.010313392379986186,0.41816797178404097,0.35,1.0
2020-07-07,288.96453857421875,5,2010-03-16,2020-03-13,2020-03-16,2021-03-15,1,0.5273911033847203,0.0,0.00764817891198355,0.0,5.0,0.0,0.0,1.0,0.00764817891198355,0.0,0.00764817891198355,0.5273911033847203,0.35,1.0
2020-07-08,291.1745910644531,5,2010-03-16,2020-03-13,2020-03-16,2021-03-15,0,0.5085251952052239,0.0,-0.005692989221806166,0.0,5.0,0.0,0.0,1.0,-0.005692989221806166,0.0,-0.005692989221806166,0.5085251952052239,0.35,1.0
2020-07-09,289.5169372558594,5,2010-03-16,2020-03-13,2020-03-16,2021-03-15,1,0.5142314488766108,0.0,0.010210721299527936,0.0,5.0,0.0,0.0,1.0,0.010210721299527936,0.0,0.010210721299527936,0.5142314488766108,0.35,1.0
2020-07-10,292.4731140136719,5,2010-03-16,2020-03-13,2020-03-16,2021-03-15,0,0.5254935771158131,0.0,-0.00865912842758254,0.0,5.0,0.0,0.0,1.0,-0.00865912842758254,0.0,-0.00865912842758254,0.5254935771158131,0.65,1.0
2020-07-13,289.9405517578125,5,2010-03-16,2020-03-13,2020-03-16,2021-03-15,1,0.551205040557215,1.0,0.012959367933468968,0.012959367933468968,5.0,0.0005,0.012459367933468968,1.0,0.012959367933468968,0.0,0.012959367933468968,0.551205040557215,0.65,1.0
2020-07-14,293.697998046875,5,2010-03-16,2020-03-13,2020-03-16,2021-03-15,1,0.47508350736056654,1.0,0.009186923881970399,0.009186923881970399,5.0,0.0,0.009186923881970399,1.0,0.009186923881970399,0.0,0.009186923881970399,0.47508350736056654,0.65,1.0
2020-07-15,296.39617919921875,5,2010-03-16,2020-03-13,2020-03-16,2021-03-15,0,0.5190656286169151,1.0,-0.003293346279103493,-0.003293346279103493,5.0,0.0,-0.003293346279103493,1.0,-0.003293346279103493,0.0,-0.003293346279103493,0.5190656286169151,0.65,1.0
2020-07-16,295.4200439453125,5,2010-03-16,2020-03-13,2020-03-16,2021-03-15,1,0.5342164714689763,1.0,0.0028990765185132883,0.0028990765185132883,5.0,0.0,0.0028990765185132883,1.0,0.0028990765185132883,0.0,0.0028990765185132883,0.5342164714689763,0.65,1.0
2020-07-17,296.2764892578125,5,2010-03-16,2020-03-13,2020-03-16,2021-03-15,1,0.5274499274557127,1.0,0.0080815682273927,0.0080815682273927,5.0,0.0,0.0080815682273927,1.0,0.0080815682273927,0.0,0.0080815682273927,0.5274499274557127,0.65,1.0
2020-07-20,298.6708679199219,5,2010-03-16,2020-03-13,2020-03-16,2021-03-15,1,0.49854266841644995,1.0,0.002127651530671626,0.002127651530671626,5.0,0.0,0.002127651530671626,1.0,0.002127651530671626,0.0,0.002127651530671626,0.49854266841644995,0.65,1.0
2020-07-21,299.30633544921875,5,2010-03-16,2020-03-13,2020-03-16,2021-03-15,1,0.5201331868519815,1.0,0.005692075691779985,0.005692075691779985,5.0,0.0,0.005692075691779985,1.0,0.005692075691779985,0.0,0.005692075691779985,0.5201331868519815,0.65,1.0
2020-07-22,301.010009765625,5,2010-03-16,2020-03-13,2020-03-16,2021-03-15,0,0.5347912684104756,1.0,-0.011931773480721275,-0.011931773480721275,5.0,0.0,-0.011931773480721275,1.0,-0.011931773480721275,0.0,-0.011931773480721275,0.5347912684104756,0.65,1.0
2020-07-23,297.4184265136719,5,2010-03-16,2020-03-13,2020-03-16,2021-03-15,0,0.5419283747656425,1.0,-0.006440513340762899,-0.006440513340762899,5.0,0.0,-0.006440513340762899,1.0,-0.006440513340762899,0.0,-0.006440513340762899,0.5419283747656425,0.65,1.0
2020-07-24,295.5028991699219,5,2010-03-16,2020-03-13,2020-03-16,2021-03-15,1,0.5222828908592225,1.0,0.0072925452432857085,0.0072925452432857085,5.0,0.0,0.0072925452432857085,1.0,0.0072925452432857085,0.0,0.0072925452432857085,0.5222828908592225,0.65,1.0
2020-07-27,297.6578674316406,5,2010-03-16,2020-03-13,2020-03-16,2021-03-15,0,0.49742835012842335,1.0,-0.006342239159010443,-0.006342239159010443,5.0,0.0,-0.006342239159010443,1.0,-0.006342239159010443,0.0,-0.006342239159010443,0.49742835012842335,0.65,1.0
2020-07-28,295.7700500488281,5,2010-03-16,2020-03-13,2020-03-16,2021-03-15,1,0.5497919018264803,1.0,0.012298549917440393,0.012298549917440393,5.0,0.0,0.012298549917440393,1.0,0.012298549917440393,0.0,0.012298549917440393,0.5497919018264803,0.65,1.0
2020-07-29,299.4075927734375,5,2010-03-16,2020-03-13,2020-03-16,2021-03-15,0,0.5300733041254289,1.0,-0.0035676325360911587,-0.0035676325360911587,5.0,0.0,-0.0035676325360911587,1.0,-0.0035676325360911587,0.0,-0.0035676325360911587,0.5300733041254289,0.65,1.0
2020-07-30,298.33941650390625,5,2010-03-16,2020-03-13,2020-03-16,2021-03-15,1,0.5377033156946265,1.0,0.0079021185177639,0.0079021185177639,5.0,0.0,0.0079021185177639,1.0,0.0079021185177639,0.0,0.0079021185177639,0.5377033156946265,0.65,1.0
2020-07-31,300.6969299316406,5,2010-03-16,2020-03-13,2020-03-16,2021-03-15,1,0.47922356169381464,1.0,0.006952233058029611,0.006952233058029611,5.0,0.0,0.006952233058029611,1.0,0.006952233058029611,0.0,0.006952233058029611,0.47922356169381464,0.65,1.0
2020-08-03,302.7874450683594,5,2010-03-16,2020-03-13,2020-03-16,2021-03-15,1,0.5220675054222811,1.0,0.0038624277457812717,0.0038624277457812717,5.0,0.0,0.0038624277457812717,1.0,0.0038624277457812717,0.0,0.0038624277457812717,0.5220675054222811,0.65,1.0
2020-08-04,303.9569396972656,5,2010-03-16,2020-03-13,2020-03-16,2021-03-15,1,0.5255373081450909,1.0,0.006210805335429281,0.006210805335429281,5.0,0.0,0.006210805335429281,1.0,0.006210805335429281,0.0,0.006210805335429281,0.5255373081450909,0.65,1.0
2020-08-05,305.8447570800781,5,2010-03-16,2020-03-13,2020-03-16,2021-03-15,1,0.5500859030166495,1.0,0.006684546804948788,0.006684546804948788,5.0,0.0,0.006684546804948788,1.0,0.006684546804948788,0.0,0.006684546804948788,0.5500859030166495,0.65,1.0
2020-08-06,307.8891906738281,5,2010-03-16,2020-03-13,2020-03-16,2021-03-15,1,0.5071089189297238,1.0,0.0007180159051822788,0.0007180159051822788,5.0,0.0,0.0007180159051822788,1.0,0.0007180159051822788,0.0,0.0007180159051822788,0.5071089189297238,0.65,1.0
2020-08-07,308.1102600097656,5,2010-03-16,2020-03-13,2020-03-16,2021-03-15,1,0.5169057700551106,1.0,0.0029889590663061405,0.0029889590663061405,5.0,0.0,0.0029889590663061405,1.0,0.0029889590663061405,0.0,0.0029889590663061405,0.5169057700551106,0.65,1.0
2020-08-10,309.03118896484375,5,2010-03-16,2020-03-13,2020-03-16,2021-03-15,0,0.5110870759940185,1.0,-0.008254912389814573,-0.008254912389814573,5.0,0.0,-0.008254912389814573,1.0,-0.008254912389814573,0.0,-0.008254912389814573,0.5110870759940185,0.65,1.0
2020-08-11,306.48016357421875,5,2010-03-16,2020-03-13,2020-03-16,2021-03-15,1,0.5318866679087597,1.0,0.013942506936850618,0.013942506936850618,5.0,0.0,0.013942506936850618,1.0,0.013942506936850618,0.0,0.013942506936850618,0.5318866679087597,0.65,1.0
2020-08-12,310.7532653808594,5,2010-03-16,2020-03-13,2020-03-16,2021-03-15,0,0.48635591322840543,1.0,-0.0018077608209088325,-0.0018077608209088325,5.0,0.0,-0.0018077608209088325,1.0,-0.0018077608209088325,0.0,-0.0018077608209088325,0.48635591322840543,0.65,1.0
2020-08-13,310.1914978027344,5,2010-03-16,2020-03-13,2020-03-16,2021-03-15,1,0.5232231637153295,1.0,2.981005681124138e-05,2.981005681124138e-05,5.0,0.0,2.981005681124138e-05,1.0,2.981005681124138e-05,0.0,2.981005681124138e-05,0.5232231637153295,0.65,1.0
2020-08-14,310.20074462890625,5,2010-03-16,2020-03-13,2020-03-16,2021-03-15,1,0.5239094235039269,1.0,0.003176299684652495,0.003176299684652495,5.0,0.0,0.003176299684652495,1.0,0.003176299684652495,0.0,0.003176299684652495,0.5239094235039269,0.65,1.0
2020-08-17,311.18603515625,5,2010-03-16,2020-03-13,2020-03-16,2021-03-15,1,0.516373911399383,1.0,0.0021605492782936775,0.0021605492782936775,5.0,0.0,0.0021605492782936775,1.0,0.0021605492782936775,0.0,0.0021605492782936775,0.516373911399383,0.65,1.0
2020-08-18,311.8583679199219,5,2010-03-16,2020-03-13,2020-03-16,2021-03-15,0,0.5125409567192278,1.0,-0.004163431263898731,-0.004163431263898731,5.0,0.0,-0.004163431263898731,1.0,-0.004163431263898731,0.0,-0.004163431263898731,0.5125409567192278,0.65,1.0
2020-08-19,310.5599670410156,5,2010-03-16,2020-03-13,2020-03-16,2021-03-15,1,0.5505055643790183,1.0,0.0031130763060400746,0.0031130763060400746,5.0,0.0,0.0031130763060400746,1.0,0.0031130763060400746,0.0,0.0031130763060400746,0.5505055643790183,0.65,1.0
2020-08-20,311.5267639160156,5,2010-03-16,2020-03-13,2020-03-16,2021-03-15,1,0.5227598087707862,1.0,0.003547865721261312,0.003547865721261312,5.0,0.0,0.003547865721261312,1.0,0.003547865721261312,0.0,0.003547865721261312,0.5227598087707862,0.65,1.0
2020-08-21,312.63201904296875,5,2010-03-16,2020-03-13,2020-03-16,2021-03-15,1,0.5309101146862555,1.0,0.010133023880731562,0.010133023880731562,5.0,0.0,0.010133023880731562,1.0,0.010133023880731562,0.0,0.010133023880731562,0.5309101146862555,0.65,1.0
2020-08-24,315.7999267578125,5,2010-03-16,2020-03-13,2020-03-16,2021-03-15,1,0.5260520056213976,1.0,0.0034991822678720474,0.0034991822678720474,5.0,0.0,0.0034991822678720474,1.0,0.0034991822678720474,0.0,0.0034991822678720474,0.5260520056213976,0.65,1.0
2020-08-25,316.90496826171875,5,2010-03-16,2020-03-13,2020-03-16,2021-03-15,1,0.5281381127529592,1.0,0.010025767641320016,0.010025767641320016,5.0,0.0,0.010025767641320016,1.0,0.010025767641320016,0.0,0.010025767641320016,0.5281381127529592,0.65,1.0
2020-08-26,320.0821838378906,5,2010-03-16,2020-03-13,2020-03-16,2021-03-15,1,0.5212284291363131,1.0,0.002186499763120464,0.002186499763120464,5.0,0.0,0.002186499763120464,1.0,0.002186499763120464,0.0,0.002186499763120464,0.5212284291363131,0.65,1.0
2020-08-27,320.78204345703125,5,2010-03-16,2020-03-13,2020-03-16,2021-03-15,1,0.5117551585251779,1.0,0.006459281392577454,0.006459281392577454,5.0,0.0,0.006459281392577454,1.0,0.006459281392577454,0.0,0.006459281392577454,0.5117551585251779,0.65,1.0
2020-08-28,322.85406494140625,5,2010-03-16,2020-03-13,2020-03-16,2021-03-15,0,0.4956729909316687,1.0,-0.003622646603049229,-0.003622646603049229,5.0,0.0,-0.003622646603049229,1.0,-0.003622646603049229,0.0,-0.003622646603049229,0.4956729909316687,0.65,1.0
2020-08-31,321.6844787597656,5,2010-03-16,2020-03-13,2020-03-16,2021-03-15,1,0.5129855221439358,1.0,0.009418784271674863,0.009418784271674863,5.0,0.0,0.009418784271674863,1.0,0.009418784271674863,0.0,0.009418784271674863,0.5129855221439358,0.65,1.0
2020-09-01,324.71435546875,5,2010-03-16,2020-03-13,2020-03-16,2021-03-15,1,0.4871365131341166,1.0,0.014463677511033612,0.014463677511033612,5.0,0.0,0.014463677511033612,1.0,0.014463677511033612,0.0,0.014463677511033612,0.4871365131341166,0.65,1.0
2020-09-02,329.4109191894531,5,2010-03-16,2020-03-13,2020-03-16,2021-03-15,0,0.49600084410339096,1.0,-0.03441377481127028,-0.03441377481127028,5.0,0.0,-0.03441377481127028,1.0,-0.03441377481127028,0.0,-0.03441377481127028,0.49600084410339096,0.65,1.0
2020-09-03,318.07464599609375,5,2010-03-16,2020-03-13,2020-03-16,2021-03-15,0,0.5555819573598654,1.0,-0.00816489440805479,-0.00816489440805479,5.0,0.0,-0.00816489440805479,1.0,-0.00816489440805479,0.0,-0.00816489440805479,0.5555819573598654,0.65,1.0
2020-09-04,315.47760009765625,5,2010-03-16,2020-03-13,2020-03-16,2021-03-15,0,0.46808095050680193,1.0,-0.027322958877182946,-0.027322958877182946,5.0,0.0,-0.027322958877182946,1.0,-0.027322958877182946,0.0,-0.027322958877182946,0.46808095050680193,0.65,1.0
2020-09-08,306.8578186035156,5,2010-03-16,2020-03-13,2020-03-16,2021-03-15,1,0.5076375248273969,1.0,0.019747259032391273,0.019747259032391273,5.0,0.0,0.019747259032391273,1.0,0.019747259032391273,0.0,0.019747259032391273,0.5076375248273969,0.35,1.0
2020-09-09,312.91741943359375,5,2010-03-16,2020-03-13,2020-03-16,2021-03-15,0,0.4782832180332802,1.0,-0.017363428030410133,-0.017363428030410133,5.0,0.0,-0.017363428030410133,1.0,-0.017363428030410133,0.0,-0.017363428030410133,0.4782832180332802,0.65,1.0
2020-09-10,307.4841003417969,5,2010-03-16,2020-03-13,2020-03-16,2021-03-15,1,0.619574012397129,1.0,0.0005086526025792626,0.0005086526025792626,5.0,0.0,0.0005086526025792626,1.0,0.0005086526025792626,0.0,0.0005086526025792626,0.619574012397129,0.35,1.0
2020-09-11,307.6405029296875,5,2010-03-16,2020-03-13,2020-03-16,2021-03-15,1,0.5261464743134447,1.0,0.013171521523567042,0.013171521523567042,5.0,0.0,0.013171521523567042,1.0,0.013171521523567042,0.0,0.013171521523567042,0.5261464743134447,0.35,1.0
2020-09-14,311.6925964355469,5,2010-03-16,2020-03-13,2020-03-16,2021-03-15,1,0.5323024348192119,1.0,0.005052017698461642,0.005052017698461642,5.0,0.0,0.005052017698461642,1.0,0.005052017698461642,0.0,0.005052017698461642,0.5323024348192119,0.65,1.0
2020-09-15,313.26727294921875,5,2010-03-16,2020-03-13,2020-03-16,2021-03-15,0,0.5149845977018442,1.0,-0.003968381538219323,-0.003968381538219323,5.0,0.0,-0.003968381538219323,1.0,-0.003968381538219323,0.0,-0.003968381538219323,0.5149845977018442,0.65,1.0
2020-09-16,312.02410888671875,5,2010-03-16,2020-03-13,2020-03-16,2021-03-15,0,0.5935617669733968,1.0,-0.008795229766893065,-0.008795229766893065,5.0,0.0,-0.008795229766893065,1.0,-0.008795229766893065,0.0,-0.008795229766893065,0.5935617669733968,0.65,1.0
2020-09-17,309.27978515625,5,2010-03-16,2020-03-13,2020-03-16,2021-03-15,0,0.5361516099038501,1.0,-0.011512677512807712,-0.011512677512807712,5.0,0.0,-0.011512677512807712,1.0,-0.011512677512807712,0.0,-0.011512677512807712,0.5361516099038501,0.35,1.0
2020-09-18,305.7191467285156,5,2010-03-16,2020-03-13,2020-03-16,2021-03-15,0,0.47540097816221255,1.0,-0.01112968359835309,-0.01112968359835309,5.0,0.0,-0.01112968359835309,0.0,-0.0,0.0005,-0.0005,0.47540097816221255,0.35,1.0
2020-09-21,302.31658935546875,5,2010-03-16,2020-03-13,2020-03-16,2021-03-15,1,0.49346000948193164,1.0,0.010184417810466195,0.010184417810466195,5.0,0.0,0.010184417810466195,0.0,0.0,0.0,0.0,0.49346000948193164,0.35,1.0
2020-09-22,305.3955078125,5,2010-03-16,2020-03-13,2020-03-16,2021-03-15,0,0.46505208947279214,1.0,-0.02319080262211204,-0.02319080262211204,5.0,0.0,-0.02319080262211204,0.0,-0.0,0.0,-0.0,0.46505208947279214,0.35,1.0
2020-09-23,298.3131408691406,5,2010-03-16,2020-03-13,2020-03-16,2021-03-15,1,0.5609719970231695,1.0,0.00266564366184574,0.00266564366184574,5.0,0.0,0.00266564366184574,0.0,0.0,0.0,0.0,0.5609719970231695,0.35,1.0
2020-09-24,299.10833740234375,5,2010-03-16,2020-03-13,2020-03-16,2021-03-15,1,0.47164570340387574,1.0,0.016166621536055636,0.016166621536055636,5.0,0.0,0.016166621536055636,0.0,0.0,0.0,0.0,0.47164570340387574,0.35,1.0
2020-09-25,303.94390869140625,5,2010-03-16,2020-03-13,2020-03-16,2021-03-15,1,0.4682470789252325,1.0,0.016609546093762084,0.016609546093762084,5.0,0.0,0.016609546093762084,0.0,0.0,0.0,0.0,0.4682470789252325,0.35,1.0
2020-09-28,308.9922790527344,5,2010-03-16,2020-03-13,2020-03-16,2021-03-15,0,0.48268420318964544,1.0,-0.005445894191826395,-0.005445894191826395,5.0,0.0,-0.005445894191826395,1.0,-0.005445894191826395,0.0005,-0.005945894191826395,0.48268420318964544,0.35,1.0
2020-09-29,307.3095397949219,5,2010-03-16,2020-03-13,2020-03-16,2021-03-15,1,0.5766592715190202,1.0,0.00758178889025829,0.00758178889025829,5.0,0.0,0.00758178889025829,0.0,0.0,0.0005,-0.0005,0.5766592715190202,0.35,1.0
2020-09-30,309.6394958496094,5,2010-03-16,2020-03-13,2020-03-16,2021-03-15,1,0.5043488035686186,1.0,0.006420095193631292,0.006420095193631292,5.0,0.0,0.006420095193631292,1.0,0.006420095193631292,0.0005,0.005920095193631292,0.5043488035686186,0.35,1.0
2020-10-01,311.6274108886719,5,2010-03-16,2020-03-13,2020-03-16,2021-03-15,0,0.49850889509334295,1.0,-0.009494577975395546,-0.009494577975395546,5.0,0.0,-0.009494577975395546,1.0,-0.009494577975395546,0.0,-0.009494577975395546,0.49850889509334295,0.35,1.0
2020-10-02,308.66864013671875,5,2010-03-16,2020-03-13,2020-03-16,2021-03-15,1,0.5688886506063512,1.0,0.01773303828362849,0.01773303828362849,5.0,0.0,0.01773303828362849,0.0,0.0,0.0005,-0.0005,0.5688886506063512,0.35,1.0
2020-10-05,314.14227294921875,5,2010-03-16,2020-03-13,2020-03-16,2021-03-15,0,0.5456751781590431,1.0,-0.014216013617498802,-0.014216013617498802,5.0,0.0,-0.014216013617498802,1.0,-0.014216013617498802,0.0005,-0.014716013617498802,0.5456751781590431,0.35,1.0
2020-10-06,309.6764221191406,5,2010-03-16,2020-03-13,2020-03-16,2021-03-15,1,0.6197885864861165,1.0,0.01740678988481581,0.01740678988481581,5.0,0.0,0.01740678988481581,0.0,0.0,0.0005,-0.0005,0.6197885864861165,0.65,1.0
2020-10-07,315.06689453125,5,2010-03-16,2020-03-13,2020-03-16,2021-03-15,1,0.513524015094609,1.0,0.008862360268854008,0.008862360268854008,5.0,0.0,0.008862360268854008,1.0,0.008862360268854008,0.0005,0.008362360268854008,0.513524015094609,0.65,1.0
2020-10-08,317.859130859375,5,2010-03-16,2020-03-13,2020-03-16,2021-03-15,1,0.5599705954449787,1.0,0.008930347609088285,0.008930347609088285,5.0,0.0,0.008930347609088285,1.0,0.008930347609088285,0.0,0.008930347609088285,0.5599705954449787,0.65,1.0
2020-10-09,320.6977233886719,5,2010-03-16,2020-03-13,2020-03-16,2021-03-15,1,0.5423272441601396,1.0,0.016087645355628455,0.016087645355628455,5.0,0.0,0.016087645355628455,1.0,0.016087645355628455,0.0,0.016087645355628455,0.5423272441601396,0.65,1.0
2020-10-12,325.85699462890625,5,2010-03-16,2020-03-13,2020-03-16,2021-03-15,0,0.5794124923602102,1.0,-0.006525948234832213,-0.006525948234832213,5.0,0.0,-0.006525948234832213,1.0,-0.006525948234832213,0.0,-0.006525948234832213,0.5794124923602102,0.65,1.0
2020-10-13,323.73046875,5,2010-03-16,2020-03-13,2020-03-16,2021-03-15,0,0.5351885420258198,1.0,-0.006283653846153814,-0.006283653846153814,5.0,0.0,-0.006283653846153814,1.0,-0.006283653846153814,0.0,-0.006283653846153814,0.5351885420258198,0.65,1.0
2020-10-14,321.6962585449219,5,2010-03-16,2020-03-13,2020-03-16,2021-03-15,0,0.5562509313942139,1.0,-0.0012358956539029187,-0.0012358956539029187,5.0,0.0,-0.0012358956539029187,1.0,-0.0012358956539029187,0.0,-0.0012358956539029187,0.5562509313942139,0.65,1.0
2020-10-15,321.2986755371094,5,2010-03-16,2020-03-13,2020-03-16,2021-03-15,0,0.5612781170445451,1.0,-0.0006042752330264189,-0.0006042752330264189,5.0,0.0,-0.0006042752330264189,1.0,-0.0006042752330264189,0.0,-0.0006042752330264189,0.5612781170445451,0.65,1.0
2020-10-16,321.1045227050781,5,2010-03-16,2020-03-13,2020-03-16,2021-03-15,0,0.5514286264149654,1.0,-0.015203166180270955,-0.015203166180270955,5.0,0.0,-0.015203166180270955,1.0,-0.015203166180270955,0.0,-0.015203166180270955,0.5514286264149654,0.65,1.0
2020-10-19,316.22271728515625,5,2010-03-16,2020-03-13,2020-03-16,2021-03-15,1,0.5886205950442072,1.0,0.004005506280359672,0.004005506280359672,5.0,0.0,0.004005506280359672,1.0,0.004005506280359672,0.0,0.004005506280359672,0.5886205950442072,0.65,1.0
2020-10-20,317.4893493652344,5,2010-03-16,2020-03-13,2020-03-16,2021-03-15,0,0.5220982480876997,1.0,-0.00189301841083922,-0.00189301841083922,5.0,0.0,-0.00189301841083922,1.0,-0.00189301841083922,0.0,-0.00189301841083922,0.5220982480876997,0.65,1.0
2020-10-21,316.8883361816406,5,2010-03-16,2020-03-13,2020-03-16,2021-03-15,1,0.5371800835339144,1.0,0.005485565636539347,0.005485565636539347,5.0,0.0,0.005485565636539347,1.0,0.005485565636539347,0.0,0.005485565636539347,0.5371800835339144,0.65,1.0
2020-10-22,318.62664794921875,5,2010-03-16,2020-03-13,2020-03-16,2021-03-15,1,0.5136682905978392,1.0,0.0033949642353552356,0.0033949642353552356,5.0,0.0,0.0033949642353552356,1.0,0.0033949642353552356,0.0,0.0033949642353552356,0.5136682905978392,0.65,1.0
2020-10-23,319.7083740234375,5,2010-03-16,2020-03-13,2020-03-16,2021-03-15,0,0.5434474755167759,1.0,-0.018479689780764086,-0.018479689780764086,5.0,0.0,-0.018479689780764086,1.0,-0.018479689780764086,0.0,-0.018479689780764086,0.5434474755167759,0.65,1.0
2020-10-26,313.8002624511719,5,2010-03-16,2020-03-13,2020-03-16,2021-03-15,0,0.540113060473992,1.0,-0.003447763782083668,-0.003447763782083668,5.0,0.0,-0.003447763782083668,0.0,-0.0,0.0005,-0.0005,0.540113060473992,0.65,1.0
2020-10-27,312.7183532714844,5,2010-03-16,2020-03-13,2020-03-16,2021-03-15,0,0.4924477463063391,1.0,-0.034178950157385146,-0.034178950157385146,5.0,0.0,-0.034178950157385146,0.0,-0.0,0.0,-0.0,0.4924477463063391,0.65,1.0
2020-10-28,302.02996826171875,5,2010-03-16,2020-03-13,2020-03-16,2021-03-15,1,0.5435067761123055,1.0,0.01016377017572534,0.01016377017572534,5.0,0.0,0.01016377017572534,0.0,0.0,0.0,0.0,0.5435067761123055,0.35,1.0
2020-10-29,305.0997314453125,5,2010-03-16,2020-03-13,2020-03-16,2021-03-15,0,0.4781765418033355,1.0,-0.01042509793440527,-0.01042509793440527,5.0,0.0,-0.01042509793440527,0.0,-0.0,0.0,-0.0,0.4781765418033355,0.35,1.0
2020-10-30,301.9190368652344,5,2010-03-16,2020-03-13,2020-03-16,2021-03-15,1,0.5661142637454025,1.0,0.011208716055125523,0.011208716055125523,5.0,0.0,0.011208716055125523,0.0,0.0,0.0,0.0,0.5661142637454025,0.35,1.0
2020-11-02,305.30316162109375,5,2010-03-16,2020-03-13,2020-03-16,2021-03-15,1,0.5057333061587624,1.0,0.017655430623257917,0.017655430623257917,5.0,0.0,0.017655430623257917,0.0,0.0,0.0,0.0,0.5057333061587624,0.35,1.0
2020-11-03,310.69342041015625,5,2010-03-16,2020-03-13,2020-03-16,2021-03-15,1,0.5235398820856668,1.0,0.022349810948096183,0.022349810948096183,5.0,0.0,0.022349810948096183,0.0,0.0,0.0,0.0,0.5235398820856668,0.65,1.0
2020-11-04,317.6373596191406,5,2010-03-16,2020-03-13,2020-03-16,2021-03-15,1,0.45937781308189035,1.0,0.01950243559468312,0.01950243559468312,5.0,0.0,0.01950243559468312,1.0,0.01950243559468312,0.0005,0.01900243559468312,0.45937781308189035,0.65,1.0
2020-11-05,323.8320617675781,5,2010-03-16,2020-03-13,2020-03-16,2021-03-15,0,0.5167892599703297,1.0,-0.000228340860979781,-0.000228340860979781,5.0,0.0,-0.000228340860979781,1.0,-0.000228340860979781,0.0,-0.000228340860979781,0.5167892599703297,0.65,1.0
2020-11-06,323.75811767578125,5,2010-03-16,2020-03-13,2020-03-16,2021-03-15,1,0.5291611310089205,1.0,0.012565763142778241,0.012565763142778241,5.0,0.0,0.012565763142778241,1.0,0.012565763142778241,0.0,0.012565763142778241,0.5291611310089205,0.65,1.0
2020-11-09,327.8263854980469,5,2010-03-16,2020-03-13,2020-03-16,2021-03-15,0,0.4962879573895199,1.0,-0.00146664351811987,-0.00146664351811987,5.0,0.0,-0.00146664351811987,1.0,-0.00146664351811987,0.0,-0.00146664351811987,0.4962879573895199,0.65,1.0
2020-11-10,327.3455810546875,5,2010-03-16,2020-03-13,2020-03-16,2021-03-15,1,0.5346457246069676,1.0,0.0074286390850288875,0.0074286390850288875,5.0,0.0,0.0074286390850288875,1.0,0.0074286390850288875,0.0,0.0074286390850288875,0.5346457246069676,0.65,1.0
2020-11-11,329.7773132324219,5,2010-03-16,2020-03-13,2020-03-16,2021-03-15,0,0.4916404339033127,1.0,-0.0097008710693538,-0.0097008710693538,5.0,0.0,-0.0097008710693538,1.0,-0.0097008710693538,0.0,-0.0097008710693538,0.4916404339033127,0.65,1.0
2020-11-12,326.57818603515625,5,2010-03-16,2020-03-13,2020-03-16,2021-03-15,1,0.5808053670518503,1.0,0.013844561518333132,0.013844561518333132,5.0,0.0,0.013844561518333132,1.0,0.013844561518333132,0.0,0.013844561518333132,0.5808053670518503,0.65,1.0
2020-11-13,331.0995178222656,5,2010-03-16,2020-03-13,2020-03-16,2021-03-15,1,0.4910799586151957,1.0,0.012482454210431815,0.012482454210431815,5.0,0.0,0.012482454210431815,1.0,0.012482454210431815,0.0,0.012482454210431815,0.4910799586151957,0.65,1.0
2020-11-16,335.2324523925781,5,2010-03-16,2020-03-13,2020-03-16,2021-03-15,0,0.542248657752672,1.0,-0.005378384521948609,-0.005378384521948609,5.0,0.0,-0.005378384521948609,1.0,-0.005378384521948609,0.0,-0.005378384521948609,0.542248657752672,0.65,1.0
2020-11-17,333.429443359375,5,2010-03-16,2020-03-13,2020-03-16,2021-03-15,0,0.5441981993168793,1.0,-0.012034707522074362,-0.012034707522074362,5.0,0.0,-0.012034707522074362,1.0,-0.012034707522074362,0.0,-0.012034707522074362,0.5441981993168793,0.65,1.0
2020-11-18,329.4167175292969,5,2010-03-16,2020-03-13,2020-03-16,2021-03-15,1,0.5646128975157774,1.0,0.004210081832799695,0.004210081832799695,5.0,0.0,0.004210081832799695,1.0,0.004210081832799695,0.0,0.004210081832799695,0.5646128975157774,0.65,1.0
2020-11-19,330.8035888671875,5,2010-03-16,2020-03-13,2020-03-16,2021-03-15,0,0.4992164142724075,1.0,-0.006848022264674958,-0.006848022264674958,5.0,0.0,-0.006848022264674958,1.0,-0.006848022264674958,0.0,-0.006848022264674958,0.4992164142724075,0.65,1.0
2020-11-20,328.5382385253906,5,2010-03-16,2020-03-13,2020-03-16,2021-03-15,1,0.5536343147897582,1.0,0.005994682478102975,0.005994682478102975,5.0,0.0,0.005994682478102975,1.0,0.005994682478102975,0.0,0.005994682478102975,0.5536343147897582,0.65,1.0
2020-11-23,330.5077209472656,5,2010-03-16,2020-03-13,2020-03-16,2021-03-15,1,0.5619640300369344,1.0,0.016113735848784838,0.016113735848784838,5.0,0.0,0.016113735848784838,1.0,0.016113735848784838,0.0,0.016113735848784838,0.5619640300369344,0.65,1.0
2020-11-24,335.83343505859375,5,2010-03-16,2020-03-13,2020-03-16,2021-03-15,0,0.555479555505983,1.0,-0.0015417203185216222,-0.0015417203185216222,5.0,0.0,-0.0015417203185216222,1.0,-0.0015417203185216222,0.0,-0.0015417203185216222,0.555479555505983,0.65,1.0
2020-11-25,335.315673828125,5,2010-03-16,2020-03-13,2020-03-16,2021-03-15,1,0.5783207881576435,1.0,0.0027848604939522126,0.0027848604939522126,5.0,0.0,0.0027848604939522126,1.0,0.0027848604939522126,0.0,0.0027848604939522126,0.5783207881576435,0.65,1.0
2020-11-27,336.2494812011719,5,2010-03-16,2020-03-13,2020-03-16,2021-03-15,0,0.5434700782899664,1.0,-0.0044270296580491975,-0.0044270296580491975,5.0,0.0,-0.0044270296580491975,1.0,-0.0044270296580491975,0.0,-0.0044270296580491975,0.5434700782899664,0.65,1.0
2020-11-30,334.7608947753906,5,2010-03-16,2020-03-13,2020-03-16,2021-03-15,1,0.5649467631830978,1.0,0.010937381061667306,0.010937381061667306,5.0,0.0,0.010937381061667306,1.0,0.010937381061667306,0.0,0.010937381061667306,0.5649467631830978,0.65,1.0
2020-12-01,338.42230224609375,5,2010-03-16,2020-03-13,2020-03-16,2021-03-15,1,0.4811272926043408,1.0,0.002103716496675734,0.002103716496675734,5.0,0.0,0.002103716496675734,1.0,0.002103716496675734,0.0,0.002103716496675734,0.4811272926043408,0.65,1.0
2020-12-02,339.1342468261719,5,2010-03-16,2020-03-13,2020-03-16,2021-03-15,0,0.532205614915415,1.0,-0.0002725697714274222,-0.0002725697714274222,5.0,0.0,-0.0002725697714274222,1.0,-0.0002725697714274222,0.0,-0.0002725697714274222,0.532205614915415,0.65,1.0
2020-12-03,339.04180908203125,5,2010-03-16,2020-03-13,2020-03-16,2021-03-15,1,0.506617229574084,1.0,0.008617227325760313,0.008617227325760313,5.0,0.0,0.008617227325760313,1.0,0.008617227325760313,0.0,0.008617227325760313,0.506617229574084,0.65,1.0
2020-12-04,341.9634094238281,5,2010-03-16,2020-03-13,2020-03-16,2021-03-15,0,0.504800735057052,1.0,-0.002054623921184162,-0.002054623921184162,5.0,0.0,-0.002054623921184162,1.0,-0.002054623921184162,0.0,-0.002054623921184162,0.504800735057052,0.65,1.0
2020-12-07,341.26080322265625,5,2010-03-16,2020-03-13,2020-03-16,2021-03-15,1,0.5039071499796749,1.0,0.0029263754205925974,0.0029263754205925974,5.0,0.0,0.0029263754205925974,1.0,0.0029263754205925974,0.0,0.0029263754205925974,0.5039071499796749,0.65,1.0
2020-12-08,342.25946044921875,5,2010-03-16,2020-03-13,2020-03-16,2021-03-15,0,0.5122408211601969,1.0,-0.008969022103834878,-0.008969022103834878,5.0,0.0,-0.008969022103834878,1.0,-0.008969022103834878,0.0,-0.008969022103834878,0.5122408211601969,0.65,1.0
2020-12-09,339.1897277832031,5,2010-03-16,2020-03-13,2020-03-16,2021-03-15,0,0.5227163548175482,1.0,-0.00032713819132346167,-0.00032713819132346167,5.0,0.0,-0.00032713819132346167,1.0,-0.00032713819132346167,0.0,-0.00032713819132346167,0.5227163548175482,0.65,1.0
2020-12-10,339.0787658691406,5,2010-03-16,2020-03-13,2020-03-16,2021-03-15,0,0.48020080343383076,1.0,-0.001172538795796929,-0.001172538795796929,5.0,0.0,-0.001172538795796929,1.0,-0.001172538795796929,0.0,-0.001172538795796929,0.48020080343383076,0.65,1.0
2020-12-11,338.6811828613281,5,2010-03-16,2020-03-13,2020-03-16,2021-03-15,0,0.4979340300739363,1.0,-0.004477241425296041,-0.004477241425296041,5.0,0.0,-0.004477241425296041,1.0,-0.004477241425296041,0.0,-0.004477241425296041,0.4979340300739363,0.65,1.0
2020-12-14,337.1648254394531,5,2010-03-16,2020-03-13,2020-03-16,2021-03-15,1,0.5072688335802784,1.0,0.013519376022393503,0.013519376022393503,5.0,0.0,0.013519376022393503,1.0,0.013519376022393503,0.0,0.013519376022393503,0.5072688335802784,0.65,1.0
2020-12-15,341.72308349609375,5,2010-03-16,2020-03-13,2020-03-16,2021-03-15,1,0.5164308575694062,1.0,0.001569624585022078,0.001569624585022078,5.0,0.0,0.001569624585022078,1.0,0.001569624585022078,0.0,0.001569624585022078,0.5164308575694062,0.65,1.0
2020-12-16,342.25946044921875,5,2010-03-16,2020-03-13,2020-03-16,2021-03-15,1,0.5287118830768792,1.0,0.005591807088228373,0.005591807088228373,5.0,0.0,0.005591807088228373,1.0,0.005591807088228373,0.0,0.005591807088228373,0.5287118830768792,0.65,1.0
2020-12-17,344.1733093261719,5,2010-03-16,2020-03-13,2020-03-16,2021-03-15,0,0.521516450006037,1.0,-0.003992863546674719,-0.003992863546674719,5.0,0.0,-0.003992863546674719,1.0,-0.003992863546674719,0.0,-0.003992863546674719,0.521516450006037,0.65,1.0
2020-12-18,342.799072265625,5,2010-03-16,2020-03-13,2020-03-16,2021-03-15,0,0.5114640092293181,1.0,-0.0035756763205031517,-0.0035756763205031517,5.0,0.0,-0.0035756763205031517,1.0,-0.0035756763205031517,0.0,-0.0035756763205031517,0.5114640092293181,0.65,1.0
2020-12-21,341.5733337402344,5,2010-03-16,2020-03-13,2020-03-16,2021-03-15,0,0.4808389082099495,1.0,-0.0016850306115383518,-0.0016850306115383518,5.0,0.0,-0.0016850306115383518,1.0,-0.0016850306115383518,0.0,-0.0016850306115383518,0.4808389082099495,0.65,1.0
2020-12-22,340.9977722167969,5,2010-03-16,2020-03-13,2020-03-16,2021-03-15,1,0.5354105783843969,1.0,0.0008984397898121887,0.0008984397898121887,5.0,0.0,0.0008984397898121887,1.0,0.0008984397898121887,0.0,0.0008984397898121887,0.5354105783843969,0.65,1.0
2020-12-23,341.30413818359375,5,2010-03-16,2020-03-13,2020-03-16,2021-03-15,1,0.5506584385265039,1.0,0.0038900722416441713,0.0038900722416441713,5.0,0.0,0.0038900722416441713,1.0,0.0038900722416441713,0.0,0.0038900722416441713,0.5506584385265039,0.65,1.0
2020-12-24,342.6318359375,5,2010-03-16,2020-03-13,2020-03-16,2021-03-15,1,0.5717601430872817,1.0,0.008590977754342921,0.008590977754342921,5.0,0.0,0.008590977754342921,1.0,0.008590977754342921,0.0,0.008590977754342921,0.5717601430872817,0.65,1.0
2020-12-28,345.57537841796875,5,2010-03-16,2020-03-13,2020-03-16,2021-03-15,0,0.5716751185114365,1.0,-0.0019078377656149836,-0.0019078377656149836,5.0,0.0,-0.0019078377656149836,1.0,-0.0019078377656149836,0.0,-0.0019078377656149836,0.5716751185114365,0.65,1.0
2020-12-29,344.91607666015625,5,2010-03-16,2020-03-13,2020-03-16,2021-03-15,1,0.5632502147421018,1.0,0.0014268890774458143,0.0014268890774458143,5.0,0.0,0.0014268890774458143,1.0,0.0014268890774458143,0.0,0.0014268890774458143,0.5632502147421018,0.65,1.0
2020-12-30,345.4082336425781,5,2010-03-16,2020-03-13,2020-03-16,2021-03-15,1,0.5272110313001629,1.0,0.005080870096022094,0.005080870096022094,5.0,0.0,0.005080870096022094,1.0,0.005080870096022094,0.0,0.005080870096022094,0.5272110313001629,0.65,1.0
2020-12-31,347.1632080078125,5,2010-03-16,2020-03-13,2020-03-16,2021-03-15,0,0.5217453332152713,1.0,-0.013614198647590503,-0.013614198647590503,5.0,0.0,-0.013614198647590503,1.0,-0.013614198647590503,0.0,-0.013614198647590503,0.5217453332152713,0.65,1.0
2021-01-04,342.4368591308594,5,2010-03-16,2020-03-13,2020-03-16,2021-03-15,1,0.5452602783131522,1.0,0.006887460987110572,0.006887460987110572,5.0,0.0,0.006887460987110572,1.0,0.006887460987110572,0.0,0.006887460987110572,0.5452602783131522,0.65,1.0
2021-01-05,344.7953796386719,5,2010-03-16,2020-03-13,2020-03-16,2021-03-15,1,0.5227975537368325,1.0,0.005978710871723081,0.005978710871723081,5.0,0.0,0.005978710871723081,1.0,0.005978710871723081,0.0,0.005978710871723081,0.5227975537368325,0.65,1.0
2021-01-06,346.8568115234375,5,2010-03-16,2020-03-13,2020-03-16,2021-03-15,1,0.5420203086880323,1.0,0.014857197959774693,0.014857197959774693,5.0,0.0,0.014857197959774693,1.0,0.014857197959774693,0.0,0.014857197959774693,0.5420203086880323,0.65,1.0
2021-01-07,352.0101318359375,5,2010-03-16,2020-03-13,2020-03-16,2021-03-15,1,0.5322364562993043,1.0,0.005697866639941429,0.005697866639941429,5.0,0.0,0.005697866639941429,1.0,0.005697866639941429,0.0,0.005697866639941429,0.5322364562993043,0.65,1.0
2021-01-08,354.0158386230469,5,2010-03-16,2020-03-13,2020-03-16,2021-03-15,0,0.5757474595425351,1.0,-0.006740979679047077,-0.006740979679047077,5.0,0.0,-0.006740979679047077,1.0,-0.006740979679047077,0.0,-0.006740979679047077,0.5757474595425351,0.65,1.0
2021-01-11,351.6294250488281,5,2010-03-16,2020-03-13,2020-03-16,2021-03-15,1,0.5508654119633675,1.0,0.00021141808681734986,0.00021141808681734986,5.0,0.0,0.00021141808681734986,1.0,0.00021141808681734986,0.0,0.00021141808681734986,0.5508654119633675,0.65,1.0
2021-01-12,351.7037658691406,5,2010-03-16,2020-03-13,2020-03-16,2021-03-15,1,0.5409974974681562,1.0,0.0026930151070372332,0.0026930151070372332,5.0,0.0,0.0026930151070372332,1.0,0.0026930151070372332,0.0,0.0026930151070372332,0.5409974974681562,0.65,1.0
2021-01-13,352.6509094238281,5,2010-03-16,2020-03-13,2020-03-16,2021-03-15,0,0.5301095765248451,1.0,-0.0035020918311494675,-0.0035020918311494675,5.0,0.0,-0.0035020918311494675,1.0,-0.0035020918311494675,0.0,-0.0035020918311494675,0.5301095765248451,0.65,1.0
2021-01-14,351.4158935546875,5,2010-03-16,2020-03-13,2020-03-16,2021-03-15,0,0.5817476743883049,1.0,-0.007292624459019237,-0.007292624459019237,5.0,0.0,-0.007292624459019237,1.0,-0.007292624459019237,0.0,-0.007292624459019237,0.5817476743883049,0.65,1.0
2021-01-15,348.8531494140625,5,2010-03-16,2020-03-13,2020-03-16,2021-03-15,1,0.5934617296422963,1.0,0.00785174285859247,0.00785174285859247,5.0,0.0,0.00785174285859247,1.0,0.00785174285859247,0.0,0.00785174285859247,0.5934617296422963,0.65,1.0
2021-01-19,351.5922546386719,5,2010-03-16,2020-03-13,2020-03-16,2021-03-15,1,0.5174412368686025,1.0,0.013839019701023636,0.013839019701023636,5.0,0.0,0.013839019701023636,1.0,0.013839019701023636,0.0,0.013839019701023636,0.5174412368686025,0.65,1.0
2021-01-20,356.45794677734375,5,2010-03-16,2020-03-13,2020-03-16,2021-03-15,1,0.5364841254787782,1.0,0.0009115259099548023,0.0009115259099548023,5.0,0.0,0.0009115259099548023,1.0,0.0009115259099548023,0.0,0.0009115259099548023,0.5364841254787782,0.65,1.0
2021-01-21,356.7828674316406,5,2010-03-16,2020-03-13,2020-03-16,2021-03-15,0,0.5648829486428986,1.0,-0.003539456341900893,-0.003539456341900893,5.0,0.0,-0.003539456341900893,1.0,-0.003539456341900893,0.0,-0.003539456341900893,0.5648829486428986,0.65,1.0
2021-01-22,355.5200500488281,5,2010-03-16,2020-03-13,2020-03-16,2021-03-15,1,0.5629173189050308,1.0,0.003943884815386767,0.003943884815386767,5.0,0.0,0.003943884815386767,1.0,0.003943884815386767,0.0,0.003943884815386767,0.5629173189050308,0.65,1.0
2021-01-25,356.92218017578125,5,2010-03-16,2020-03-13,2020-03-16,2021-03-15,0,0.5004408853506019,1.0,-0.001560754422208821,-0.001560754422208821,5.0,0.0,-0.001560754422208821,1.0,-0.001560754422208821,0.0,-0.001560754422208821,0.5004408853506019,0.65,1.0
2021-01-26,356.3651123046875,5,2010-03-16,2020-03-13,2020-03-16,2021-03-15,0,0.510795718494658,1.0,-0.02444077314656068,-0.02444077314656068,5.0,0.0,-0.02444077314656068,1.0,-0.02444077314656068,0.0,-0.02444077314656068,0.510795718494658,0.65,1.0
2021-01-27,347.6552734375,5,2010-03-16,2020-03-13,2020-03-16,2021-03-15,1,0.6036408443974813,1.0,0.008600182163432946,0.008600182163432946,5.0,0.0,0.008600182163432946,1.0,0.008600182163432946,0.0,0.008600182163432946,0.6036408443974813,0.65,1.0
2021-01-28,350.6451721191406,5,2010-03-16,2020-03-13,2020-03-16,2021-03-15,0,0.5076495754830866,1.0,-0.020019510979212174,-0.020019510979212174,5.0,0.0,-0.020019510979212174,1.0,-0.020019510979212174,0.0,-0.020019510979212174,0.5076495754830866,0.65,1.0
2021-01-29,343.62542724609375,5,2010-03-16,2020-03-13,2020-03-16,2021-03-15,1,0.5614158292795681,1.0,0.01664559191283632,0.01664559191283632,5.0,0.0,0.01664559191283632,0.0,0.0,0.0005,-0.0005,0.5614158292795681,0.35,1.0
2021-02-01,349.34527587890625,5,2010-03-16,2020-03-13,2020-03-16,2021-03-15,1,0.5089866210356319,1.0,0.014140133442284375,0.014140133442284375,5.0,0.0,0.014140133442284375,1.0,0.014140133442284375,0.0005,0.013640133442284375,0.5089866210356319,0.65,1.0
2021-02-02,354.2850646972656,5,2010-03-16,2020-03-13,2020-03-16,2021-03-15,1,0.5589763088940397,1.0,0.0007864443524294717,0.0007864443524294717,5.0,0.0,0.0007864443524294717,1.0,0.0007864443524294717,0.0,0.0007864443524294717,0.5589763088940397,0.65,1.0
2021-02-03,354.5636901855469,5,2010-03-16,2020-03-13,2020-03-16,2021-03-15,1,0.5483985112167838,1.0,0.011365734339225497,0.011365734339225497,5.0,0.0,0.011365734339225497,1.0,0.011365734339225497,0.0,0.011365734339225497,0.5483985112167838,0.65,1.0
2021-02-04,358.59356689453125,5,2010-03-16,2020-03-13,2020-03-16,2021-03-15,1,0.5507229817796166,1.0,0.003935782919279207,0.003935782919279207,5.0,0.0,0.003935782919279207,1.0,0.003935782919279207,0.0,0.003935782919279207,0.5507229817796166,0.65,1.0
2021-02-05,360.0049133300781,5,2010-03-16,2020-03-13,2020-03-16,2021-03-15,1,0.5171662730176829,1.0,0.007221971067865818,0.007221971067865818,5.0,0.0,0.007221971067865818,1.0,0.007221971067865818,0.0,0.007221971067865818,0.5171662730176829,0.65,1.0
2021-02-08,362.6048583984375,5,2010-03-16,2020-03-13,2020-03-16,2021-03-15,0,0.5523218808922543,1.0,-0.0006656378694336329,-0.0006656378694336329,5.0,0.0,-0.0006656378694336329,1.0,-0.0006656378694336329,0.0,-0.0006656378694336329,0.5523218808922543,0.65,1.0
2021-02-09,362.3634948730469,5,2010-03-16,2020-03-13,2020-03-16,2021-03-15,0,0.5963961183375517,1.0,-0.00043574463612583436,-0.00043574463612583436,5.0,0.0,-0.00043574463612583436,1.0,-0.00043574463612583436,0.0,-0.00043574463612583436,0.5963961183375517,0.65,1.0
2021-02-10,362.2055969238281,5,2010-03-16,2020-03-13,2020-03-16,2021-03-15,1,0.5389544710464146,1.0,0.0016149969588212798,0.0016149969588212798,5.0,0.0,0.0016149969588212798,1.0,0.0016149969588212798,0.0,0.0016149969588212798,0.5389544710464146,0.65,1.0
2021-02-11,362.7905578613281,5,2010-03-16,2020-03-13,2020-03-16,2021-03-15,1,0.5380738806296385,1.0,0.004939719905608486,0.004939719905608486,5.0,0.0,0.004939719905608486,1.0,0.004939719905608486,0.0,0.004939719905608486,0.5380738806296385,0.65,1.0
2021-02-12,364.5826416015625,5,2010-03-16,2020-03-13,2020-03-16,2021-03-15,0,0.49516565304738147,1.0,-0.0008656824460492318,-0.0008656824460492318,5.0,0.0,-0.0008656824460492318,1.0,-0.0008656824460492318,0.0,-0.0008656824460492318,0.49516565304738147,0.65,1.0
2021-02-16,364.26702880859375,5,2010-03-16,2020-03-13,2020-03-16,2021-03-15,1,0.5141273373246078,1.0,0.00022930049859670731,0.00022930049859670731,5.0,0.0,0.00022930049859670731,1.0,0.00022930049859670731,0.0,0.00022930049859670731,0.5141273373246078,0.65,1.0
2021-02-17,364.3505554199219,5,2010-03-16,2020-03-13,2020-03-16,2021-03-15,0,0.4801202622906888,1.0,-0.004256037692816017,-0.004256037692816017,5.0,0.0,-0.004256037692816017,1.0,-0.004256037692816017,0.0,-0.004256037692816017,0.4801202622906888,0.65,1.0
2021-02-18,362.79986572265625,5,2010-03-16,2020-03-13,2020-03-16,2021-03-15,0,0.49687568547010946,1.0,-0.0017661171650000806,-0.0017661171650000806,5.0,0.0,-0.0017661171650000806,1.0,-0.0017661171650000806,0.0,-0.0017661171650000806,0.49687568547010946,0.65,1.0
2021-02-19,362.15911865234375,5,2010-03-16,2020-03-13,2020-03-16,2021-03-15,0,0.45356782819543856,1.0,-0.007691769688461414,-0.007691769688461414,5.0,0.0,-0.007691769688461414,1.0,-0.007691769688461414,0.0,-0.007691769688461414,0.45356782819543856,0.65,1.0
2021-02-22,359.37347412109375,5,2010-03-16,2020-03-13,2020-03-16,2021-03-15,1,0.4882138799372566,1.0,0.0012146790704783417,0.0012146790704783417,5.0,0.0,0.0012146790704783417,1.0,0.0012146790704783417,0.0,0.0012146790704783417,0.4882138799372566,0.65,1.0
2021-02-23,359.80999755859375,5,2010-03-16,2020-03-13,2020-03-16,2021-03-15,1,0.4833815051253599,1.0,0.011019185846208313,0.011019185846208313,5.0,0.0,0.011019185846208313,1.0,0.011019185846208313,0.0,0.011019185846208313,0.4833815051253599,0.65,1.0
2021-02-24,363.7748107910156,5,2010-03-16,2020-03-13,2020-03-16,2021-03-15,0,0.47937494288825816,1.0,-0.024095623444391312,-0.024095623444391312,5.0,0.0,-0.024095623444391312,1.0,-0.024095623444391312,0.0,-0.024095623444391312,0.47937494288825816,0.65,1.0
2021-02-25,355.0094299316406,5,2010-03-16,2020-03-13,2020-03-16,2021-03-15,0,0.5682217972398271,1.0,-0.005152863646182948,-0.005152863646182948,5.0,0.0,-0.005152863646182948,1.0,-0.005152863646182948,0.0,-0.005152863646182948,0.5682217972398271,0.65,1.0
2021-02-26,353.18011474609375,5,2010-03-16,2020-03-13,2020-03-16,2021-03-15,1,0.4925487759146517,1.0,0.02424020172459951,0.02424020172459951,5.0,0.0,0.02424020172459951,1.0,0.02424020172459951,0.0,0.02424020172459951,0.4925487759146517,0.65,1.0
2021-03-01,361.74127197265625,5,2010-03-16,2020-03-13,2020-03-16,2021-03-15,0,0.46966531319874366,1.0,-0.007802986753828289,-0.007802986753828289,5.0,0.0,-0.007802986753828289,1.0,-0.007802986753828289,0.0,-0.007802986753828289,0.46966531319874366,0.65,1.0
2021-03-02,358.9186096191406,5,2010-03-16,2020-03-13,2020-03-16,2021-03-15,0,0.5699709405080945,1.0,-0.013246016829286833,-0.013246016829286833,5.0,0.0,-0.013246016829286833,1.0,-0.013246016829286833,0.0,-0.013246016829286833,0.5699709405080945,0.65,1.0
2021-03-03,354.16436767578125,5,2010-03-16,2020-03-13,2020-03-16,2021-03-15,0,0.5959122314792382,1.0,-0.01237473565861269,-0.01237473565861269,5.0,0.0,-0.01237473565861269,1.0,-0.01237473565861269,0.0,-0.01237473565861269,0.5959122314792382,0.35,1.0
2021-03-04,349.78167724609375,5,2010-03-16,2020-03-13,2020-03-16,2021-03-15,1,0.49691386182142905,1.0,0.018396572359676844,0.018396572359676844,5.0,0.0,0.018396572359676844,0.0,0.0,0.0005,-0.0005,0.49691386182142905,0.35,1.0
2021-03-05,356.2164611816406,5,2010-03-16,2020-03-13,2020-03-16,2021-03-15,0,0.4540438998752881,1.0,-0.004978710218144333,-0.004978710218144333,5.0,0.0,-0.004978710218144333,1.0,-0.004978710218144333,0.0005,-0.005478710218144334,0.4540438998752881,0.35,1.0
2021-03-08,354.4429626464844,5,2010-03-16,2020-03-13,2020-03-16,2021-03-15,1,0.58275143847274,1.0,0.01427763686538075,0.01427763686538075,5.0,0.0,0.01427763686538075,1.0,0.01427763686538075,0.0,0.01427763686538075,0.58275143847274,0.35,1.0
2021-03-09,359.5035705566406,5,2010-03-16,2020-03-13,2020-03-16,2021-03-15,1,0.5548679624693285,1.0,0.006224420560137611,0.006224420560137611,5.0,0.0,0.006224420560137611,1.0,0.006224420560137611,0.0,0.006224420560137611,0.5548679624693285,0.35,1.0
2021-03-10,361.74127197265625,5,2010-03-16,2020-03-13,2020-03-16,2021-03-15,1,0.5627356496099515,1.0,0.010139419977394093,0.010139419977394093,5.0,0.0,0.010139419977394093,1.0,0.010139419977394093,0.0,0.010139419977394093,0.5627356496099515,0.35,1.0
2021-03-11,365.40911865234375,5,2010-03-16,2020-03-13,2020-03-16,2021-03-15,1,0.49107602831391645,1.0,0.0013466150803851384,0.0013466150803851384,5.0,0.0,0.0013466150803851384,1.0,0.0013466150803851384,0.0,0.0013466150803851384,0.49107602831391645,0.65,1.0
2021-03-12,365.90118408203125,5,2010-03-16,2020-03-13,2020-03-16,2021-03-15,1,0.5451491720206175,1.0,0.005963544164439005,0.005963544164439005,5.0,0.0,0.005963544164439005,1.0,0.005963544164439005,0.0,0.005963544164439005,0.5451491720206175,0.65,1.0
2021-03-15,368.083251953125,5,2010-03-16,2020-03-13,2020-03-16,2021-03-15,0,0.5375261192386626,1.0,-0.0012612184769998924,-0.0012612184769998924,5.0,0.0,-0.0012612184769998924,1.0,-0.0012612184769998924,0.0,-0.0012612184769998924,0.5375261192386626,0.65,1.0
2021-03-16,367.6190185546875,6,2010-03-16,2021-03-15,2021-03-16,2022-03-15,1,0.5920956506692691,1.0,0.0034097229485958724,0.0034097229485958724,5.0,0.0,0.0034097229485958724,1.0,0.0034097229485958724,0.0,0.0034097229485958724,0.5920956506692691,0.65,1.0
2021-03-17,368.87249755859375,6,2010-03-16,2021-03-15,2021-03-16,2022-03-15,0,0.5470870318577854,1.0,-0.014549754807021698,-0.014549754807021698,5.0,0.0,-0.014549754807021698,1.0,-0.014549754807021698,0.0,-0.014549754807021698,0.5470870318577854,0.65,1.0
2021-03-18,363.5054931640625,6,2010-03-16,2021-03-15,2021-03-16,2022-03-15,0,0.5702558501567818,1.0,-0.001850252381174644,-0.001850252381174644,5.0,0.0,-0.001850252381174644,1.0,-0.001850252381174644,0.0,-0.001850252381174644,0.5702558501567818,0.65,1.0
2021-03-19,362.8329162597656,6,2010-03-16,2021-03-15,2021-03-16,2022-03-15,1,0.5539618725135699,1.0,0.00798498886688881,0.00798498886688881,5.0,0.0,0.00798498886688881,1.0,0.00798498886688881,0.0,0.00798498886688881,0.5539618725135699,0.65,1.0
2021-03-22,365.7301330566406,6,2010-03-16,2021-03-15,2021-03-16,2022-03-15,0,0.5384940753240172,1.0,-0.007870750305922436,-0.007870750305922436,5.0,0.0,-0.007870750305922436,1.0,-0.007870750305922436,0.0,-0.007870750305922436,0.5384940753240172,0.65,1.0
2021-03-23,362.8515625,6,2010-03-16,2021-03-15,2021-03-16,2022-03-15,0,0.586505930053074,1.0,-0.00508346565830553,-0.00508346565830553,5.0,0.0,-0.00508346565830553,1.0,-0.00508346565830553,0.0,-0.00508346565830553,0.586505930053074,0.65,1.0
2021-03-24,361.00701904296875,6,2010-03-16,2021-03-15,2021-03-16,2022-03-15,1,0.572942373073917,1.0,0.005625692021237194,0.005625692021237194,5.0,0.0,0.005625692021237194,1.0,0.005625692021237194,0.0,0.005625692021237194,0.572942373073917,0.35,1.0
2021-03-25,363.0379333496094,6,2010-03-16,2021-03-15,2021-03-16,2022-03-15,1,0.5252127453398803,1.0,0.016114539753482315,0.016114539753482315,5.0,0.0,0.016114539753482315,1.0,0.016114539753482315,0.0,0.016114539753482315,0.5252127453398803,0.65,1.0
2021-03-26,368.88812255859375,6,2010-03-16,2021-03-15,2021-03-16,2022-03-15,0,0.4889360654159461,1.0,-0.0005048923180422937,-0.0005048923180422937,5.0,0.0,-0.0005048923180422937,1.0,-0.0005048923180422937,0.0,-0.0005048923180422937,0.4889360654159461,0.65,1.0
2021-03-29,368.7018737792969,6,2010-03-16,2021-03-15,2021-03-16,2022-03-15,0,0.579295951616186,1.0,-0.0026527892817049814,-0.0026527892817049814,5.0,0.0,-0.0026527892817049814,1.0,-0.0026527892817049814,0.0,-0.0026527892817049814,0.579295951616186,0.65,1.0
2021-03-30,367.7237854003906,6,2010-03-16,2021-03-15,2021-03-16,2022-03-15,1,0.568277795862315,1.0,0.004053338653577265,0.004053338653577265,5.0,0.0,0.004053338653577265,1.0,0.004053338653577265,0.0,0.004053338653577265,0.568277795862315,0.65,1.0
2021-03-31,369.21429443359375,6,2010-03-16,2021-03-15,2021-03-16,2022-03-15,1,0.5484241835610111,1.0,0.010799101435940317,0.010799101435940317,5.0,0.0,0.010799101435940317,1.0,0.010799101435940317,0.0,0.010799101435940317,0.5484241835610111,0.65,1.0
2021-04-01,373.20147705078125,6,2010-03-16,2021-03-15,2021-03-16,2022-03-15,1,0.4965710275982746,1.0,0.014353181183256458,0.014353181183256458,5.0,0.0,0.014353181183256458,1.0,0.014353181183256458,0.0,0.014353181183256458,0.4965710275982746,0.65,1.0
2021-04-05,378.55810546875,6,2010-03-16,2021-03-15,2021-03-16,2022-03-15,0,0.5361103272547054,1.0,-0.0005906683589431694,-0.0005906683589431694,5.0,0.0,-0.0005906683589431694,1.0,-0.0005906683589431694,0.0,-0.0005906683589431694,0.5361103272547054,0.65,1.0
2021-04-06,378.3345031738281,6,2010-03-16,2021-03-15,2021-03-16,2022-03-15,1,0.567700391224679,1.0,0.0011571100561293957,0.0011571100561293957,5.0,0.0,0.0011571100561293957,1.0,0.0011571100561293957,0.0,0.0011571100561293957,0.567700391224679,0.65,1.0
2021-04-07,378.77227783203125,6,2010-03-16,2021-03-15,2021-03-16,2022-03-15,1,0.5491232495112106,1.0,0.004747087605878608,0.004747087605878608,5.0,0.0,0.004747087605878608,1.0,0.004747087605878608,0.0,0.004747087605878608,0.5491232495112106,0.65,1.0
2021-04-08,380.5703430175781,6,2010-03-16,2021-03-15,2021-03-16,2022-03-15,1,0.5101232665243258,1.0,0.007269860003533024,0.007269860003533024,5.0,0.0,0.007269860003533024,1.0,0.007269860003533024,0.0,0.007269860003533024,0.5101232665243258,0.65,1.0
2021-04-09,383.3370361328125,6,2010-03-16,2021-03-15,2021-03-16,2022-03-15,1,0.5230610179607871,1.0,0.0003645355837362807,0.0003645355837362807,5.0,0.0,0.0003645355837362807,1.0,0.0003645355837362807,0.0,0.0003645355837362807,0.5230610179607871,0.65,1.0
2021-04-12,383.4767761230469,6,2010-03-16,2021-03-15,2021-03-16,2022-03-15,1,0.5700851227259403,1.0,0.0029637665571866645,0.0029637665571866645,5.0,0.0,0.0029637665571866645,1.0,0.0029637665571866645,0.0,0.0029637665571866645,0.5700851227259403,0.65,1.0
2021-04-13,384.6133117675781,6,2010-03-16,2021-03-15,2021-03-16,2022-03-15,0,0.5359080588670033,1.0,-0.003415057467625382,-0.003415057467625382,5.0,0.0,-0.003415057467625382,1.0,-0.003415057467625382,0.0,-0.003415057467625382,0.5359080588670033,0.65,1.0
2021-04-14,383.2998352050781,6,2010-03-16,2021-03-15,2021-03-16,2022-03-15,1,0.5294759726776712,1.0,0.01074246281977298,0.01074246281977298,5.0,0.0,0.01074246281977298,1.0,0.01074246281977298,0.0,0.01074246281977298,0.5294759726776712,0.65,1.0
2021-04-15,387.41741943359375,6,2010-03-16,2021-03-15,2021-03-16,2022-03-15,1,0.5039587698498413,1.0,0.003342367411653946,0.003342367411653946,5.0,0.0,0.003342367411653946,1.0,0.003342367411653946,0.0,0.003342367411653946,0.5039587698498413,0.65,1.0
2021-04-16,388.7123107910156,6,2010-03-16,2021-03-15,2021-03-16,2022-03-15,0,0.538645777465116,1.0,-0.004913119512927611,-0.004913119512927611,5.0,0.0,-0.004913119512927611,1.0,-0.004913119512927611,0.0,-0.004913119512927611,0.538645777465116,0.65,1.0
2021-04-19,386.8025207519531,6,2010-03-16,2021-03-15,2021-03-16,2022-03-15,0,0.5420963484351047,1.0,-0.007321488519098418,-0.007321488519098418,5.0,0.0,-0.007321488519098418,1.0,-0.007321488519098418,0.0,-0.007321488519098418,0.5420963484351047,0.65,1.0
2021-04-20,383.9705505371094,6,2010-03-16,2021-03-15,2021-03-16,2022-03-15,1,0.5456325135795791,1.0,0.009462287514007128,0.009462287514007128,5.0,0.0,0.009462287514007128,1.0,0.009462287514007128,0.0,0.009462287514007128,0.5456325135795791,0.65,1.0
2021-04-21,387.6037902832031,6,2010-03-16,2021-03-15,2021-03-16,2022-03-15,0,0.49472642452721266,1.0,-0.00913321713776738,-0.00913321713776738,5.0,0.0,-0.00913321713776738,1.0,-0.00913321713776738,0.0,-0.00913321713776738,0.49472642452721266,0.65,1.0
2021-04-22,384.063720703125,6,2010-03-16,2021-03-15,2021-03-16,2022-03-15,1,0.5736801854219983,1.0,0.010842590385379491,0.010842590385379491,5.0,0.0,0.010842590385379491,1.0,0.010842590385379491,0.0,0.010842590385379491,0.5736801854219983,0.65,1.0
2021-04-23,388.22796630859375,6,2010-03-16,2021-03-15,2021-03-16,2022-03-15,1,0.5326608714413278,1.0,0.002087340016321937,0.002087340016321937,5.0,0.0,0.002087340016321937,1.0,0.002087340016321937,0.0,0.002087340016321937,0.5326608714413278,0.65,1.0
2021-04-26,389.038330078125,6,2010-03-16,2021-03-15,2021-03-16,2022-03-15,0,0.5629561387257612,1.0,-0.00021556309032755294,-0.00021556309032755294,5.0,0.0,-0.00021556309032755294,1.0,-0.00021556309032755294,0.0,-0.00021556309032755294,0.5629561387257612,0.65,1.0
2021-04-27,388.9544677734375,6,2010-03-16,2021-03-15,2021-03-16,2022-03-15,0,0.555850132661307,1.0,-0.000287322502640186,-0.000287322502640186,5.0,0.0,-0.000287322502640186,1.0,-0.000287322502640186,0.0,-0.000287322502640186,0.555850132661307,0.65,1.0
2021-04-28,388.84271240234375,6,2010-03-16,2021-03-15,2021-03-16,2022-03-15,1,0.5649813184255328,1.0,0.006372983985211356,0.006372983985211356,5.0,0.0,0.006372983985211356,1.0,0.006372983985211356,0.0,0.006372983985211356,0.5649813184255328,0.65,1.0
2021-04-29,391.32080078125,6,2010-03-16,2021-03-15,2021-03-16,2022-03-15,0,0.532245348005117,1.0,-0.0065706397978601006,-0.0065706397978601006,5.0,0.0,-0.0065706397978601006,1.0,-0.0065706397978601006,0.0,-0.0065706397978601006,0.532245348005117,0.65,1.0
2021-04-30,388.74957275390625,6,2010-03-16,2021-03-15,2021-03-16,2022-03-15,1,0.5679377213160035,1.0,0.002156839563950186,0.002156839563950186,5.0,0.0,0.002156839563950186,1.0,0.002156839563950186,0.0,0.002156839563950186,0.5679377213160035,0.65,1.0
2021-05-03,389.5880432128906,6,2010-03-16,2021-03-15,2021-03-16,2022-03-15,0,0.5529387129070527,1.0,-0.006169345953606076,-0.006169345953606076,5.0,0.0,-0.006169345953606076,1.0,-0.006169345953606076,0.0,-0.006169345953606076,0.5529387129070527,0.65,1.0
2021-05-04,387.1845397949219,6,2010-03-16,2021-03-15,2021-03-16,2022-03-15,1,0.5580040567658527,1.0,0.00031283342987364904,0.00031283342987364904,5.0,0.0,0.00031283342987364904,1.0,0.00031283342987364904,0.0,0.00031283342987364904,0.5580040567658527,0.65,1.0
2021-05-05,387.3056640625,6,2010-03-16,2021-03-15,2021-03-16,2022-03-15,1,0.5578098466569307,1.0,0.00798551314797491,0.00798551314797491,5.0,0.0,0.00798551314797491,1.0,0.00798551314797491,0.0,0.00798551314797491,0.5578098466569307,0.65,1.0
2021-05-06,390.39849853515625,6,2010-03-16,2021-03-15,2021-03-16,2022-03-15,1,0.5609357349587242,1.0,0.007277970085466823,0.007277970085466823,5.0,0.0,0.007277970085466823,1.0,0.007277970085466823,0.0,0.007277970085466823,0.5609357349587242,0.65,1.0
2021-05-07,393.23980712890625,6,2010-03-16,2021-03-15,2021-03-16,2022-03-15,0,0.5454432549924987,1.0,-0.009902463835441577,-0.009902463835441577,5.0,0.0,-0.009902463835441577,1.0,-0.009902463835441577,0.0,-0.009902463835441577,0.5454432549924987,0.65,1.0
2021-05-10,389.34576416015625,6,2010-03-16,2021-03-15,2021-03-16,2022-03-15,0,0.5844802029272333,1.0,-0.00892485249742081,-0.00892485249742081,5.0,0.0,-0.00892485249742081,1.0,-0.00892485249742081,0.0,-0.00892485249742081,0.5844802029272333,0.65,1.0
2021-05-11,385.87091064453125,6,2010-03-16,2021-03-15,2021-03-16,2022-03-15,0,0.5595634705309033,1.0,-0.021244967462598296,-0.021244967462598296,5.0,0.0,-0.021244967462598296,1.0,-0.021244967462598296,0.0,-0.021244967462598296,0.5595634705309033,0.65,1.0
2021-05-12,377.673095703125,6,2010-03-16,2021-03-15,2021-03-16,2022-03-15,1,0.5603624080845399,1.0,0.01201235464129713,0.01201235464129713,5.0,0.0,0.01201235464129713,1.0,0.01201235464129713,0.0,0.01201235464129713,0.5603624080845399,0.35,1.0
2021-05-13,382.2098388671875,6,2010-03-16,2021-03-15,2021-03-16,2022-03-15,1,0.5327576131708259,1.0,0.015355328206426933,0.015355328206426933,5.0,0.0,0.015355328206426933,1.0,0.015355328206426933,0.0,0.015355328206426933,0.5327576131708259,0.35,1.0
2021-05-14,388.07879638671875,6,2010-03-16,2021-03-15,2021-03-16,2022-03-15,0,0.5729750686278593,1.0,-0.0025443975991631396,-0.0025443975991631396,5.0,0.0,-0.0025443975991631396,1.0,-0.0025443975991631396,0.0,-0.0025443975991631396,0.5729750686278593,0.35,1.0
2021-05-17,387.09136962890625,6,2010-03-16,2021-03-15,2021-03-16,2022-03-15,0,0.6146498079199028,1.0,-0.008615751394844495,-0.008615751394844495,5.0,0.0,-0.008615751394844495,1.0,-0.008615751394844495,0.0,-0.008615751394844495,0.6146498079199028,0.65,1.0
2021-05-18,383.75628662109375,6,2010-03-16,2021-03-15,2021-03-16,2022-03-15,0,0.6041343014069647,1.0,-0.0026218046929262773,-0.0026218046929262773,5.0,0.0,-0.0026218046929262773,1.0,-0.0026218046929262773,0.0,-0.0026218046929262773,0.6041343014069647,0.35,1.0
2021-05-19,382.7501525878906,6,2010-03-16,2021-03-15,2021-03-16,2022-03-15,1,0.5537882173464047,1.0,0.010758049959826765,0.010758049959826765,5.0,0.0,0.010758049959826765,1.0,0.010758049959826765,0.0,0.010758049959826765,0.5537882173464047,0.35,1.0
2021-05-20,386.8677978515625,6,2010-03-16,2021-03-15,2021-03-16,2022-03-15,0,0.5274263346174412,1.0,-0.0008186554361465648,-0.0008186554361465648,5.0,0.0,-0.0008186554361465648,1.0,-0.0008186554361465648,0.0,-0.0008186554361465648,0.5274263346174412,0.65,1.0
2021-05-21,386.55108642578125,6,2010-03-16,2021-03-15,2021-03-16,2022-03-15,1,0.6167236144744702,1.0,0.010193971407742586,0.010193971407742586,5.0,0.0,0.010193971407742586,1.0,0.010193971407742586,0.0,0.010193971407742586,0.6167236144744702,0.35,1.0
2021-05-24,390.4915771484375,6,2010-03-16,2021-03-15,2021-03-16,2022-03-15,0,0.5790421460125185,1.0,-0.0022184139770240474,-0.0022184139770240474,5.0,0.0,-0.0022184139770240474,1.0,-0.0022184139770240474,0.0,-0.0022184139770240474,0.5790421460125185,0.65,1.0
2021-05-25,389.62530517578125,6,2010-03-16,2021-03-15,2021-03-16,2022-03-15,1,0.5941603416610228,1.0,0.0019844536509920907,0.0019844536509920907,5.0,0.0,0.0019844536509920907,1.0,0.0019844536509920907,0.0,0.0019844536509920907,0.5941603416610228,0.65,1.0
2021-05-26,390.39849853515625,6,2010-03-16,2021-03-15,2021-03-16,2022-03-15,1,0.5454168027986293,1.0,0.0005249919132797043,0.0005249919132797043,5.0,0.0,0.0005249919132797043,1.0,0.0005249919132797043,0.0,0.0005249919132797043,0.5454168027986293,0.65,1.0
2021-05-27,390.60345458984375,6,2010-03-16,2021-03-15,2021-03-16,2022-03-15,1,0.5986892570700462,1.0,0.0017886924075656285,0.0017886924075656285,5.0,0.0,0.0017886924075656285,1.0,0.0017886924075656285,0.0,0.0017886924075656285,0.5986892570700462,0.35,1.0
2021-05-28,391.3021240234375,6,2010-03-16,2021-03-15,2021-03-16,2022-03-15,0,0.572896007384769,1.0,-0.0008808169089393747,-0.0008808169089393747,5.0,0.0,-0.0008808169089393747,1.0,-0.0008808169089393747,0.0,-0.0008808169089393747,0.572896007384769,0.65,1.0
2021-06-01,390.95745849609375,6,2010-03-16,2021-03-15,2021-03-16,2022-03-15,1,0.5840150554149225,1.0,0.001572645905898451,0.001572645905898451,5.0,0.0,0.001572645905898451,1.0,0.001572645905898451,0.0,0.001572645905898451,0.5840150554149225,0.65,1.0
2021-06-02,391.5722961425781,6,2010-03-16,2021-03-15,2021-03-16,2022-03-15,0,0.5229947280939695,1.0,-0.0037113902137791976,-0.0037113902137791976,5.0,0.0,-0.0037113902137791976,1.0,-0.0037113902137791976,0.0,-0.0037113902137791976,0.5229947280939695,0.65,1.0
2021-06-03,390.1190185546875,6,2010-03-16,2021-03-15,2021-03-16,2022-03-15,1,0.5509811361231528,1.0,0.00914575285799879,0.00914575285799879,5.0,0.0,0.00914575285799879,1.0,0.00914575285799879,0.0,0.00914575285799879,0.5509811361231528,0.65,1.0
2021-06-04,393.68695068359375,6,2010-03-16,2021-03-15,2021-03-16,2022-03-15,0,0.5365170947034941,1.0,-0.0009698973685487999,-0.0009698973685487999,5.0,0.0,-0.0009698973685487999,1.0,-0.0009698973685487999,0.0,-0.0009698973685487999,0.5365170947034941,0.65,1.0
2021-06-07,393.30511474609375,6,2010-03-16,2021-03-15,2021-03-16,2022-03-15,1,0.5656554975531333,1.0,0.00021291417587865347,0.00021291417587865347,5.0,0.0,0.00021291417587865347,1.0,0.00021291417587865347,0.0,0.00021291417587865347,0.5656554975531333,0.65,1.0
2021-06-08,393.38885498046875,6,2010-03-16,2021-03-15,2021-03-16,2022-03-15,0,0.5368597005032343,1.0,-0.0014920989505038396,-0.0014920989505038396,5.0,0.0,-0.0014920989505038396,1.0,-0.0014920989505038396,0.0,-0.0014920989505038396,0.5368597005032343,0.65,1.0
2021-06-09,392.8018798828125,6,2010-03-16,2021-03-15,2021-03-16,2022-03-15,1,0.5293795554536823,1.0,0.004648625332638545,0.004648625332638545,5.0,0.0,0.004648625332638545,1.0,0.004648625332638545,0.0,0.004648625332638545,0.5293795554536823,0.65,1.0
2021-06-10,394.62786865234375,6,2010-03-16,2021-03-15,2021-03-16,2022-03-15,1,0.5038753046804032,1.0,0.001652364527684469,0.001652364527684469,5.0,0.0,0.001652364527684469,1.0,0.001652364527684469,0.0,0.001652364527684469,0.5038753046804032,0.65,1.0
2021-06-11,395.2799377441406,6,2010-03-16,2021-03-15,2021-03-16,2022-03-15,1,0.5251515109842924,1.0,0.0022391759202620154,0.0022391759202620154,5.0,0.0,0.0022391759202620154,1.0,0.0022391759202620154,0.0,0.0022391759202620154,0.5251515109842924,0.65,1.0
2021-06-14,396.1650390625,6,2010-03-16,2021-03-15,2021-03-16,2022-03-15,0,0.5436754507995639,1.0,-0.0018342205421607582,-0.0018342205421607582,5.0,0.0,-0.0018342205421607582,1.0,-0.0018342205421607582,0.0,-0.0018342205421607582,0.5436754507995639,0.65,1.0
2021-06-15,395.4383850097656,6,2010-03-16,2021-03-15,2021-03-16,2022-03-15,0,0.5441800623770975,1.0,-0.005583387515941229,-0.005583387515941229,5.0,0.0,-0.005583387515941229,1.0,-0.005583387515941229,0.0,-0.005583387515941229,0.5441800623770975,0.65,1.0
2021-06-16,393.2304992675781,6,2010-03-16,2021-03-15,2021-03-16,2022-03-15,0,0.5463399592755,1.0,-0.0003316938262651892,-0.0003316938262651892,5.0,0.0,-0.0003316938262651892,1.0,-0.0003316938262651892,0.0,-0.0003316938262651892,0.5463399592755,0.65,1.0
2021-06-17,393.1000671386719,6,2010-03-16,2021-03-15,2021-03-16,2022-03-15,0,0.5039277281997214,1.0,-0.013490381996013823,-0.013490381996013823,5.0,0.0,-0.013490381996013823,1.0,-0.013490381996013823,0.0,-0.013490381996013823,0.5039277281997214,0.65,1.0
2021-06-18,387.7969970703125,6,2010-03-16,2021-03-15,2021-03-16,2022-03-15,1,0.5560315323212821,1.0,0.014315908327570348,0.014315908327570348,5.0,0.0,0.014315908327570348,0.0,0.0,0.0005,-0.0005,0.5560315323212821,0.65,1.0
2021-06-21,393.3486633300781,6,2010-03-16,2021-03-15,2021-03-16,2022-03-15,1,0.4982813855454975,1.0,0.005346160974933456,0.005346160974933456,5.0,0.0,0.005346160974933456,1.0,0.005346160974933456,0.0005,0.0048461609749334555,0.4982813855454975,0.65,1.0
2021-06-22,395.4515686035156,6,2010-03-16,2021-03-15,2021-03-16,2022-03-15,0,0.5549039077846395,1.0,-0.0012052639893157524,-0.0012052639893157524,5.0,0.0,-0.0012052639893157524,1.0,-0.0012052639893157524,0.0,-0.0012052639893157524,0.5549039077846395,0.65,1.0
2021-06-23,394.9749450683594,6,2010-03-16,2021-03-15,2021-03-16,2022-03-15,1,0.5602735518151079,1.0,0.0059157635144078125,0.0059157635144078125,5.0,0.0,0.0059157635144078125,1.0,0.0059157635144078125,0.0,0.0059157635144078125,0.5602735518151079,0.65,1.0
2021-06-24,397.3115234375,6,2010-03-16,2021-03-15,2021-03-16,2022-03-15,1,0.5589151591032638,1.0,0.0035520109525202237,0.0035520109525202237,5.0,0.0,0.0035520109525202237,1.0,0.0035520109525202237,0.0,0.0035520109525202237,0.5589151591032638,0.65,1.0
2021-06-25,398.7227783203125,6,2010-03-16,2021-03-15,2021-03-16,2022-03-15,1,0.5327314437375786,1.0,0.0020159432416189116,0.0020159432416189116,5.0,0.0,0.0020159432416189116,1.0,0.0020159432416189116,0.0,0.0020159432416189116,0.5327314437375786,0.65,1.0
2021-06-28,399.5265808105469,6,2010-03-16,2021-03-15,2021-03-16,2022-03-15,1,0.5548431491116634,1.0,0.0005381277447285004,0.0005381277447285004,5.0,0.0,0.0005381277447285004,1.0,0.0005381277447285004,0.0,0.0005381277447285004,0.5548431491116634,0.65,1.0
2021-06-29,399.7415771484375,6,2010-03-16,2021-03-15,2021-03-16,2022-03-15,1,0.5654805343439442,1.0,0.0008416081800894926,0.0008416081800894926,5.0,0.0,0.0008416081800894926,1.0,0.0008416081800894926,0.0,0.0008416081800894926,0.5654805343439442,0.65,1.0
2021-06-30,400.0780029296875,6,2010-03-16,2021-03-15,2021-03-16,2022-03-15,1,0.5693297833959997,1.0,0.0055366400412029115,0.0055366400412029115,5.0,0.0,0.0055366400412029115,1.0,0.0055366400412029115,0.0,0.0055366400412029115,0.5693297833959997,0.65,1.0
2021-07-01,402.2930908203125,6,2010-03-16,2021-03-15,2021-03-16,2022-03-15,1,0.536276924821829,1.0,0.007643635348504096,0.007643635348504096,5.0,0.0,0.007643635348504096,1.0,0.007643635348504096,0.0,0.007643635348504096,0.536276924821829,0.65,1.0
2021-07-02,405.3680725097656,6,2010-03-16,2021-03-15,2021-03-16,2022-03-15,0,0.5243436989019581,1.0,-0.0018214873168547197,-0.0018214873168547197,5.0,0.0,-0.0018214873168547197,1.0,-0.0018214873168547197,0.0,-0.0018214873168547197,0.5243436989019581,0.65,1.0
2021-07-06,404.62969970703125,6,2010-03-16,2021-03-15,2021-03-16,2022-03-15,1,0.544891225264784,1.0,0.0035340773967325045,0.0035340773967325045,5.0,0.0,0.0035340773967325045,1.0,0.0035340773967325045,0.0,0.0035340773967325045,0.544891225264784,0.65,1.0
2021-07-07,406.0596923828125,6,2010-03-16,2021-03-15,2021-03-16,2022-03-15,0,0.5109193181510241,1.0,-0.008148047718267049,-0.008148047718267049,5.0,0.0,-0.008148047718267049,1.0,-0.008148047718267049,0.0,-0.008148047718267049,0.5109193181510241,0.65,1.0
2021-07-08,402.7510986328125,6,2010-03-16,2021-03-15,2021-03-16,2022-03-15,1,0.5350597449555962,1.0,0.010674796178747448,0.010674796178747448,5.0,0.0,0.010674796178747448,1.0,0.010674796178747448,0.0,0.010674796178747448,0.5350597449555962,0.65,1.0
2021-07-09,407.0503845214844,6,2010-03-16,2021-03-15,2021-03-16,2022-03-15,1,0.4687962263865979,1.0,0.003581810386042994,0.003581810386042994,5.0,0.0,0.003581810386042994,1.0,0.003581810386042994,0.0,0.003581810386042994,0.4687962263865979,0.65,1.0
2021-07-12,408.50836181640625,6,2010-03-16,2021-03-15,2021-03-16,2022-03-15,0,0.5329528243024314,1.0,-0.0034090089034799487,-0.0034090089034799487,5.0,0.0,-0.0034090089034799487,1.0,-0.0034090089034799487,0.0,-0.0034090089034799487,0.5329528243024314,0.65,1.0
2021-07-13,407.1157531738281,6,2010-03-16,2021-03-15,2021-03-16,2022-03-15,1,0.562584512396461,1.0,0.001492387504423709,0.001492387504423709,5.0,0.0,0.001492387504423709,1.0,0.001492387504423709,0.0,0.001492387504423709,0.562584512396461,0.65,1.0
2021-07-14,407.72332763671875,6,2010-03-16,2021-03-15,2021-03-16,2022-03-15,0,0.5442184879880158,1.0,-0.003415647488772322,-0.003415647488772322,5.0,0.0,-0.003415647488772322,1.0,-0.003415647488772322,0.0,-0.003415647488772322,0.5442184879880158,0.65,1.0
2021-07-15,406.3306884765625,6,2010-03-16,2021-03-15,2021-03-16,2022-03-15,0,0.5345467923913557,1.0,-0.00784346919076473,-0.00784346919076473,5.0,0.0,-0.00784346919076473,1.0,-0.00784346919076473,0.0,-0.00784346919076473,0.5345467923913557,0.65,1.0
2021-07-16,403.1436462402344,6,2010-03-16,2021-03-15,2021-03-16,2022-03-15,0,0.5776556748185372,1.0,-0.014767894320537378,-0.014767894320537378,5.0,0.0,-0.014767894320537378,1.0,-0.014767894320537378,0.0,-0.014767894320537378,0.5776556748185372,0.65,1.0
2021-07-19,397.1900634765625,6,2010-03-16,2021-03-15,2021-03-16,2022-03-15,1,0.5657069417601014,1.0,0.014330328316503271,0.014330328316503271,5.0,0.0,0.014330328316503271,1.0,0.014330328316503271,0.0,0.014330328316503271,0.5657069417601014,0.65,1.0
2021-07-20,402.8819274902344,6,2010-03-16,2021-03-15,2021-03-16,2022-03-15,1,0.49178769450261073,1.0,0.008096269893842711,0.008096269893842711,5.0,0.0,0.008096269893842711,1.0,0.008096269893842711,0.0,0.008096269893842711,0.49178769450261073,0.65,1.0
2021-07-21,406.1437683105469,6,2010-03-16,2021-03-15,2021-03-16,2022-03-15,1,0.5587726139997706,1.0,0.0020942225051487906,0.0020942225051487906,5.0,0.0,0.0020942225051487906,1.0,0.0020942225051487906,0.0,0.0020942225051487906,0.5587726139997706,0.65,1.0
2021-07-22,406.99432373046875,6,2010-03-16,2021-03-15,2021-03-16,2022-03-15,1,0.5790977229445274,1.0,0.010287941489413477,0.010287941489413477,5.0,0.0,0.010287941489413477,1.0,0.010287941489413477,0.0,0.010287941489413477,0.5790977229445274,0.65,1.0
2021-07-23,411.18145751953125,6,2010-03-16,2021-03-15,2021-03-16,2022-03-15,1,0.5637320442684756,1.0,0.0024547273726669427,0.0024547273726669427,5.0,0.0,0.0024547273726669427,1.0,0.0024547273726669427,0.0,0.0024547273726669427,0.5637320442684756,0.65,1.0
2021-07-26,412.1907958984375,6,2010-03-16,2021-03-15,2021-03-16,2022-03-15,0,0.5389648864114909,1.0,-0.0045576747721940425,-0.0045576747721940425,5.0,0.0,-0.0045576747721940425,1.0,-0.0045576747721940425,0.0,-0.0045576747721940425,0.5389648864114909,0.65,1.0
2021-07-27,410.3121643066406,6,2010-03-16,2021-03-15,2021-03-16,2022-03-15,0,0.58995628930689,1.0,-0.0004099632066947301,-0.0004099632066947301,5.0,0.0,-0.0004099632066947301,1.0,-0.0004099632066947301,0.0,-0.0004099632066947301,0.58995628930689,0.65,1.0
2021-07-28,410.1439514160156,6,2010-03-16,2021-03-15,2021-03-16,2022-03-15,1,0.5619698557677578,1.0,0.004147520197220089,0.004147520197220089,5.0,0.0,0.004147520197220089,1.0,0.004147520197220089,0.0,0.004147520197220089,0.5619698557677578,0.65,1.0
2021-07-29,411.84503173828125,6,2010-03-16,2021-03-15,2021-03-16,2022-03-15,0,0.5643067876983012,1.0,-0.0048564178236958355,-0.0048564178236958355,5.0,0.0,-0.0048564178236958355,1.0,-0.0048564178236958355,0.0,-0.0048564178236958355,0.5643067876983012,0.65,1.0
2021-07-30,409.8449401855469,6,2010-03-16,2021-03-15,2021-03-16,2022-03-15,0,0.6042773892089952,1.0,-0.0020982443594278477,-0.0020982443594278477,5.0,0.0,-0.0020982443594278477,1.0,-0.0020982443594278477,0.0,-0.0020982443594278477,0.6042773892089952,0.65,1.0
2021-08-02,408.9849853515625,6,2010-03-16,2021-03-15,2021-03-16,2022-03-15,1,0.5630700054146509,1.0,0.008135658226393616,0.008135658226393616,5.0,0.0,0.008135658226393616,1.0,0.008135658226393616,0.0,0.008135658226393616,0.5630700054146509,0.65,1.0
2021-08-03,412.3123474121094,6,2010-03-16,2021-03-15,2021-03-16,2022-03-15,0,0.5408221092138893,1.0,-0.00491893395810461,-0.00491893395810461,5.0,0.0,-0.00491893395810461,1.0,-0.00491893395810461,0.0,-0.00491893395810461,0.5408221092138893,0.65,1.0
2021-08-04,410.2842102050781,6,2010-03-16,2021-03-15,2021-03-16,2022-03-15,1,0.5796534798824327,1.0,0.006332696949530536,0.006332696949530536,5.0,0.0,0.006332696949530536,1.0,0.006332696949530536,0.0,0.006332696949530536,0.5796534798824327,0.65,1.0
2021-08-05,412.8824157714844,6,2010-03-16,2021-03-15,2021-03-16,2022-03-15,1,0.5518545488188054,1.0,0.0016527055181072559,0.0016527055181072559,5.0,0.0,0.0016527055181072559,1.0,0.0016527055181072559,0.0,0.0016527055181072559,0.5518545488188054,0.65,1.0
2021-08-06,413.5647888183594,6,2010-03-16,2021-03-15,2021-03-16,2022-03-15,0,0.5454893509744241,1.0,-0.0008136253992213627,-0.0008136253992213627,5.0,0.0,-0.0008136253992213627,1.0,-0.0008136253992213627,0.0,-0.0008136253992213627,0.5454893509744241,0.65,1.0
2021-08-09,413.2283020019531,6,2010-03-16,2021-03-15,2021-03-16,2022-03-15,1,0.5505385533046583,1.0,0.001243882778283023,0.001243882778283023,5.0,0.0,0.001243882778283023,1.0,0.001243882778283023,0.0,0.001243882778283023,0.5505385533046583,0.65,1.0
2021-08-10,413.7423095703125,6,2010-03-16,2021-03-15,2021-03-16,2022-03-15,1,0.5645156830877578,1.0,0.002484969951704885,0.002484969951704885,5.0,0.0,0.002484969951704885,1.0,0.002484969951704885,0.0,0.002484969951704885,0.5645156830877578,0.65,1.0
2021-08-11,414.77044677734375,6,2010-03-16,2021-03-15,2021-03-16,2022-03-15,1,0.5469069434038649,1.0,0.002996792482899524,0.002996792482899524,5.0,0.0,0.002996792482899524,1.0,0.002996792482899524,0.0,0.002996792482899524,0.5469069434038649,0.65,1.0
2021-08-12,416.013427734375,6,2010-03-16,2021-03-15,2021-03-16,2022-03-15,1,0.5691689823582463,1.0,0.0018201387213898634,0.0018201387213898634,5.0,0.0,0.0018201387213898634,1.0,0.0018201387213898634,0.0,0.0018201387213898634,0.5691689823582463,0.65,1.0
2021-08-13,416.7706298828125,6,2010-03-16,2021-03-15,2021-03-16,2022-03-15,1,0.5667049937566584,1.0,0.0023546615077976174,0.0023546615077976174,5.0,0.0,0.0023546615077976174,1.0,0.0023546615077976174,0.0,0.0023546615077976174,0.5667049937566584,0.65,1.0
2021-08-16,417.7519836425781,6,2010-03-16,2021-03-15,2021-03-16,2022-03-15,0,0.5276948351223149,1.0,-0.006555385726110696,-0.006555385726110696,5.0,0.0,-0.006555385726110696,1.0,-0.006555385726110696,0.0,-0.006555385726110696,0.5276948351223149,0.65,1.0
2021-08-17,415.0134582519531,6,2010-03-16,2021-03-15,2021-03-16,2022-03-15,0,0.5235786548973973,1.0,-0.010944939912101881,-0.010944939912101881,5.0,0.0,-0.010944939912101881,1.0,-0.010944939912101881,0.0,-0.010944939912101881,0.5235786548973973,0.65,1.0
2021-08-18,410.4711608886719,6,2010-03-16,2021-03-15,2021-03-16,2022-03-15,1,0.5445552675919572,1.0,0.0015483647636906905,0.0015483647636906905,5.0,0.0,0.0015483647636906905,1.0,0.0015483647636906905,0.0,0.0015483647636906905,0.5445552675919572,0.65,1.0
2021-08-19,411.1067199707031,6,2010-03-16,2021-03-15,2021-03-16,2022-03-15,1,0.5154847874767085,1.0,0.00795708159922559,0.00795708159922559,5.0,0.0,0.00795708159922559,1.0,0.00795708159922559,0.0,0.00795708159922559,0.5154847874767085,0.65,1.0
2021-08-20,414.3779296875,6,2010-03-16,2021-03-15,2021-03-16,2022-03-15,1,0.5227441136953049,1.0,0.008796217739787782,0.008796217739787782,5.0,0.0,0.008796217739787782,1.0,0.008796217739787782,0.0,0.008796217739787782,0.5227441136953049,0.65,1.0
2021-08-23,418.02288818359375,6,2010-03-16,2021-03-15,2021-03-16,2022-03-15,1,0.5572791626798792,1.0,0.0015875572191510479,0.0015875572191510479,5.0,0.0,0.0015875572191510479,1.0,0.0015875572191510479,0.0,0.0015875572191510479,0.5572791626798792,0.65,1.0
2021-08-24,418.6865234375,6,2010-03-16,2021-03-15,2021-03-16,2022-03-15,1,0.5617115505428267,1.0,0.002098397028467369,0.002098397028467369,5.0,0.0,0.002098397028467369,1.0,0.002098397028467369,0.0,0.002098397028467369,0.5617115505428267,0.65,1.0
2021-08-25,419.5650939941406,6,2010-03-16,2021-03-15,2021-03-16,2022-03-15,0,0.5494419205860187,1.0,-0.005903198713383628,-0.005903198713383628,5.0,0.0,-0.005903198713383628,1.0,-0.005903198713383628,0.0,-0.005903198713383628,0.5494419205860187,0.65,1.0
2021-08-26,417.08831787109375,6,2010-03-16,2021-03-15,2021-03-16,2022-03-15,1,0.5762856983092777,1.0,0.008941074035186514,0.008941074035186514,5.0,0.0,0.008941074035186514,1.0,0.008941074035186514,0.0,0.008941074035186514,0.5762856983092777,0.65,1.0
2021-08-27,420.8175354003906,6,2010-03-16,2021-03-15,2021-03-16,2022-03-15,1,0.5224103852075739,1.0,0.004397524495173721,0.004397524495173721,5.0,0.0,0.004397524495173721,1.0,0.004397524495173721,0.0,0.004397524495173721,0.5224103852075739,0.65,1.0
2021-08-30,422.6680908203125,6,2010-03-16,2021-03-15,2021-03-16,2022-03-15,0,0.5531558919980116,1.0,-0.001481661933569911,-0.001481661933569911,5.0,0.0,-0.001481661933569911,1.0,-0.001481661933569911,0.0,-0.001481661933569911,0.5531558919980116,0.65,1.0
2021-08-31,422.0418395996094,6,2010-03-16,2021-03-15,2021-03-16,2022-03-15,1,0.5752310684498073,1.0,0.000531618463676109,0.000531618463676109,5.0,0.0,0.000531618463676109,1.0,0.000531618463676109,0.0,0.000531618463676109,0.5752310684498073,0.65,1.0
2021-09-01,422.2662048339844,6,2010-03-16,2021-03-15,2021-03-16,2022-03-15,1,0.5466691930759681,1.0,0.003076429633140476,0.003076429633140476,5.0,0.0,0.003076429633140476,1.0,0.003076429633140476,0.0,0.003076429633140476,0.5466691930759681,0.65,1.0
2021-09-02,423.5652770996094,6,2010-03-16,2021-03-15,2021-03-16,2022-03-15,0,0.5352517873405924,1.0,-0.00024258996452797277,-0.00024258996452797277,5.0,0.0,-0.00024258996452797277,1.0,-0.00024258996452797277,0.0,-0.00024258996452797277,0.5352517873405924,0.65,1.0
2021-09-03,423.4625244140625,6,2010-03-16,2021-03-15,2021-03-16,2022-03-15,0,0.5705606288864471,1.0,-0.003575448867903064,-0.003575448867903064,5.0,0.0,-0.003575448867903064,1.0,-0.003575448867903064,0.0,-0.003575448867903064,0.5705606288864471,0.65,1.0
2021-09-07,421.9484558105469,6,2010-03-16,2021-03-15,2021-03-16,2022-03-15,0,0.5723657724359735,1.0,-0.0012183931805276327,-0.0012183931805276327,5.0,0.0,-0.0012183931805276327,1.0,-0.0012183931805276327,0.0,-0.0012183931805276327,0.5723657724359735,0.65,1.0
2021-09-08,421.4343566894531,6,2010-03-16,2021-03-15,2021-03-16,2022-03-15,0,0.5303017494616774,1.0,-0.00428044019646967,-0.00428044019646967,5.0,0.0,-0.00428044019646967,1.0,-0.00428044019646967,0.0,-0.00428044019646967,0.5303017494616774,0.65,1.0
2021-09-09,419.63043212890625,6,2010-03-16,2021-03-15,2021-03-16,2022-03-15,0,0.5446447688613644,1.0,-0.007884251060874425,-0.007884251060874425,5.0,0.0,-0.007884251060874425,1.0,-0.007884251060874425,0.0,-0.007884251060874425,0.5446447688613644,0.65,1.0
2021-09-10,416.32196044921875,6,2010-03-16,2021-03-15,2021-03-16,2022-03-15,1,0.5660379262606313,1.0,0.0025590751176620685,0.0025590751176620685,5.0,0.0,0.0025590751176620685,1.0,0.0025590751176620685,0.0,0.0025590751176620685,0.5660379262606313,0.65,1.0
2021-09-13,417.3873596191406,6,2010-03-16,2021-03-15,2021-03-16,2022-03-15,0,0.5452716941053799,1.0,-0.005396525204561353,-0.005396525204561353,5.0,0.0,-0.005396525204561353,1.0,-0.005396525204561353,0.0,-0.005396525204561353,0.5452716941053799,0.65,1.0
2021-09-14,415.1349182128906,6,2010-03-16,2021-03-15,2021-03-16,2022-03-15,1,0.5804716717327594,1.0,0.00835262973455908,0.00835262973455908,5.0,0.0,0.00835262973455908,1.0,0.00835262973455908,0.0,0.00835262973455908,0.5804716717327594,0.35,1.0
2021-09-15,418.6023864746094,6,2010-03-16,2021-03-15,2021-03-16,2022-03-15,0,0.5444352950626234,1.0,-0.0015852136542710005,-0.0015852136542710005,5.0,0.0,-0.0015852136542710005,1.0,-0.0015852136542710005,0.0,-0.0015852136542710005,0.5444352950626234,0.65,1.0
2021-09-16,417.9388122558594,6,2010-03-16,2021-03-15,2021-03-16,2022-03-15,0,0.5521829789525923,1.0,-0.009740840812269003,-0.009740840812269003,5.0,0.0,-0.009740840812269003,1.0,-0.009740840812269003,0.0,-0.009740840812269003,0.5521829789525923,0.65,1.0
2021-09-17,413.86773681640625,6,2010-03-16,2021-03-15,2021-03-16,2022-03-15,0,0.5632750544695021,1.0,-0.016674337826061758,-0.016674337826061758,5.0,0.0,-0.016674337826061758,1.0,-0.016674337826061758,0.0,-0.016674337826061758,0.5632750544695021,0.65,1.0
2021-09-20,406.9667663574219,6,2010-03-16,2021-03-15,2021-03-16,2022-03-15,0,0.5608738106943827,1.0,-0.0009445474319760283,-0.0009445474319760283,5.0,0.0,-0.0009445474319760283,0.0,-0.0,0.0005,-0.0005,0.5608738106943827,0.35,1.0
2021-09-21,406.5823669433594,6,2010-03-16,2021-03-15,2021-03-16,2022-03-15,1,0.5530248547170482,1.0,0.009754714648644969,0.009754714648644969,5.0,0.0,0.009754714648644969,0.0,0.0,0.0,0.0,0.5530248547170482,0.35,1.0
2021-09-22,410.5484619140625,6,2010-03-16,2021-03-15,2021-03-16,2022-03-15,1,0.5688760934251018,1.0,0.012149988716147364,0.012149988716147364,5.0,0.0,0.012149988716147364,0.0,0.0,0.0,0.0,0.5688760934251018,0.35,1.0
2021-09-23,415.53662109375,6,2010-03-16,2021-03-15,2021-03-16,2022-03-15,1,0.5783366971873757,1.0,0.0016472898959951632,0.0016472898959951632,5.0,0.0,0.0016472898959951632,1.0,0.0016472898959951632,0.0005,0.0011472898959951632,0.5783366971873757,0.35,1.0
2021-09-24,416.22113037109375,6,2010-03-16,2021-03-15,2021-03-16,2022-03-15,0,0.5918856276601993,1.0,-0.002861042674488723,-0.002861042674488723,5.0,0.0,-0.002861042674488723,1.0,-0.002861042674488723,0.0,-0.002861042674488723,0.5918856276601993,0.35,1.0
2021-09-27,415.0303039550781,6,2010-03-16,2021-03-15,2021-03-16,2022-03-15,0,0.5761717417115821,1.0,-0.020151675259617585,-0.020151675259617585,5.0,0.0,-0.020151675259617585,1.0,-0.020151675259617585,0.0,-0.020151675259617585,0.5761717417115821,0.35,1.0
2021-09-28,406.666748046875,6,2010-03-16,2021-03-15,2021-03-16,2022-03-15,1,0.6039130577295969,1.0,0.0016831441544040704,0.0016831441544040704,5.0,0.0,0.0016831441544040704,0.0,0.0,0.0005,-0.0005,0.6039130577295969,0.35,1.0
2021-09-29,407.3512268066406,6,2010-03-16,2021-03-15,2021-03-16,2022-03-15,0,0.5526980216316896,1.0,-0.01222235249475856,-0.01222235249475856,5.0,0.0,-0.01222235249475856,0.0,-0.0,0.0,-0.0,0.5526980216316896,0.35,1.0
2021-09-30,402.3724365234375,6,2010-03-16,2021-03-15,2021-03-16,2022-03-15,1,0.6192078005679547,1.0,0.01188408896817128,0.01188408896817128,5.0,0.0,0.01188408896817128,0.0,0.0,0.0,0.0,0.6192078005679547,0.35,1.0
2021-10-01,407.1542663574219,6,2010-03-16,2021-03-15,2021-03-16,2022-03-15,0,0.5508275297797598,1.0,-0.012896024481564461,-0.012896024481564461,5.0,0.0,-0.012896024481564461,0.0,-0.0,0.0,-0.0,0.5508275297797598,0.35,1.0
2021-10-04,401.9035949707031,6,2010-03-16,2021-03-15,2021-03-16,2022-03-15,1,0.6060190681821872,1.0,0.010404965930189025,0.010404965930189025,5.0,0.0,0.010404965930189025,0.0,0.0,0.0,0.0,0.6060190681821872,0.35,1.0
2021-10-05,406.08538818359375,6,2010-03-16,2021-03-15,2021-03-16,2022-03-15,1,0.5335261441438064,1.0,0.004156131172742272,0.004156131172742272,5.0,0.0,0.004156131172742272,0.0,0.0,0.0,0.0,0.5335261441438064,0.35,1.0
2021-10-06,407.77313232421875,6,2010-03-16,2021-03-15,2021-03-16,2022-03-15,1,0.5808113834176756,1.0,0.008645545434746937,0.008645545434746937,5.0,0.0,0.008645545434746937,0.0,0.0,0.0,0.0,0.5808113834176756,0.35,1.0
2021-10-07,411.2985534667969,6,2010-03-16,2021-03-15,2021-03-16,2022-03-15,0,0.5506185314331855,1.0,-0.0018237155137355021,-0.0018237155137355021,5.0,0.0,-0.0018237155137355021,0.0,-0.0,0.0,-0.0,0.5506185314331855,0.35,1.0
2021-10-08,410.5484619140625,6,2010-03-16,2021-03-15,2021-03-16,2022-03-15,0,0.6011809449262593,1.0,-0.007239728795053968,-0.007239728795053968,5.0,0.0,-0.007239728795053968,0.0,-0.0,0.0,-0.0,0.6011809449262593,0.35,1.0
2021-10-11,407.5762023925781,6,2010-03-16,2021-03-15,2021-03-16,2022-03-15,0,0.5813464025279481,1.0,-0.002461540627175851,-0.002461540627175851,5.0,0.0,-0.002461540627175851,0.0,-0.0,0.0,-0.0,0.5813464025279481,0.35,1.0
2021-10-12,406.57293701171875,6,2010-03-16,2021-03-15,2021-03-16,2022-03-15,1,0.57615209623132,1.0,0.003597575905331274,0.003597575905331274,5.0,0.0,0.003597575905331274,0.0,0.0,0.0,0.0,0.57615209623132,0.35,1.0
2021-10-13,408.0356140136719,6,2010-03-16,2021-03-15,2021-03-16,2022-03-15,1,0.5881638372563069,1.0,0.016820673495575367,0.016820673495575367,5.0,0.0,0.016820673495575367,0.0,0.0,0.0,0.0,0.5881638372563069,0.35,1.0
2021-10-14,414.8990478515625,6,2010-03-16,2021-03-15,2021-03-16,2022-03-15,1,0.564442745563198,1.0,0.007615951616618988,0.007615951616618988,5.0,0.0,0.007615951616618988,1.0,0.007615951616618988,0.0005,0.007115951616618987,0.564442745563198,0.35,1.0
2021-10-15,418.05889892578125,6,2010-03-16,2021-03-15,2021-03-16,2022-03-15,1,0.5893840411763348,1.0,0.0029605180074332438,0.0029605180074332438,5.0,0.0,0.0029605180074332438,1.0,0.0029605180074332438,0.0,0.0029605180074332438,0.5893840411763348,0.65,1.0
2021-10-18,419.29656982421875,6,2010-03-16,2021-03-15,2021-03-16,2022-03-15,1,0.532046706123824,1.0,0.0077146856037806355,0.0077146856037806355,5.0,0.0,0.0077146856037806355,1.0,0.0077146856037806355,0.0,0.0077146856037806355,0.532046706123824,0.65,1.0
2021-10-19,422.53131103515625,6,2010-03-16,2021-03-15,2021-03-16,2022-03-15,1,0.5135346409970082,1.0,0.0039277004394060455,0.0039277004394060455,5.0,0.0,0.0039277004394060455,1.0,0.0039277004394060455,0.0,0.0039277004394060455,0.5135346409970082,0.65,1.0
2021-10-20,424.1908874511719,6,2010-03-16,2021-03-15,2021-03-16,2022-03-15,1,0.521032405878039,1.0,0.0026082226423855825,0.0026082226423855825,5.0,0.0,0.0026082226423855825,1.0,0.0026082226423855825,0.0,0.0026082226423855825,0.521032405878039,0.65,1.0
2021-10-21,425.2972717285156,6,2010-03-16,2021-03-15,2021-03-16,2022-03-15,0,0.5653687099647502,1.0,-0.0010361548437261003,-0.0010361548437261003,5.0,0.0,-0.0010361548437261003,1.0,-0.0010361548437261003,0.0,-0.0010361548437261003,0.5653687099647502,0.65,1.0
2021-10-22,424.8565979003906,6,2010-03-16,2021-03-15,2021-03-16,2022-03-15,1,0.5652148656301057,1.0,0.005362778585749073,0.005362778585749073,5.0,0.0,0.005362778585749073,1.0,0.005362778585749073,0.0,0.005362778585749073,0.5652148656301057,0.65,1.0
2021-10-25,427.135009765625,6,2010-03-16,2021-03-15,2021-03-16,2022-03-15,1,0.5234617232901596,1.0,0.0009001626137081775,0.0009001626137081775,5.0,0.0,0.0009001626137081775,1.0,0.0009001626137081775,0.0,0.0009001626137081775,0.5234617232901596,0.65,1.0
2021-10-26,427.5195007324219,6,2010-03-16,2021-03-15,2021-03-16,2022-03-15,0,0.5428764519678082,1.0,-0.004430165010833376,-0.004430165010833376,5.0,0.0,-0.004430165010833376,1.0,-0.004430165010833376,0.0,-0.004430165010833376,0.5428764519678082,0.65,1.0
2021-10-27,425.6255187988281,6,2010-03-16,2021-03-15,2021-03-16,2022-03-15,1,0.5544245350621453,1.0,0.009648741221792934,0.009648741221792934,5.0,0.0,0.009648741221792934,1.0,0.009648741221792934,0.0,0.009648741221792934,0.5544245350621453,0.65,1.0
2021-10-28,429.7322692871094,6,2010-03-16,2021-03-15,2021-03-16,2022-03-15,1,0.508416152091485,1.0,0.0020291209715579406,0.0020291209715579406,5.0,0.0,0.0020291209715579406,1.0,0.0020291209715579406,0.0,0.0020291209715579406,0.508416152091485,0.65,1.0
2021-10-29,430.604248046875,6,2010-03-16,2021-03-15,2021-03-16,2022-03-15,1,0.5199498542393357,1.0,0.0017203353073413918,0.0017203353073413918,5.0,0.0,0.0017203353073413918,1.0,0.0017203353073413918,0.0,0.0017203353073413918,0.5199498542393357,0.65,1.0
2021-11-01,431.34503173828125,6,2010-03-16,2021-03-15,2021-03-16,2022-03-15,1,0.5022968874666405,1.0,0.004042927021431719,0.004042927021431719,5.0,0.0,0.004042927021431719,1.0,0.004042927021431719,0.0,0.004042927021431719,0.5022968874666405,0.65,1.0
2021-11-02,433.08892822265625,6,2010-03-16,2021-03-15,2021-03-16,2022-03-15,1,0.509982803031489,1.0,0.006105433282471706,0.006105433282471706,5.0,0.0,0.006105433282471706,1.0,0.006105433282471706,0.0,0.006105433282471706,0.509982803031489,0.65,1.0
2021-11-03,435.7331237792969,6,2010-03-16,2021-03-15,2021-03-16,2022-03-15,1,0.49320404342661045,1.0,0.004712390714648906,0.004712390714648906,5.0,0.0,0.004712390714648906,1.0,0.004712390714648906,0.0,0.004712390714648906,0.49320404342661045,0.65,1.0
2021-11-04,437.7864685058594,6,2010-03-16,2021-03-15,2021-03-16,2022-03-15,1,0.5138723171481813,1.0,0.0034696868059398422,0.0034696868059398422,5.0,0.0,0.0034696868059398422,1.0,0.0034696868059398422,0.0,0.0034696868059398422,0.5138723171481813,0.65,1.0
2021-11-05,439.3054504394531,6,2010-03-16,2021-03-15,2021-03-16,2022-03-15,1,0.5025969585302452,1.0,0.000853550717494489,0.000853550717494489,5.0,0.0,0.000853550717494489,1.0,0.000853550717494489,0.0,0.000853550717494489,0.5025969585302452,0.65,1.0
2021-11-08,439.680419921875,6,2010-03-16,2021-03-15,2021-03-16,2022-03-15,0,0.49888119166483813,1.0,-0.0033053043120474523,-0.0033053043120474523,5.0,0.0,-0.0033053043120474523,1.0,-0.0033053043120474523,0.0,-0.0033053043120474523,0.49888119166483813,0.65,1.0
2021-11-09,438.2271423339844,6,2010-03-16,2021-03-15,2021-03-16,2022-03-15,0,0.5183377686400481,1.0,-0.0080448044394964,-0.0080448044394964,5.0,0.0,-0.0080448044394964,1.0,-0.0080448044394964,0.0,-0.0080448044394964,0.5183377686400481,0.65,1.0
2021-11-10,434.7016906738281,6,2010-03-16,2021-03-15,2021-03-16,2022-03-15,1,0.5334385428339645,1.0,0.0003235679101227795,0.0003235679101227795,5.0,0.0,0.0003235679101227795,1.0,0.0003235679101227795,0.0,0.0003235679101227795,0.5334385428339645,0.65,1.0
2021-11-11,434.84234619140625,6,2010-03-16,2021-03-15,2021-03-16,2022-03-15,1,0.5300779815678468,1.0,0.007546890942004447,0.007546890942004447,5.0,0.0,0.007546890942004447,1.0,0.007546890942004447,0.0,0.007546890942004447,0.5300779815678468,0.65,1.0
2021-11-12,438.1240539550781,6,2010-03-16,2021-03-15,2021-03-16,2022-03-15,1,0.5488732529899808,1.0,0.0003424245090133393,0.0003424245090133393,5.0,0.0,0.0003424245090133393,1.0,0.0003424245090133393,0.0,0.0003424245090133393,0.5488732529899808,0.65,1.0
2021-11-15,438.2740783691406,6,2010-03-16,2021-03-15,2021-03-16,2022-03-15,1,0.5505205690751455,1.0,0.003957562529745662,0.003957562529745662,5.0,0.0,0.003957562529745662,1.0,0.003957562529745662,0.0,0.003957562529745662,0.5505205690751455,0.65,1.0
2021-11-16,440.0085754394531,6,2010-03-16,2021-03-15,2021-03-16,2022-03-15,0,0.5299555608094125,1.0,-0.00242901316190558,-0.00242901316190558,5.0,0.0,-0.00242901316190558,1.0,-0.00242901316190558,0.0,-0.00242901316190558,0.5299555608094125,0.65,1.0
2021-11-17,438.9397888183594,6,2010-03-16,2021-03-15,2021-03-16,2022-03-15,1,0.5410757045078419,1.0,0.0033962589216194328,0.0033962589216194328,5.0,0.0,0.0033962589216194328,1.0,0.0033962589216194328,0.0,0.0033962589216194328,0.5410757045078419,0.65,1.0
2021-11-18,440.4305419921875,6,2010-03-16,2021-03-15,2021-03-16,2022-03-15,0,0.5281968335502261,1.0,-0.001788175577264628,-0.001788175577264628,5.0,0.0,-0.001788175577264628,1.0,-0.001788175577264628,0.0,-0.001788175577264628,0.5281968335502261,0.65,1.0
2021-11-19,439.6429748535156,6,2010-03-16,2021-03-15,2021-03-16,2022-03-15,0,0.554687269364576,1.0,-0.002815242109641347,-0.002815242109641347,5.0,0.0,-0.002815242109641347,1.0,-0.002815242109641347,0.0,-0.002815242109641347,0.554687269364576,0.65,1.0
2021-11-22,438.4052734375,6,2010-03-16,2021-03-15,2021-03-16,2022-03-15,1,0.5549701849434122,1.0,0.0013261482379094414,0.0013261482379094414,5.0,0.0,0.0013261482379094414,1.0,0.0013261482379094414,0.0,0.0013261482379094414,0.5549701849434122,0.65,1.0
2021-11-23,438.9866638183594,6,2010-03-16,2021-03-15,2021-03-16,2022-03-15,1,0.5458902580019874,1.0,0.002669708784637015,0.002669708784637015,5.0,0.0,0.002669708784637015,1.0,0.002669708784637015,0.0,0.002669708784637015,0.5458902580019874,0.65,1.0
2021-11-24,440.15863037109375,6,2010-03-16,2021-03-15,2021-03-16,2022-03-15,0,0.5351034166123355,1.0,-0.02230301381434996,-0.02230301381434996,5.0,0.0,-0.02230301381434996,1.0,-0.02230301381434996,0.0,-0.02230301381434996,0.5351034166123355,0.65,1.0
2021-11-26,430.3417663574219,6,2010-03-16,2021-03-15,2021-03-16,2022-03-15,1,0.6215478008320524,1.0,0.012266549534412752,0.012266549534412752,5.0,0.0,0.012266549534412752,1.0,0.012266549534412752,0.0,0.012266549534412752,0.6215478008320524,0.65,1.0
2021-11-29,435.6205749511719,6,2010-03-16,2021-03-15,2021-03-16,2022-03-15,0,0.5176318241189655,1.0,-0.019457750107447436,-0.019457750107447436,5.0,0.0,-0.019457750107447436,1.0,-0.019457750107447436,0.0,-0.019457750107447436,0.5176318241189655,0.65,1.0
2021-11-30,427.1443786621094,6,2010-03-16,2021-03-15,2021-03-16,2022-03-15,0,0.5823455856691093,1.0,-0.011107001402548167,-0.011107001402548167,5.0,0.0,-0.011107001402548167,1.0,-0.011107001402548167,0.0,-0.011107001402548167,0.5823455856691093,0.35,1.0
2021-12-01,422.40008544921875,6,2010-03-16,2021-03-15,2021-03-16,2022-03-15,1,0.5519076789766848,1.0,0.015316150919219007,0.015316150919219007,5.0,0.0,0.015316150919219007,0.0,0.0,0.0005,-0.0005,0.5519076789766848,0.35,1.0
2021-12-02,428.86962890625,6,2010-03-16,2021-03-15,2021-03-16,2022-03-15,0,0.5190464156406756,1.0,-0.008701149916033324,-0.008701149916033324,5.0,0.0,-0.008701149916033324,1.0,-0.008701149916033324,0.0005,-0.009201149916033324,0.5190464156406756,0.35,1.0
2021-12-03,425.1379699707031,6,2010-03-16,2021-03-15,2021-03-16,2022-03-15,1,0.5639835775810024,1.0,0.011843222712984991,0.011843222712984991,5.0,0.0,0.011843222712984991,1.0,0.011843222712984991,0.0,0.011843222712984991,0.5639835775810024,0.35,1.0
2021-12-06,430.1729736328125,6,2010-03-16,2021-03-15,2021-03-16,2022-03-15,1,0.5656364456243104,1.0,0.02068493920363279,0.02068493920363279,5.0,0.0,0.02068493920363279,1.0,0.02068493920363279,0.0,0.02068493920363279,0.5656364456243104,0.35,1.0
2021-12-07,439.0710754394531,6,2010-03-16,2021-03-15,2021-03-16,2022-03-15,1,0.5337365749875352,1.0,0.0026478575367014923,0.0026478575367014923,5.0,0.0,0.0026478575367014923,1.0,0.0026478575367014923,0.0,0.0026478575367014923,0.5337365749875352,0.35,1.0
2021-12-08,440.2336730957031,6,2010-03-16,2021-03-15,2021-03-16,2022-03-15,0,0.5650456030514165,1.0,-0.006751549695377834,-0.006751549695377834,5.0,0.0,-0.006751549695377834,1.0,-0.006751549695377834,0.0,-0.006751549695377834,0.5650456030514165,0.65,1.0
2021-12-09,437.26141357421875,6,2010-03-16,2021-03-15,2021-03-16,2022-03-15,1,0.6203909404192337,1.0,0.009413406390287316,0.009413406390287316,5.0,0.0,0.009413406390287316,1.0,0.009413406390287316,0.0,0.009413406390287316,0.6203909404192337,0.65,1.0
2021-12-10,441.3775329589844,6,2010-03-16,2021-03-15,2021-03-16,2022-03-15,0,0.5308968761261608,1.0,-0.008858292011392654,-0.008858292011392654,5.0,0.0,-0.008858292011392654,1.0,-0.008858292011392654,0.0,-0.008858292011392654,0.5308968761261608,0.65,1.0
2021-12-13,437.4676818847656,6,2010-03-16,2021-03-15,2021-03-16,2022-03-15,0,0.5944824168118236,1.0,-0.006880042268747388,-0.006880042268747388,5.0,0.0,-0.006880042268747388,1.0,-0.006880042268747388,0.0,-0.006880042268747388,0.5944824168118236,0.35,1.0
2021-12-14,434.4578857421875,6,2010-03-16,2021-03-15,2021-03-16,2022-03-15,1,0.5929214523835314,1.0,0.015625179997409422,0.015625179997409422,5.0,0.0,0.015625179997409422,1.0,0.015625179997409422,0.0,0.015625179997409422,0.5929214523835314,0.35,1.0
2021-12-15,441.2463684082031,6,2010-03-16,2021-03-15,2021-03-16,2022-03-15,0,0.5309047984906918,1.0,-0.008818597942105821,-0.008818597942105821,5.0,0.0,-0.008818597942105821,1.0,-0.008818597942105821,0.0,-0.008818597942105821,0.5309047984906918,0.65,1.0
2021-12-16,437.3551940917969,6,2010-03-16,2021-03-15,2021-03-16,2022-03-15,0,0.5688846201828522,1.0,-0.01064296183411706,-0.01064296183411706,5.0,0.0,-0.01064296183411706,1.0,-0.01064296183411706,0.0,-0.01064296183411706,0.5688846201828522,0.35,1.0
2021-12-17,432.700439453125,6,2010-03-16,2021-03-15,2021-03-16,2022-03-15,0,0.5817232162610105,1.0,-0.0106333233841569,-0.0106333233841569,5.0,0.0,-0.0106333233841569,1.0,-0.0106333233841569,0.0,-0.0106333233841569,0.5817232162610105,0.35,1.0
2021-12-20,428.0993957519531,6,2010-03-16,2021-03-15,2021-03-16,2022-03-15,1,0.5606760870807129,1.0,0.017758888836374664,0.017758888836374664,5.0,0.0,0.017758888836374664,0.0,0.0,0.0005,-0.0005,0.5606760870807129,0.35,1.0
2021-12-21,435.70196533203125,6,2010-03-16,2021-03-15,2021-03-16,2022-03-15,1,0.508873087169119,1.0,0.009998751845790244,0.009998751845790244,5.0,0.0,0.009998751845790244,1.0,0.009998751845790244,0.0005,0.009498751845790243,0.508873087169119,0.35,1.0
2021-12-22,440.0584411621094,6,2010-03-16,2021-03-15,2021-03-16,2022-03-15,1,0.6017162682100183,1.0,0.006221985203020752,0.006221985203020752,5.0,0.0,0.006221985203020752,1.0,0.006221985203020752,0.0,0.006221985203020752,0.6017162682100183,0.65,1.0
2021-12-23,442.7964782714844,6,2010-03-16,2021-03-15,2021-03-16,2022-03-15,1,0.588324951156128,1.0,0.014152191435230055,0.014152191435230055,5.0,0.0,0.014152191435230055,1.0,0.014152191435230055,0.0,0.014152191435230055,0.588324951156128,0.65,1.0
2021-12-27,449.0630187988281,6,2010-03-16,2021-03-15,2021-03-16,2022-03-15,0,0.5535083212850819,1.0,-0.0008170631435612252,-0.0008170631435612252,5.0,0.0,-0.0008170631435612252,1.0,-0.0008170631435612252,0.0,-0.0008170631435612252,0.5535083212850819,0.65,1.0
2021-12-28,448.69610595703125,6,2010-03-16,2021-03-15,2021-03-16,2022-03-15,1,0.5618390090259713,1.0,0.0012791376706349222,0.0012791376706349222,5.0,0.0,0.0012791376706349222,1.0,0.0012791376706349222,0.0,0.0012791376706349222,0.5618390090259713,0.65,1.0
2021-12-29,449.2700500488281,6,2010-03-16,2021-03-15,2021-03-16,2022-03-15,0,0.5713700476852054,1.0,-0.002764494081891833,-0.002764494081891833,5.0,0.0,-0.002764494081891833,1.0,-0.002764494081891833,0.0,-0.002764494081891833,0.5713700476852054,0.65,1.0
2021-12-30,448.0280456542969,6,2010-03-16,2021-03-15,2021-03-16,2022-03-15,0,0.5774501134201199,1.0,-0.0025201309748809075,-0.0025201309748809075,5.0,0.0,-0.0025201309748809075,1.0,-0.0025201309748809075,0.0,-0.0025201309748809075,0.5774501134201199,0.65,1.0
2021-12-31,446.8989562988281,6,2010-03-16,2021-03-15,2021-03-16,2022-03-15,1,0.5766714722189612,1.0,0.005789885744897916,0.005789885744897916,5.0,0.0,0.005789885744897916,1.0,0.005789885744897916,0.0,0.005789885744897916,0.5766714722189612,0.65,1.0
2022-01-03,449.4864501953125,6,2010-03-16,2021-03-15,2021-03-16,2022-03-15,0,0.5401456736309772,1.0,-0.00033499058848895924,-0.00033499058848895924,5.0,0.0,-0.00033499058848895924,1.0,-0.00033499058848895924,0.0,-0.00033499058848895924,0.5401456736309772,0.65,1.0
2022-01-04,449.33587646484375,6,2010-03-16,2021-03-15,2021-03-16,2022-03-15,0,0.5228370943624496,1.0,-0.019202262344913068,-0.019202262344913068,5.0,0.0,-0.019202262344913068,1.0,-0.019202262344913068,0.0,-0.019202262344913068,0.5228370943624496,0.65,1.0
2022-01-05,440.7076110839844,6,2010-03-16,2021-03-15,2021-03-16,2022-03-15,0,0.5994989064545836,1.0,-0.0009392631742151103,-0.0009392631742151103,5.0,0.0,-0.0009392631742151103,1.0,-0.0009392631742151103,0.0,-0.0009392631742151103,0.5994989064545836,0.65,1.0
2022-01-06,440.2936706542969,6,2010-03-16,2021-03-15,2021-03-16,2022-03-15,0,0.5326429596573545,1.0,-0.003953410501011834,-0.003953410501011834,5.0,0.0,-0.003953410501011834,1.0,-0.003953410501011834,0.0,-0.003953410501011834,0.5326429596573545,0.65,1.0
2022-01-07,438.5530090332031,6,2010-03-16,2021-03-15,2021-03-16,2022-03-15,0,0.5395230477332472,1.0,-0.0012444239085543929,-0.0012444239085543929,5.0,0.0,-0.0012444239085543929,1.0,-0.0012444239085543929,0.0,-0.0012444239085543929,0.5395230477332472,0.65,1.0
2022-01-10,438.00726318359375,6,2010-03-16,2021-03-15,2021-03-16,2022-03-15,1,0.5423421466959365,1.0,0.009108161561002692,0.009108161561002692,5.0,0.0,0.009108161561002692,1.0,0.009108161561002692,0.0,0.009108161561002692,0.5423421466959365,0.35,1.0
2022-01-11,441.9967041015625,6,2010-03-16,2021-03-15,2021-03-16,2022-03-15,1,0.5401419671389026,1.0,0.002703518551097517,0.002703518551097517,5.0,0.0,0.002703518551097517,1.0,0.002703518551097517,0.0,0.002703518551097517,0.5401419671389026,0.65,1.0
2022-01-12,443.191650390625,6,2010-03-16,2021-03-15,2021-03-16,2022-03-15,0,0.5445999050078542,1.0,-0.013778477871309258,-0.013778477871309258,5.0,0.0,-0.013778477871309258,1.0,-0.013778477871309258,0.0,-0.013778477871309258,0.5445999050078542,0.65,1.0
2022-01-13,437.08514404296875,6,2010-03-16,2021-03-15,2021-03-16,2022-03-15,1,0.601514866332662,1.0,0.00040900949184097257,0.00040900949184097257,5.0,0.0,0.00040900949184097257,0.0,0.0,0.0005,-0.0005,0.601514866332662,0.35,1.0
2022-01-14,437.263916015625,6,2010-03-16,2021-03-15,2021-03-16,2022-03-15,0,0.5602031875594937,1.0,-0.017709682066159638,-0.017709682066159638,5.0,0.0,-0.017709682066159638,0.0,-0.0,0.0,-0.0,0.5602031875594937,0.35,1.0
2022-01-18,429.5201110839844,6,2010-03-16,2021-03-15,2021-03-16,2022-03-15,0,0.5943253988609416,1.0,-0.010383235230485788,-0.010383235230485788,5.0,0.0,-0.010383235230485788,0.0,-0.0,0.0,-0.0,0.5943253988609416,0.35,1.0
2022-01-19,425.060302734375,6,2010-03-16,2021-03-15,2021-03-16,2022-03-15,0,0.5849641350349851,1.0,-0.011068268116828595,-0.011068268116828595,5.0,0.0,-0.011068268116828595,0.0,-0.0,0.0,-0.0,0.5849641350349851,0.35,1.0
2022-01-20,420.3556213378906,6,2010-03-16,2021-03-15,2021-03-16,2022-03-15,0,0.5875942340871052,1.0,-0.01963081302721248,-0.01963081302721248,5.0,0.0,-0.01963081302721248,0.0,-0.0,0.0,-0.0,0.5875942340871052,0.35,1.0
2022-01-21,412.10369873046875,6,2010-03-16,2021-03-15,2021-03-16,2022-03-15,1,0.5678752023475997,1.0,0.004246874253451605,0.004246874253451605,5.0,0.0,0.004246874253451605,0.0,0.0,0.0,0.0,0.5678752023475997,0.35,1.0
2022-01-24,413.8538513183594,6,2010-03-16,2021-03-15,2021-03-16,2022-03-15,0,0.507224495112896,1.0,-0.012209056111190497,-0.012209056111190497,5.0,0.0,-0.012209056111190497,0.0,-0.0,0.0,-0.0,0.507224495112896,0.35,1.0
2022-01-25,408.80108642578125,6,2010-03-16,2021-03-15,2021-03-16,2022-03-15,0,0.5822671288532953,1.0,-0.0025088099863282975,-0.0025088099863282975,5.0,0.0,-0.0025088099863282975,0.0,-0.0,0.0,-0.0,0.5822671288532953,0.35,1.0
2022-01-26,407.7754821777344,6,2010-03-16,2021-03-15,2021-03-16,2022-03-15,0,0.573563782722481,1.0,-0.00493796319364781,-0.00493796319364781,5.0,0.0,-0.00493796319364781,0.0,-0.0,0.0,-0.0,0.573563782722481,0.35,1.0
2022-01-27,405.76190185546875,6,2010-03-16,2021-03-15,2021-03-16,2022-03-15,1,0.5968359600068862,1.0,0.024835653654187606,0.024835653654187606,5.0,0.0,0.024835653654187606,0.0,0.0,0.0,0.0,0.5968359600068862,0.35,1.0
2022-01-28,415.8392639160156,6,2010-03-16,2021-03-15,2021-03-16,2022-03-15,1,0.49730860341445277,1.0,0.018010936414432077,0.018010936414432077,5.0,0.0,0.018010936414432077,0.0,0.0,0.0,0.0,0.49730860341445277,0.35,1.0
2022-01-31,423.32891845703125,6,2010-03-16,2021-03-15,2021-03-16,2022-03-15,1,0.5505988745165193,1.0,0.006756878529593058,0.006756878529593058,5.0,0.0,0.006756878529593058,0.0,0.0,0.0,0.0,0.5505988745165193,0.35,1.0
2022-02-01,426.1893005371094,6,2010-03-16,2021-03-15,2021-03-16,2022-03-15,1,0.5651336705798612,1.0,0.009714099253073982,0.009714099253073982,5.0,0.0,0.009714099253073982,0.0,0.0,0.0,0.0,0.5651336705798612,0.35,1.0
2022-02-02,430.329345703125,6,2010-03-16,2021-03-15,2021-03-16,2022-03-15,0,0.5531434607974048,1.0,-0.02350487538784396,-0.02350487538784396,5.0,0.0,-0.02350487538784396,0.0,-0.0,0.0,-0.0,0.5531434607974048,0.35,1.0
2022-02-03,420.2145080566406,6,2010-03-16,2021-03-15,2021-03-16,2022-03-15,1,0.5942269963617112,1.0,0.00470210113025149,0.00470210113025149,5.0,0.0,0.00470210113025149,0.0,0.0,0.0,0.0,0.5942269963617112,0.35,1.0
2022-02-04,422.1903991699219,6,2010-03-16,2021-03-15,2021-03-16,2022-03-15,0,0.5459735590779018,1.0,-0.0032093338783540926,-0.0032093338783540926,5.0,0.0,-0.0032093338783540926,0.0,-0.0,0.0,-0.0,0.5459735590779018,0.35,1.0
2022-02-07,420.83544921875,6,2010-03-16,2021-03-15,2021-03-16,2022-03-15,1,0.6061383384451462,1.0,0.008228029484690813,0.008228029484690813,5.0,0.0,0.008228029484690813,0.0,0.0,0.0,0.0,0.6061383384451462,0.35,1.0
2022-02-08,424.298095703125,6,2010-03-16,2021-03-15,2021-03-16,2022-03-15,1,0.58552748515248,1.0,0.014635988319403825,0.014635988319403825,5.0,0.0,0.014635988319403825,0.0,0.0,0.0,0.0,0.58552748515248,0.35,1.0
2022-02-09,430.50811767578125,6,2010-03-16,2021-03-15,2021-03-16,2022-03-15,0,0.5962318075020857,1.0,-0.0179656182191823,-0.0179656182191823,5.0,0.0,-0.0179656182191823,0.0,-0.0,0.0,-0.0,0.5962318075020857,0.35,1.0
2022-02-10,422.7737731933594,6,2010-03-16,2021-03-15,2021-03-16,2022-03-15,0,0.6052984322483971,1.0,-0.019718696807026648,-0.019718696807026648,5.0,0.0,-0.019718696807026648,0.0,-0.0,0.0,-0.0,0.6052984322483971,0.35,1.0
2022-02-11,414.4372253417969,6,2010-03-16,2021-03-15,2021-03-16,2022-03-15,0,0.603477683225641,1.0,-0.0032692995482640486,-0.0032692995482640486,5.0,0.0,-0.0032692995482640486,0.0,-0.0,0.0,-0.0,0.603477683225641,0.35,1.0
2022-02-14,413.0823059082031,6,2010-03-16,2021-03-15,2021-03-16,2022-03-15,1,0.5668977467541327,1.0,0.01612669319418525,0.01612669319418525,5.0,0.0,0.01612669319418525,0.0,0.0,0.0,0.0,0.5668977467541327,0.35,1.0
2022-02-15,419.74395751953125,6,2010-03-16,2021-03-15,2021-03-16,2022-03-15,1,0.5659428171735252,1.0,0.0011210418367666453,0.0011210418367666453,5.0,0.0,0.0011210418367666453,0.0,0.0,0.0,0.0,0.5659428171735252,0.35,1.0
2022-02-16,420.2145080566406,6,2010-03-16,2021-03-15,2021-03-16,2022-03-15,0,0.6525777838827821,1.0,-0.02136149452245817,-0.02136149452245817,5.0,0.0,-0.02136149452245817,0.0,-0.0,0.0,-0.0,0.6525777838827821,0.35,1.0
2022-02-17,411.23809814453125,6,2010-03-16,2021-03-15,2021-03-16,2022-03-15,0,0.6497173753967455,1.0,-0.006475182646961675,-0.006475182646961675,5.0,0.0,-0.006475182646961675,0.0,-0.0,0.0,-0.0,0.6497173753967455,0.35,1.0
2022-02-18,408.57525634765625,6,2010-03-16,2021-03-15,2021-03-16,2022-03-15,0,0.5665024442389944,1.0,-0.010731619216154176,-0.010731619216154176,5.0,0.0,-0.010731619216154176,0.0,-0.0,0.0,-0.0,0.5665024442389944,0.35,1.0
2022-02-22,404.1905822753906,6,2010-03-16,2021-03-15,2021-03-16,2022-03-15,0,0.5660997369638201,1.0,-0.017738661213542173,-0.017738661213542173,5.0,0.0,-0.017738661213542173,0.0,-0.0,0.0,-0.0,0.5660997369638201,0.35,1.0
2022-02-23,397.0207824707031,6,2010-03-16,2021-03-15,2021-03-16,2022-03-15,1,0.6249288946139431,1.0,0.01504945164627558,0.01504945164627558,5.0,0.0,0.01504945164627558,0.0,0.0,0.0,0.0,0.6249288946139431,0.35,1.0
2022-02-24,402.9957275390625,6,2010-03-16,2021-03-15,2021-03-16,2022-03-15,1,0.5410131866513553,1.0,0.022063609908821835,0.022063609908821835,5.0,0.0,0.022063609908821835,0.0,0.0,0.0,0.0,0.5410131866513553,0.35,1.0
2022-02-25,411.88726806640625,6,2010-03-16,2021-03-15,2021-03-16,2022-03-15,0,0.4900942260337904,1.0,-0.0025583989949559127,-0.0025583989949559127,5.0,0.0,-0.0025583989949559127,0.0,-0.0,0.0,-0.0,0.4900942260337904,0.65,1.0
2022-02-28,410.83349609375,6,2010-03-16,2021-03-15,2021-03-16,2022-03-15,0,0.5514738459659422,1.0,-0.01523028344863897,-0.01523028344863897,5.0,0.0,-0.01523028344863897,0.0,-0.0,0.0,-0.0,0.5514738459659422,0.35,1.0
2022-03-01,404.5763854980469,6,2010-03-16,2021-03-15,2021-03-16,2022-03-15,1,0.5614805103649944,1.0,0.01839632458206175,0.01839632458206175,5.0,0.0,0.01839632458206175,0.0,0.0,0.0,0.0,0.5614805103649944,0.35,1.0
2022-03-02,412.01910400390625,6,2010-03-16,2021-03-15,2021-03-16,2022-03-15,0,0.47257513234352616,1.0,-0.004978504622087709,-0.004978504622087709,5.0,0.0,-0.004978504622087709,0.0,-0.0,0.0,-0.0,0.47257513234352616,0.35,1.0
2022-03-03,409.9678649902344,6,2010-03-16,2021-03-15,2021-03-16,2022-03-15,0,0.5805571087358863,1.0,-0.008124639389803123,-0.008124639389803123,5.0,0.0,-0.008124639389803123,0.0,-0.0,0.0,-0.0,0.5805571087358863,0.35,1.0
2022-03-04,406.63702392578125,6,2010-03-16,2021-03-15,2021-03-16,2022-03-15,0,0.5944080554115132,1.0,-0.029479202580594444,-0.029479202580594444,5.0,0.0,-0.029479202580594444,0.0,-0.0,0.0,-0.0,0.5944080554115132,0.35,1.0
2022-03-07,394.6496887207031,6,2010-03-16,2021-03-15,2021-03-16,2022-03-15,0,0.6263492495696206,1.0,-0.007581727669779825,-0.007581727669779825,5.0,0.0,-0.007581727669779825,0.0,-0.0,0.0,-0.0,0.6263492495696206,0.35,1.0
2022-03-08,391.6575622558594,6,2010-03-16,2021-03-15,2021-03-16,2022-03-15,1,0.5364405309058746,1.0,0.026810848043472557,0.026810848043472557,5.0,0.0,0.026810848043472557,0.0,0.0,0.0,0.0,0.5364405309058746,0.35,1.0
2022-03-09,402.1582336425781,6,2010-03-16,2021-03-15,2021-03-16,2022-03-15,0,0.5089033293872208,1.0,-0.004515583300279347,-0.004515583300279347,5.0,0.0,-0.004515583300279347,0.0,-0.0,0.0,-0.0,0.5089033293872208,0.35,1.0
2022-03-10,400.3422546386719,6,2010-03-16,2021-03-15,2021-03-16,2022-03-15,0,0.6285285005310693,1.0,-0.012715179387143949,-0.012715179387143949,5.0,0.0,-0.012715179387143949,0.0,-0.0,0.0,-0.0,0.6285285005310693,0.35,1.0
2022-03-11,395.2518310546875,6,2010-03-16,2021-03-15,2021-03-16,2022-03-15,0,0.6467124276626136,1.0,-0.007308202253124896,-0.007308202253124896,5.0,0.0,-0.007308202253124896,0.0,-0.0,0.0,-0.0,0.6467124276626136,0.35,1.0
2022-03-14,392.3632507324219,6,2010-03-16,2021-03-15,2021-03-16,2022-03-15,1,0.5650745981197375,1.0,0.021990425574196726,0.021990425574196726,5.0,0.0,0.021990425574196726,0.0,0.0,0.0,0.0,0.5650745981197375,0.35,1.0
2022-03-15,400.9914855957031,6,2010-03-16,2021-03-15,2021-03-16,2022-03-15,1,0.468881362307737,1.0,0.022174193011722076,0.022174193011722076,5.0,0.0,0.022174193011722076,0.0,0.0,0.0,0.0,0.468881362307737,0.35,1.0
2022-03-16,409.8831481933594,7,2010-03-16,2022-03-15,2022-03-16,2023-03-15,1,0.574934857281721,1.0,0.012510934550095998,0.012510934550095998,5.0,0.0,0.012510934550095998,0.0,0.0,0.0,0.0,0.574934857281721,0.35,1.0
2022-03-17,415.01116943359375,7,2010-03-16,2022-03-15,2022-03-16,2023-03-15,1,0.5938731929710985,1.0,0.01095286845012966,0.01095286845012966,5.0,0.0,0.01095286845012966,0.0,0.0,0.0,0.0,0.5938731929710985,0.35,1.0
2022-03-18,419.5567321777344,7,2010-03-16,2022-03-15,2022-03-16,2023-03-15,0,0.5600000320286113,1.0,-0.00029240542375696954,-0.00029240542375696954,5.0,0.0,-0.00029240542375696954,1.0,-0.00029240542375696954,0.0005,-0.0007924054237569696,0.5600000320286113,0.65,1.0
2022-03-21,419.4340515136719,7,2010-03-16,2022-03-15,2022-03-16,2023-03-15,1,0.5006569329040901,1.0,0.011701238684620252,0.011701238684620252,5.0,0.0,0.011701238684620252,1.0,0.011701238684620252,0.0,0.011701238684620252,0.5006569329040901,0.65,1.0
2022-03-22,424.3419494628906,7,2010-03-16,2022-03-15,2022-03-16,2023-03-15,0,0.5031310242929049,1.0,-0.012878180449004906,-0.012878180449004906,5.0,0.0,-0.012878180449004906,1.0,-0.012878180449004906,0.0,-0.012878180449004906,0.5031310242929049,0.65,1.0
2022-03-23,418.877197265625,7,2010-03-16,2022-03-15,2022-03-16,2023-03-15,1,0.5977616919635836,1.0,0.015074347752344286,0.015074347752344286,5.0,0.0,0.015074347752344286,1.0,0.015074347752344286,0.0,0.015074347752344286,0.5977616919635836,0.65,1.0
2022-03-24,425.1914978027344,7,2010-03-16,2022-03-15,2022-03-16,2023-03-15,1,0.5428357942351609,1.0,0.004883484327309784,0.004883484327309784,5.0,0.0,0.004883484327309784,1.0,0.004883484327309784,0.0,0.004883484327309784,0.5428357942351609,0.65,1.0
2022-03-25,427.2679138183594,7,2010-03-16,2022-03-15,2022-03-16,2023-03-15,1,0.5679932243115959,1.0,0.007112851022251343,0.007112851022251343,5.0,0.0,0.007112851022251343,1.0,0.007112851022251343,0.0,0.007112851022251343,0.5679932243115959,0.65,1.0
2022-03-28,430.3070068359375,7,2010-03-16,2022-03-15,2022-03-16,2023-03-15,1,0.527180862726871,1.0,0.012371084303170798,0.012371084303170798,5.0,0.0,0.012371084303170798,1.0,0.012371084303170798,0.0,0.012371084303170798,0.527180862726871,0.65,1.0
2022-03-29,435.63037109375,7,2010-03-16,2022-03-15,2022-03-16,2023-03-15,0,0.5554688959787865,1.0,-0.0061749653373625035,-0.0061749653373625035,5.0,0.0,-0.0061749653373625035,1.0,-0.0061749653373625035,0.0,-0.0061749653373625035,0.5554688959787865,0.65,1.0
2022-03-30,432.94036865234375,7,2010-03-16,2022-03-15,2022-03-16,2023-03-15,0,0.5675667141154813,1.0,-0.015391225093556615,-0.015391225093556615,5.0,0.0,-0.015391225093556615,1.0,-0.015391225093556615,0.0,-0.015391225093556615,0.5675667141154813,0.65,1.0
2022-03-31,426.2768859863281,7,2010-03-16,2022-03-15,2022-03-16,2023-03-15,1,0.5956327767161078,1.0,0.0028340719493600286,0.0028340719493600286,5.0,0.0,0.0028340719493600286,1.0,0.0028340719493600286,0.0,0.0028340719493600286,0.5956327767161078,0.65,1.0
2022-04-01,427.4849853515625,7,2010-03-16,2022-03-15,2022-03-16,2023-03-15,1,0.5391032169444717,1.0,0.008566709985302401,0.008566709985302401,5.0,0.0,0.008566709985302401,1.0,0.008566709985302401,0.0,0.008566709985302401,0.5391032169444717,0.65,1.0
2022-04-04,431.1471252441406,7,2010-03-16,2022-03-15,2022-03-16,2023-03-15,0,0.5492545276061492,1.0,-0.012631310868782442,-0.012631310868782442,5.0,0.0,-0.012631310868782442,1.0,-0.012631310868782442,0.0,-0.012631310868782442,0.5492545276061492,0.65,1.0
2022-04-05,425.701171875,7,2010-03-16,2022-03-15,2022-03-16,2023-03-15,0,0.6265469271081081,1.0,-0.00999951539050925,-0.00999951539050925,5.0,0.0,-0.00999951539050925,1.0,-0.00999951539050925,0.0,-0.00999951539050925,0.6265469271081081,0.65,1.0
2022-04-06,421.4443664550781,7,2010-03-16,2022-03-15,2022-03-16,2023-03-15,1,0.5871114297306379,1.0,0.005038997779055254,0.005038997779055254,5.0,0.0,0.005038997779055254,1.0,0.005038997779055254,0.0,0.005038997779055254,0.5871114297306379,0.65,1.0
2022-04-07,423.5680236816406,7,2010-03-16,2022-03-15,2022-03-16,2023-03-15,0,0.5242089589929667,1.0,-0.002673948016917338,-0.002673948016917338,5.0,0.0,-0.002673948016917338,1.0,-0.002673948016917338,0.0,-0.002673948016917338,0.5242089589929667,0.65,1.0
2022-04-08,422.4354248046875,7,2010-03-16,2022-03-15,2022-03-16,2023-03-15,0,0.5512339372939671,1.0,-0.017092311688957196,-0.017092311688957196,5.0,0.0,-0.017092311688957196,1.0,-0.017092311688957196,0.0,-0.017092311688957196,0.5512339372939671,0.65,1.0
2022-04-11,415.21502685546875,7,2010-03-16,2022-03-15,2022-03-16,2023-03-15,0,0.5911051907150251,1.0,-0.0037052673109326806,-0.0037052673109326806,5.0,0.0,-0.0037052673109326806,0.0,-0.0,0.0005,-0.0005,0.5911051907150251,0.65,1.0
2022-04-12,413.6765441894531,7,2010-03-16,2022-03-15,2022-03-16,2023-03-15,1,0.54047225416717,1.0,0.011453777706858626,0.011453777706858626,5.0,0.0,0.011453777706858626,0.0,0.0,0.0,0.0,0.54047225416717,0.65,1.0
2022-04-13,418.4147033691406,7,2010-03-16,2022-03-15,2022-03-16,2023-03-15,0,0.5239501698022521,1.0,-0.012452032596937834,-0.012452032596937834,5.0,0.0,-0.012452032596937834,1.0,-0.012452032596937834,0.0005,-0.012952032596937835,0.5239501698022521,0.65,1.0
2022-04-14,413.20458984375,7,2010-03-16,2022-03-15,2022-03-16,2023-03-15,1,0.5874695925079736,1.0,0.0004113771103571029,0.0004113771103571029,5.0,0.0,0.0004113771103571029,0.0,0.0,0.0005,-0.0005,0.5874695925079736,0.35,1.0
2022-04-18,413.37457275390625,7,2010-03-16,2022-03-15,2022-03-16,2023-03-15,1,0.5692278534414033,1.0,0.016142606621348587,0.016142606621348587,5.0,0.0,0.016142606621348587,0.0,0.0,0.0,0.0,0.5692278534414033,0.35,1.0
2022-04-19,420.0475158691406,7,2010-03-16,2022-03-15,2022-03-16,2023-03-15,0,0.5424258843207157,1.0,-0.0007415659137451902,-0.0007415659137451902,5.0,0.0,-0.0007415659137451902,1.0,-0.0007415659137451902,0.0005,-0.0012415659137451902,0.5424258843207157,0.65,1.0
2022-04-20,419.73602294921875,7,2010-03-16,2022-03-15,2022-03-16,2023-03-15,0,0.5664955912087846,1.0,-0.014953565931433266,-0.014953565931433266,5.0,0.0,-0.014953565931433266,1.0,-0.014953565931433266,0.0,-0.014953565931433266,0.5664955912087846,0.35,1.0
2022-04-21,413.45947265625,7,2010-03-16,2022-03-15,2022-03-16,2023-03-15,0,0.5964379256480089,1.0,-0.027438914574882012,-0.027438914574882012,5.0,0.0,-0.027438914574882012,0.0,-0.0,0.0005,-0.0005,0.5964379256480089,0.35,1.0
2022-04-22,402.1145935058594,7,2010-03-16,2022-03-15,2022-03-16,2023-03-15,1,0.588098541135295,1.0,0.005797522269016753,0.005797522269016753,5.0,0.0,0.005797522269016753,0.0,0.0,0.0,0.0,0.588098541135295,0.35,1.0
2022-04-25,404.44586181640625,7,2010-03-16,2022-03-15,2022-03-16,2023-03-15,0,0.5213458920819575,1.0,-0.028961096914618234,-0.028961096914618234,5.0,0.0,-0.028961096914618234,0.0,-0.0,0.0,-0.0,0.5213458920819575,0.35,1.0
2022-04-26,392.732666015625,7,2010-03-16,2022-03-15,2022-03-16,2023-03-15,1,0.6343850317153374,1.0,0.002812014921986572,0.002812014921986572,5.0,0.0,0.002812014921986572,0.0,0.0,0.0,0.0,0.6343850317153374,0.35,1.0
2022-04-27,393.8370361328125,7,2010-03-16,2022-03-15,2022-03-16,2023-03-15,1,0.591721583458498,1.0,0.025259560991137464,0.025259560991137464,5.0,0.0,0.025259560991137464,0.0,0.0,0.0,0.0,0.591721583458498,0.35,1.0
2022-04-28,403.7851867675781,7,2010-03-16,2022-03-15,2022-03-16,2023-03-15,0,0.5595497537723173,1.0,-0.03695589065660021,-0.03695589065660021,5.0,0.0,-0.03695589065660021,0.0,-0.0,0.0,-0.0,0.5595497537723173,0.35,1.0
2022-04-29,388.8629455566406,7,2010-03-16,2022-03-15,2022-03-16,2023-03-15,1,0.6311682017320199,1.0,0.006019496853815864,0.006019496853815864,5.0,0.0,0.006019496853815864,0.0,0.0,0.0,0.0,0.6311682017320199,0.35,1.0
2022-05-02,391.2037048339844,7,2010-03-16,2022-03-15,2022-03-16,2023-03-15,1,0.5409569275928311,1.0,0.004584068149662279,0.004584068149662279,5.0,0.0,0.004584068149662279,0.0,0.0,0.0,0.0,0.5409569275928311,0.35,1.0
2022-05-03,392.99700927734375,7,2010-03-16,2022-03-15,2022-03-16,2023-03-15,1,0.5506162241912107,1.0,0.030453047378085296,0.030453047378085296,5.0,0.0,0.030453047378085296,0.0,0.0,0.0,0.0,0.5506162241912107,0.35,1.0
2022-05-04,404.9649658203125,7,2010-03-16,2022-03-15,2022-03-16,2023-03-15,0,0.5344172395836784,1.0,-0.0355429418717198,-0.0355429418717198,5.0,0.0,-0.0355429418717198,0.0,-0.0,0.0,-0.0,0.5344172395836784,0.35,1.0
2022-05-05,390.5713195800781,7,2010-03-16,2022-03-15,2022-03-16,2023-03-15,0,0.6741813471678646,1.0,-0.005968867127912336,-0.005968867127912336,5.0,0.0,-0.005968867127912336,0.0,-0.0,0.0,-0.0,0.6741813471678646,0.35,1.0
2022-05-06,388.24005126953125,7,2010-03-16,2022-03-15,2022-03-16,2023-03-15,0,0.515704260145204,1.0,-0.03201719875647013,-0.03201719875647013,5.0,0.0,-0.03201719875647013,0.0,-0.0,0.0,-0.0,0.515704260145204,0.35,1.0
2022-05-09,375.8096923828125,7,2010-03-16,2022-03-15,2022-03-16,2023-03-15,1,0.6107113120541405,1.0,0.0023104410301584277,0.0023104410301584277,5.0,0.0,0.0023104410301584277,0.0,0.0,0.0,0.0,0.6107113120541405,0.35,1.0
2022-05-10,376.677978515625,7,2010-03-16,2022-03-15,2022-03-16,2023-03-15,0,0.5344800356078763,1.0,-0.015886109874241106,-0.015886109874241106,5.0,0.0,-0.015886109874241106,0.0,-0.0,0.0,-0.0,0.5344800356078763,0.35,1.0
2022-05-11,370.69403076171875,7,2010-03-16,2022-03-15,2022-03-16,2023-03-15,0,0.6551003345438687,1.0,-0.0010440522200639846,-0.0010440522200639846,5.0,0.0,-0.0010440522200639846,0.0,-0.0,0.0,-0.0,0.6551003345438687,0.35,1.0
2022-05-12,370.3070068359375,7,2010-03-16,2022-03-15,2022-03-16,2023-03-15,1,0.6029950290805528,1.0,0.023908005623764828,0.023908005623764828,5.0,0.0,0.023908005623764828,0.0,0.0,0.0,0.0,0.6029950290805528,0.35,1.0
2022-05-13,379.1603088378906,7,2010-03-16,2022-03-15,2022-03-16,2023-03-15,0,0.5363972465375174,1.0,-0.004057765713630368,-0.004057765713630368,5.0,0.0,-0.004057765713630368,0.0,-0.0,0.0,-0.0,0.5363972465375174,0.35,1.0
2022-05-16,377.62176513671875,7,2010-03-16,2022-03-15,2022-03-16,2023-03-15,1,0.5668010640453798,1.0,0.020570700772835737,0.020570700772835737,5.0,0.0,0.020570700772835737,0.0,0.0,0.0,0.0,0.5668010640453798,0.35,1.0
2022-05-17,385.38970947265625,7,2010-03-16,2022-03-15,2022-03-16,2023-03-15,0,0.5563818508864043,1.0,-0.040311756391322784,-0.040311756391322784,5.0,0.0,-0.040311756391322784,0.0,-0.0,0.0,-0.0,0.5563818508864043,0.35,1.0
2022-05-18,369.8539733886719,7,2010-03-16,2022-03-15,2022-03-16,2023-03-15,0,0.6818265694274508,1.0,-0.0061245732556340915,-0.0061245732556340915,5.0,0.0,-0.0061245732556340915,0.0,-0.0,0.0,-0.0,0.6818265694274508,0.35,1.0
2022-05-19,367.5887756347656,7,2010-03-16,2022-03-15,2022-03-16,2023-03-15,1,0.5456967148244719,1.0,0.00043652428043849945,0.00043652428043849945,5.0,0.0,0.00043652428043849945,0.0,0.0,0.0,0.0,0.5456967148244719,0.35,1.0
2022-05-20,367.7492370605469,7,2010-03-16,2022-03-15,2022-03-16,2023-03-15,1,0.5883995859583927,1.0,0.018710073443992448,0.018710073443992448,5.0,0.0,0.018710073443992448,0.0,0.0,0.0,0.0,0.5883995859583927,0.35,1.0
2022-05-23,374.6298522949219,7,2010-03-16,2022-03-15,2022-03-16,2023-03-15,0,0.5258109540867557,1.0,-0.007633592760953545,-0.007633592760953545,5.0,0.0,-0.007633592760953545,0.0,-0.0,0.0,-0.0,0.5258109540867557,0.35,1.0
2022-05-24,371.77008056640625,7,2010-03-16,2022-03-15,2022-03-16,2023-03-15,1,0.6551212916103301,1.0,0.008834802886384274,0.008834802886384274,5.0,0.0,0.008834802886384274,0.0,0.0,0.0,0.0,0.6551212916103301,0.35,1.0
2022-05-25,375.0545959472656,7,2010-03-16,2022-03-15,2022-03-16,2023-03-15,1,0.5090405233058704,1.0,0.01998122180942241,0.01998122180942241,5.0,0.0,0.01998122180942241,0.0,0.0,0.0,0.0,0.5090405233058704,0.35,1.0
2022-05-26,382.54864501953125,7,2010-03-16,2022-03-15,2022-03-16,2023-03-15,1,0.49504785900409454,1.0,0.02454928676126733,0.02454928676126733,5.0,0.0,0.02454928676126733,0.0,0.0,0.0,0.0,0.49504785900409454,0.35,1.0
2022-05-27,391.93994140625,7,2010-03-16,2022-03-15,2022-03-16,2023-03-15,0,0.488091432293284,1.0,-0.005611033732697335,-0.005611033732697335,5.0,0.0,-0.005611033732697335,0.0,-0.0,0.0,-0.0,0.488091432293284,0.65,1.0
2022-05-31,389.7407531738281,7,2010-03-16,2022-03-15,2022-03-16,2023-03-15,0,0.5789430979850062,1.0,-0.008088622487231856,-0.008088622487231856,5.0,0.0,-0.008088622487231856,0.0,-0.0,0.0,-0.0,0.5789430979850062,0.35,1.0
2022-06-01,386.5882873535156,7,2010-03-16,2022-03-15,2022-03-16,2023-03-15,1,0.5550574763279575,1.0,0.0190435141274381,0.0190435141274381,5.0,0.0,0.0190435141274381,0.0,0.0,0.0,0.0,0.5550574763279575,0.35,1.0
2022-06-02,393.9502868652344,7,2010-03-16,2022-03-15,2022-03-16,2023-03-15,0,0.47713720771693535,1.0,-0.016411542894653852,-0.016411542894653852,5.0,0.0,-0.016411542894653852,0.0,-0.0,0.0,-0.0,0.47713720771693535,0.35,1.0
2022-06-03,387.4849548339844,7,2010-03-16,2022-03-15,2022-03-16,2023-03-15,1,0.584394117876713,1.0,0.0030449455927243907,0.0030449455927243907,5.0,0.0,0.0030449455927243907,0.0,0.0,0.0,0.0,0.584394117876713,0.35,1.0
2022-06-06,388.6648254394531,7,2010-03-16,2022-03-15,2022-03-16,2023-03-15,1,0.5769868898885925,1.0,0.009592039554109366,0.009592039554109366,5.0,0.0,0.009592039554109366,0.0,0.0,0.0,0.0,0.5769868898885925,0.65,1.0
2022-06-07,392.3929138183594,7,2010-03-16,2022-03-15,2022-03-16,2023-03-15,0,0.5708216464793627,1.0,-0.010871966881763506,-0.010871966881763506,5.0,0.0,-0.010871966881763506,0.0,-0.0,0.0,-0.0,0.5708216464793627,0.65,1.0
2022-06-08,388.1268310546875,7,2010-03-16,2022-03-15,2022-03-16,2023-03-15,0,0.5569560323627575,1.0,-0.023783037456735046,-0.023783037456735046,5.0,0.0,-0.023783037456735046,0.0,-0.0,0.0,-0.0,0.5569560323627575,0.65,1.0
2022-06-09,378.89599609375,7,2010-03-16,2022-03-15,2022-03-16,2023-03-15,0,0.6002418011017315,1.0,-0.028995549492963124,-0.028995549492963124,5.0,0.0,-0.028995549492963124,0.0,-0.0,0.0,-0.0,0.6002418011017315,0.65,1.0
2022-06-10,367.9096984863281,7,2010-03-16,2022-03-15,2022-03-16,2023-03-15,0,0.5593325527841284,1.0,-0.03796837420416044,-0.03796837420416044,5.0,0.0,-0.03796837420416044,0.0,-0.0,0.0,-0.0,0.5593325527841284,0.35,1.0
2022-06-13,353.9407653808594,7,2010-03-16,2022-03-15,2022-03-16,2023-03-15,0,0.5847669456254805,1.0,-0.003013209856137289,-0.003013209856137289,5.0,0.0,-0.003013209856137289,0.0,-0.0,0.0,-0.0,0.5847669456254805,0.35,1.0
2022-06-14,352.874267578125,7,2010-03-16,2022-03-15,2022-03-16,2023-03-15,1,0.560096849400144,1.0,0.01425661403665357,0.01425661403665357,5.0,0.0,0.01425661403665357,0.0,0.0,0.0,0.0,0.560096849400144,0.35,1.0
2022-06-15,357.9050598144531,7,2010-03-16,2022-03-15,2022-03-16,2023-03-15,0,0.5737334542079209,1.0,-0.03309631029023008,-0.03309631029023008,5.0,0.0,-0.03309631029023008,0.0,-0.0,0.0,-0.0,0.5737334542079209,0.35,1.0
2022-06-16,346.0597229003906,7,2010-03-16,2022-03-15,2022-03-16,2023-03-15,1,0.6481976793397395,1.0,0.0021557036196331314,0.0021557036196331314,5.0,0.0,0.0021557036196331314,0.0,0.0,0.0,0.0,0.6481976793397395,0.35,1.0
2022-06-17,346.80572509765625,7,2010-03-16,2022-03-15,2022-03-16,2023-03-15,1,0.5422010251229412,1.0,0.02517377045141167,0.02517377045141167,5.0,0.0,0.02517377045141167,0.0,0.0,0.0,0.0,0.5422010251229412,0.35,1.0
2022-06-21,355.5361328125,7,2010-03-16,2022-03-15,2022-03-16,2023-03-15,0,0.465966179871692,1.0,-0.0018130148405933744,-0.0018130148405933744,5.0,0.0,-0.0018130148405933744,0.0,-0.0,0.0,-0.0,0.465966179871692,0.35,1.0
2022-06-22,354.89154052734375,7,2010-03-16,2022-03-15,2022-03-16,2023-03-15,1,0.5705450363395995,1.0,0.009802576057998058,0.009802576057998058,5.0,0.0,0.009802576057998058,0.0,0.0,0.0,0.0,0.5705450363395995,0.35,1.0
2022-06-23,358.3703918457031,7,2010-03-16,2022-03-15,2022-03-16,2023-03-15,1,0.5732723232514666,1.0,0.03179370047775376,0.03179370047775376,5.0,0.0,0.03179370047775376,0.0,0.0,0.0,0.0,0.5732723232514666,0.35,1.0
2022-06-24,369.7643127441406,7,2010-03-16,2022-03-15,2022-03-16,2023-03-15,0,0.44680501982709453,0.0,-0.003819522191218394,0.0,5.0,0.0005,-0.0005,0.0,-0.0,0.0,-0.0,0.44680501982709453,0.35,1.0
2022-06-27,368.35198974609375,7,2010-03-16,2022-03-15,2022-03-16,2023-03-15,0,0.5123655018810119,0.0,-0.02043295539296175,0.0,5.0,0.0,0.0,0.0,-0.0,0.0,-0.0,0.5123655018810119,0.35,1.0
2022-06-28,360.8254699707031,7,2010-03-16,2022-03-15,2022-03-16,2023-03-15,0,0.5755904456190541,1.0,-0.0008143930631878682,-0.0008143930631878682,5.0,0.0005,-0.0013143930631878682,0.0,-0.0,0.0,-0.0,0.5755904456190541,0.35,1.0
2022-06-29,360.5316162109375,7,2010-03-16,2022-03-15,2022-03-16,2023-03-15,0,0.5128597827972945,1.0,-0.008124243475905457,-0.008124243475905457,5.0,0.0,-0.008124243475905457,0.0,-0.0,0.0,-0.0,0.5128597827972945,0.35,1.0
2022-06-30,357.6025695800781,7,2010-03-16,2022-03-15,2022-03-16,2023-03-15,1,0.5715119857492522,1.0,0.010576534864845,0.010576534864845,5.0,0.0,0.010576534864845,0.0,0.0,0.0,0.0,0.5715119857492522,0.35,1.0
2022-07-01,361.384765625,7,2010-03-16,2022-03-15,2022-03-16,2023-03-15,1,0.5475706809125718,1.0,0.001888386415102472,0.001888386415102472,5.0,0.0,0.001888386415102472,0.0,0.0,0.0,0.0,0.5475706809125718,0.35,1.0
2022-07-05,362.06719970703125,7,2010-03-16,2022-03-15,2022-03-16,2023-03-15,1,0.5705091498932227,1.0,0.003377382310405963,0.003377382310405963,5.0,0.0,0.003377382310405963,0.0,0.0,0.0,0.0,0.5705091498932227,0.35,1.0
2022-07-06,363.2900390625,7,2010-03-16,2022-03-15,2022-03-16,2023-03-15,1,0.5555937136123503,1.0,0.014977292216048488,0.014977292216048488,5.0,0.0,0.014977292216048488,0.0,0.0,0.0,0.0,0.5555937136123503,0.35,1.0
2022-07-07,368.73114013671875,7,2010-03-16,2022-03-15,2022-03-16,2023-03-15,0,0.5606092785123594,1.0,-0.0008226718428230306,-0.0008226718428230306,5.0,0.0,-0.0008226718428230306,0.0,-0.0,0.0,-0.0,0.5606092785123594,0.35,1.0
2022-07-08,368.42779541015625,7,2010-03-16,2022-03-15,2022-03-16,2023-03-15,0,0.5719339679912238,1.0,-0.011423514422112424,-0.011423514422112424,5.0,0.0,-0.011423514422112424,0.0,-0.0,0.0,-0.0,0.5719339679912238,0.35,1.0
2022-07-11,364.21905517578125,7,2010-03-16,2022-03-15,2022-03-16,2023-03-15,0,0.6177452720099441,1.0,-0.008849048114201175,-0.008849048114201175,5.0,0.0,-0.008849048114201175,0.0,-0.0,0.0,-0.0,0.6177452720099441,0.35,1.0
2022-07-12,360.9960632324219,7,2010-03-16,2022-03-15,2022-03-16,2023-03-15,0,0.6170491084868619,1.0,-0.005251447719817559,-0.005251447719817559,5.0,0.0,-0.005251447719817559,0.0,-0.0,0.0,-0.0,0.6170491084868619,0.35,1.0
2022-07-13,359.1003112792969,7,2010-03-16,2022-03-15,2022-03-16,2023-03-15,0,0.5703969397511507,1.0,-0.0024286566183951974,-0.0024286566183951974,5.0,0.0,-0.0024286566183951974,0.0,-0.0,0.0,-0.0,0.5703969397511507,0.65,1.0
2022-07-14,358.2281799316406,7,2010-03-16,2022-03-15,2022-03-16,2023-03-15,1,0.5777828170350184,1.0,0.019105124956755315,0.019105124956755315,5.0,0.0,0.019105124956755315,0.0,0.0,0.0,0.0,0.5777828170350184,0.65,1.0
2022-07-15,365.0721740722656,7,2010-03-16,2022-03-15,2022-03-16,2023-03-15,0,0.5566334142678957,1.0,-0.008256925598224774,-0.008256925598224774,5.0,0.0,-0.008256925598224774,0.0,-0.0,0.0,-0.0,0.5566334142678957,0.65,1.0
2022-07-18,362.05780029296875,7,2010-03-16,2022-03-15,2022-03-16,2023-03-15,1,0.5981268597864536,1.0,0.027018917034940415,0.027018917034940415,5.0,0.0,0.027018917034940415,0.0,0.0,0.0,0.0,0.5981268597864536,0.65,1.0
2022-07-19,371.8402099609375,7,2010-03-16,2022-03-15,2022-03-16,2023-03-15,1,0.48994808755421987,1.0,0.006373446176523245,0.006373446176523245,5.0,0.0,0.006373446176523245,1.0,0.006373446176523245,0.0005,0.005873446176523245,0.48994808755421987,0.65,1.0
2022-07-20,374.2101135253906,7,2010-03-16,2022-03-15,2022-03-16,2023-03-15,1,0.5307308165460317,1.0,0.010183151897833032,0.010183151897833032,5.0,0.0,0.010183151897833032,1.0,0.010183151897833032,0.0,0.010183151897833032,0.5307308165460317,0.65,1.0
2022-07-21,378.020751953125,7,2010-03-16,2022-03-15,2022-03-16,2023-03-15,0,0.5093352810451831,1.0,-0.009278287596076629,-0.009278287596076629,5.0,0.0,-0.009278287596076629,1.0,-0.009278287596076629,0.0,-0.009278287596076629,0.5093352810451831,0.65,1.0
2022-07-22,374.51336669921875,7,2010-03-16,2022-03-15,2022-03-16,2023-03-15,1,0.5816095009629959,1.0,0.0012151185123534525,0.0012151185123534525,5.0,0.0,0.0012151185123534525,1.0,0.0012151185123534525,0.0,0.0012151185123534525,0.5816095009629959,0.65,1.0
2022-07-25,374.96844482421875,7,2010-03-16,2022-03-15,2022-03-16,2023-03-15,0,0.5340959721048536,1.0,-0.011830992288901943,-0.011830992288901943,5.0,0.0,-0.011830992288901943,1.0,-0.011830992288901943,0.0,-0.011830992288901943,0.5340959721048536,0.65,1.0
2022-07-26,370.5321960449219,7,2010-03-16,2022-03-15,2022-03-16,2023-03-15,1,0.6062802065088783,1.0,0.02596626688132253,0.02596626688132253,5.0,0.0,0.02596626688132253,1.0,0.02596626688132253,0.0,0.02596626688132253,0.6062802065088783,0.65,1.0
2022-07-27,380.1535339355469,7,2010-03-16,2022-03-15,2022-03-16,2023-03-15,1,0.5325605078945517,1.0,0.012542315000291904,0.012542315000291904,5.0,0.0,0.012542315000291904,1.0,0.012542315000291904,0.0,0.012542315000291904,0.5325605078945517,0.65,1.0
2022-07-28,384.9215393066406,7,2010-03-16,2022-03-15,2022-03-16,2023-03-15,1,0.5598467529530763,1.0,0.014579038363975227,0.014579038363975227,5.0,0.0,0.014579038363975227,1.0,0.014579038363975227,0.0,0.014579038363975227,0.5598467529530763,0.65,1.0
2022-07-29,390.5333251953125,7,2010-03-16,2022-03-15,2022-03-16,2023-03-15,0,0.5323936309915064,1.0,-0.002961398128123238,-0.002961398128123238,5.0,0.0,-0.002961398128123238,1.0,-0.002961398128123238,0.0,-0.002961398128123238,0.5323936309915064,0.65,1.0
2022-08-01,389.3768005371094,7,2010-03-16,2022-03-15,2022-03-16,2023-03-15,0,0.536131178140017,1.0,-0.006597409425226686,-0.006597409425226686,5.0,0.0,-0.006597409425226686,1.0,-0.006597409425226686,0.0,-0.006597409425226686,0.536131178140017,0.65,1.0
2022-08-02,386.80792236328125,7,2010-03-16,2022-03-15,2022-03-16,2023-03-15,1,0.5178876278006169,1.0,0.015659583546155265,0.015659583546155265,5.0,0.0,0.015659583546155265,1.0,0.015659583546155265,0.0,0.015659583546155265,0.5178876278006169,0.65,1.0
2022-08-03,392.86517333984375,7,2010-03-16,2022-03-15,2022-03-16,2023-03-15,0,0.5207953572703,1.0,-0.000675501106700116,-0.000675501106700116,5.0,0.0,-0.000675501106700116,1.0,-0.000675501106700116,0.0,-0.000675501106700116,0.5207953572703,0.65,1.0
2022-08-04,392.59979248046875,7,2010-03-16,2022-03-15,2022-03-16,2023-03-15,0,0.5923300186025984,1.0,-0.0016904384164120323,-0.0016904384164120323,5.0,0.0,-0.0016904384164120323,1.0,-0.0016904384164120323,0.0,-0.0016904384164120323,0.5923300186025984,0.65,1.0
2022-08-05,391.9361267089844,7,2010-03-16,2022-03-15,2022-03-16,2023-03-15,0,0.5979651344721918,1.0,-0.0011607913220648136,-0.0011607913220648136,5.0,0.0,-0.0011607913220648136,1.0,-0.0011607913220648136,0.0,-0.0011607913220648136,0.5979651344721918,0.65,1.0
2022-08-08,391.4811706542969,7,2010-03-16,2022-03-15,2022-03-16,2023-03-15,0,0.5693457819124568,1.0,-0.003970905955735349,-0.003970905955735349,5.0,0.0,-0.003970905955735349,1.0,-0.003970905955735349,0.0,-0.003970905955735349,0.5693457819124568,0.65,1.0
2022-08-09,389.9266357421875,7,2010-03-16,2022-03-15,2022-03-16,2023-03-15,1,0.533976083295857,1.0,0.021003879122643898,0.021003879122643898,5.0,0.0,0.021003879122643898,1.0,0.021003879122643898,0.0,0.021003879122643898,0.533976083295857,0.65,1.0
2022-08-10,398.1166076660156,7,2010-03-16,2022-03-15,2022-03-16,2023-03-15,0,0.5383790852424604,1.0,0.0,0.0,5.0,0.0,0.0,1.0,0.0,0.0,0.0,0.5383790852424604,0.65,1.0
2022-08-11,398.1166076660156,7,2010-03-16,2022-03-15,2022-03-16,2023-03-15,1,0.5503208681458704,1.0,0.016928998806866824,0.016928998806866824,5.0,0.0,0.016928998806866824,1.0,0.016928998806866824,0.0,0.016928998806866824,0.5503208681458704,0.65,1.0
2022-08-12,404.8563232421875,7,2010-03-16,2022-03-15,2022-03-16,2023-03-15,1,0.5320948225294727,1.0,0.004120807469615517,0.004120807469615517,5.0,0.0,0.004120807469615517,1.0,0.004120807469615517,0.0,0.004120807469615517,0.5320948225294727,0.65,1.0
2022-08-15,406.524658203125,7,2010-03-16,2022-03-15,2022-03-16,2023-03-15,1,0.5234225937460136,1.0,0.001958711808422775,0.001958711808422775,5.0,0.0,0.001958711808422775,1.0,0.001958711808422775,0.0,0.001958711808422775,0.5234225937460136,0.65,1.0
2022-08-16,407.3209228515625,7,2010-03-16,2022-03-15,2022-03-16,2023-03-15,0,0.5159659793340684,1.0,-0.0070978757020629946,-0.0070978757020629946,5.0,0.0,-0.0070978757020629946,1.0,-0.0070978757020629946,0.0,-0.0070978757020629946,0.5159659793340684,0.65,1.0
2022-08-17,404.4298095703125,7,2010-03-16,2022-03-15,2022-03-16,2023-03-15,1,0.5729482719496968,1.0,0.0029063511423930155,0.0029063511423930155,5.0,0.0,0.0029063511423930155,1.0,0.0029063511423930155,0.0,0.0029063511423930155,0.5729482719496968,0.65,1.0
2022-08-18,405.605224609375,7,2010-03-16,2022-03-15,2022-03-16,2023-03-15,0,0.5488503380567397,1.0,-0.013437944477984631,-0.013437944477984631,5.0,0.0,-0.013437944477984631,1.0,-0.013437944477984631,0.0,-0.013437944477984631,0.5488503380567397,0.65,1.0
2022-08-19,400.15472412109375,7,2010-03-16,2022-03-15,2022-03-16,2023-03-15,0,0.6051019567321939,1.0,-0.020822634067175216,-0.020822634067175216,5.0,0.0,-0.020822634067175216,1.0,-0.020822634067175216,0.0,-0.020822634067175216,0.6051019567321939,0.65,1.0
2022-08-22,391.82244873046875,7,2010-03-16,2022-03-15,2022-03-16,2023-03-15,0,0.5898325146346783,1.0,-0.002419380340172861,-0.002419380340172861,5.0,0.0,-0.002419380340172861,1.0,-0.002419380340172861,0.0,-0.002419380340172861,0.5898325146346783,0.65,1.0
2022-08-23,390.8744812011719,7,2010-03-16,2022-03-15,2022-03-16,2023-03-15,1,0.5578348588687478,1.0,0.0032013928604193165,0.0032013928604193165,5.0,0.0,0.0032013928604193165,1.0,0.0032013928604193165,0.0,0.0032013928604193165,0.5578348588687478,0.65,1.0
2022-08-24,392.1258239746094,7,2010-03-16,2022-03-15,2022-03-16,2023-03-15,1,0.5821125216336382,1.0,0.014117477855978278,0.014117477855978278,5.0,0.0,0.014117477855978278,1.0,0.014117477855978278,0.0,0.014117477855978278,0.5821125216336382,0.65,1.0
2022-08-25,397.6616516113281,7,2010-03-16,2022-03-15,2022-03-16,2023-03-15,0,0.581342808438642,1.0,-0.03384899993300372,-0.03384899993300372,5.0,0.0,-0.03384899993300372,1.0,-0.03384899993300372,0.0,-0.03384899993300372,0.581342808438642,0.65,1.0
2022-08-26,384.2012023925781,7,2010-03-16,2022-03-15,2022-03-16,2023-03-15,0,0.6562233228604932,1.0,-0.00661225361918516,-0.00661225361918516,5.0,0.0,-0.00661225361918516,1.0,-0.00661225361918516,0.0,-0.00661225361918516,0.6562233228604932,0.35,1.0
2022-08-29,381.6607666015625,7,2010-03-16,2022-03-15,2022-03-16,2023-03-15,0,0.5343464297918461,1.0,-0.010978022206479032,-0.010978022206479032,5.0,0.0,-0.010978022206479032,1.0,-0.010978022206479032,0.0,-0.010978022206479032,0.5343464297918461,0.35,1.0
2022-08-30,377.47088623046875,7,2010-03-16,2022-03-15,2022-03-16,2023-03-15,0,0.5690187370822106,1.0,-0.007608962624685023,-0.007608962624685023,5.0,0.0,-0.007608962624685023,0.0,-0.0,0.0005,-0.0005,0.5690187370822106,0.35,1.0
2022-08-31,374.5987243652344,7,2010-03-16,2022-03-15,2022-03-16,2023-03-15,1,0.5767387014519411,1.0,0.003137797762270189,0.003137797762270189,5.0,0.0,0.003137797762270189,0.0,0.0,0.0,0.0,0.5767387014519411,0.35,1.0
2022-09-01,375.7741394042969,7,2010-03-16,2022-03-15,2022-03-16,2023-03-15,0,0.6204719572719675,1.0,-0.010544394559181103,-0.010544394559181103,5.0,0.0,-0.010544394559181103,0.0,-0.0,0.0,-0.0,0.6204719572719675,0.35,1.0
2022-09-02,371.81182861328125,7,2010-03-16,2022-03-15,2022-03-16,2023-03-15,0,0.5845015400563499,1.0,-0.0037731265076705878,-0.0037731265076705878,5.0,0.0,-0.0037731265076705878,0.0,-0.0,0.0,-0.0,0.5845015400563499,0.35,1.0
2022-09-06,370.408935546875,7,2010-03-16,2022-03-15,2022-03-16,2023-03-15,1,0.5548593354455494,1.0,0.017965142911754883,0.017965142911754883,5.0,0.0,0.017965142911754883,0.0,0.0,0.0,0.0,0.5548593354455494,0.35,1.0
2022-09-07,377.0633850097656,7,2010-03-16,2022-03-15,2022-03-16,2023-03-15,1,0.511695882323049,1.0,0.006536138676405567,0.006536138676405567,5.0,0.0,0.006536138676405567,0.0,0.0,0.0,0.0,0.511695882323049,0.35,1.0
2022-09-08,379.5279235839844,7,2010-03-16,2022-03-15,2022-03-16,2023-03-15,1,0.5597643923208389,1.0,0.015535158930205517,0.015535158930205517,5.0,0.0,0.015535158930205517,0.0,0.0,0.0,0.0,0.5597643923208389,0.35,1.0
2022-09-09,385.4239501953125,7,2010-03-16,2022-03-15,2022-03-16,2023-03-15,1,0.5558874227304675,1.0,0.010747870157436834,0.010747870157436834,5.0,0.0,0.010747870157436834,1.0,0.010747870157436834,0.0005,0.010247870157436834,0.5558874227304675,0.35,1.0
2022-09-12,389.5664367675781,7,2010-03-16,2022-03-15,2022-03-16,2023-03-15,0,0.510696328121569,1.0,-0.043482600074122746,-0.043482600074122746,5.0,0.0,-0.043482600074122746,1.0,-0.043482600074122746,0.0,-0.043482600074122746,0.510696328121569,0.35,1.0
2022-09-13,372.6270751953125,7,2010-03-16,2022-03-15,2022-03-16,2023-03-15,1,0.6052728960072749,1.0,0.0038159761590350616,0.0038159761590350616,5.0,0.0,0.0038159761590350616,0.0,0.0,0.0005,-0.0005,0.6052728960072749,0.35,1.0
2022-09-14,374.04901123046875,7,2010-03-16,2022-03-15,2022-03-16,2023-03-15,0,0.5164040721826355,1.0,-0.01135341757800834,-0.01135341757800834,5.0,0.0,-0.01135341757800834,0.0,-0.0,0.0,-0.0,0.5164040721826355,0.35,1.0
2022-09-15,369.8022766113281,7,2010-03-16,2022-03-15,2022-03-16,2023-03-15,0,0.591143328690505,1.0,-0.007628852418214316,-0.007628852418214316,5.0,0.0,-0.007628852418214316,0.0,-0.0,0.0,-0.0,0.591143328690505,0.35,1.0
2022-09-16,366.9811096191406,7,2010-03-16,2022-03-15,2022-03-16,2023-03-15,1,0.616994458251287,1.0,0.007754940713434522,0.007754940713434522,5.0,0.0,0.007754940713434522,0.0,0.0,0.0,0.0,0.616994458251287,0.35,1.0
2022-09-19,369.8270263671875,7,2010-03-16,2022-03-15,2022-03-16,2023-03-15,0,0.6116355285863819,1.0,-0.01147873844369418,-0.01147873844369418,5.0,0.0,-0.01147873844369418,0.0,-0.0,0.0,-0.0,0.6116355285863819,0.35,1.0
2022-09-20,365.5818786621094,7,2010-03-16,2022-03-15,2022-03-16,2023-03-15,0,0.5830886002169926,1.0,-0.01744363046289432,-0.01744363046289432,5.0,0.0,-0.01744363046289432,0.0,-0.0,0.0,-0.0,0.5830886002169926,0.35,1.0
2022-09-21,359.2048034667969,7,2010-03-16,2022-03-15,2022-03-16,2023-03-15,0,0.6114221815659011,1.0,-0.00839995300083951,-0.00839995300083951,5.0,0.0,-0.00839995300083951,0.0,-0.0,0.0,-0.0,0.6114221815659011,0.35,1.0
2022-09-22,356.1875,7,2010-03-16,2022-03-15,2022-03-16,2023-03-15,0,0.5849404614237391,1.0,-0.016754841172793467,-0.016754841172793467,5.0,0.0,-0.016754841172793467,0.0,-0.0,0.0,-0.0,0.5849404614237391,0.35,1.0
2022-09-23,350.2196350097656,7,2010-03-16,2022-03-15,2022-03-16,2023-03-15,0,0.622253200445442,1.0,-0.009892386691979782,-0.009892386691979782,5.0,0.0,-0.009892386691979782,0.0,-0.0,0.0,-0.0,0.622253200445442,0.35,1.0
2022-09-26,346.755126953125,7,2010-03-16,2022-03-15,2022-03-16,2023-03-15,0,0.6299101309934945,1.0,-0.0025529655870658585,-0.0025529655870658585,5.0,0.0,-0.0025529655870658585,0.0,-0.0,0.0,-0.0,0.6299101309934945,0.35,1.0
2022-09-27,345.869873046875,7,2010-03-16,2022-03-15,2022-03-16,2023-03-15,1,0.5802911737997458,1.0,0.01967633196699614,0.01967633196699614,5.0,0.0,0.01967633196699614,0.0,0.0,0.0,0.0,0.5802911737997458,0.35,1.0
2022-09-28,352.6753234863281,7,2010-03-16,2022-03-15,2022-03-16,2023-03-15,0,0.5231458667466985,1.0,-0.020889000226280263,-0.020889000226280263,5.0,0.0,-0.020889000226280263,0.0,-0.0,0.0,-0.0,0.5231458667466985,0.35,1.0
2022-09-29,345.30828857421875,7,2010-03-16,2022-03-15,2022-03-16,2023-03-15,0,0.6085594051487657,1.0,-0.01546345923690029,-0.01546345923690029,5.0,0.0,-0.01546345923690029,0.0,-0.0,0.0,-0.0,0.6085594051487657,0.35,1.0
2022-09-30,339.9686279296875,7,2010-03-16,2022-03-15,2022-03-16,2023-03-15,1,0.564410668823015,1.0,0.02640121823051378,0.02640121823051378,5.0,0.0,0.02640121823051378,0.0,0.0,0.0,0.0,0.564410668823015,0.35,1.0
2022-10-03,348.9442138671875,7,2010-03-16,2022-03-15,2022-03-16,2023-03-15,1,0.46801791128801856,1.0,0.030986678215641383,0.030986678215641383,5.0,0.0,0.030986678215641383,0.0,0.0,0.0,0.0,0.46801791128801856,0.35,1.0
2022-10-04,359.7568359375,7,2010-03-16,2022-03-15,2022-03-16,2023-03-15,0,0.4796607844383886,1.0,-0.002328368499773359,-0.002328368499773359,5.0,0.0,-0.002328368499773359,0.0,-0.0,0.0,-0.0,0.4796607844383886,0.35,1.0
2022-10-05,358.919189453125,7,2010-03-16,2022-03-15,2022-03-16,2023-03-15,0,0.5831766059240721,1.0,-0.010315733338412292,-0.010315733338412292,5.0,0.0,-0.010315733338412292,0.0,-0.0,0.0,-0.0,0.5831766059240721,0.35,1.0
2022-10-06,355.2166748046875,7,2010-03-16,2022-03-15,2022-03-16,2023-03-15,0,0.5504006157439141,1.0,-0.02789392202918617,-0.02789392202918617,5.0,0.0,-0.02789392202918617,0.0,-0.0,0.0,-0.0,0.5504006157439141,0.35,1.0
2022-10-07,345.30828857421875,7,2010-03-16,2022-03-15,2022-03-16,2023-03-15,0,0.5529719297116583,1.0,-0.007635221088492461,-0.007635221088492461,5.0,0.0,-0.007635221088492461,0.0,-0.0,0.0,-0.0,0.5529719297116583,0.35,1.0
2022-10-10,342.6717834472656,7,2010-03-16,2022-03-15,2022-03-16,2023-03-15,0,0.559205929593085,1.0,-0.006332896623811757,-0.006332896623811757,5.0,0.0,-0.006332896623811757,0.0,-0.0,0.0,-0.0,0.559205929593085,0.35,1.0
2022-10-11,340.5016784667969,7,2010-03-16,2022-03-15,2022-03-16,2023-03-15,0,0.6259439343108532,1.0,-0.0032986605762066468,-0.0032986605762066468,5.0,0.0,-0.0032986605762066468,0.0,-0.0,0.0,-0.0,0.6259439343108532,0.35,1.0
2022-10-12,339.37847900390625,7,2010-03-16,2022-03-15,2022-03-16,2023-03-15,1,0.6407989439761662,1.0,0.02639101629260021,0.02639101629260021,5.0,0.0,0.02639101629260021,0.0,0.0,0.0,0.0,0.6407989439761662,0.35,1.0
2022-10-13,348.33502197265625,7,2010-03-16,2022-03-15,2022-03-16,2023-03-15,0,0.5529680982574083,1.0,-0.022788635460856743,-0.022788635460856743,5.0,0.0,-0.022788635460856743,0.0,-0.0,0.0,-0.0,0.5529680982574083,0.35,1.0
2022-10-14,340.3969421386719,7,2010-03-16,2022-03-15,2022-03-16,2023-03-15,1,0.5707658410450145,1.0,0.025697035724983275,0.025697035724983275,5.0,0.0,0.025697035724983275,0.0,0.0,0.0,0.0,0.5707658410450145,0.35,1.0
2022-10-17,349.1441345214844,7,2010-03-16,2022-03-15,2022-03-16,2023-03-15,1,0.4960231085880857,1.0,0.011749574219533487,0.011749574219533487,5.0,0.0,0.011749574219533487,0.0,0.0,0.0,0.0,0.4960231085880857,0.35,1.0
2022-10-18,353.2464294433594,7,2010-03-16,2022-03-15,2022-03-16,2023-03-15,0,0.5631755466365983,1.0,-0.007086629070703787,-0.007086629070703787,5.0,0.0,-0.007086629070703787,0.0,-0.0,0.0,-0.0,0.5631755466365983,0.35,1.0
2022-10-19,350.74310302734375,7,2010-03-16,2022-03-15,2022-03-16,2023-03-15,0,0.5765436469132119,1.0,-0.008385081548574536,-0.008385081548574536,5.0,0.0,-0.008385081548574536,0.0,-0.0,0.0,-0.0,0.5765436469132119,0.35,1.0
2022-10-20,347.8020935058594,7,2010-03-16,2022-03-15,2022-03-16,2023-03-15,1,0.6068049373374385,1.0,0.024301515366754067,0.024301515366754067,5.0,0.0,0.024301515366754067,0.0,0.0,0.0,0.0,0.6068049373374385,0.35,1.0
2022-10-21,356.25421142578125,7,2010-03-16,2022-03-15,2022-03-16,2023-03-15,1,0.4510659845072789,1.0,0.012236440461487197,0.012236440461487197,5.0,0.0,0.012236440461487197,0.0,0.0,0.0,0.0,0.4510659845072789,0.65,1.0
2022-10-24,360.6134948730469,7,2010-03-16,2022-03-15,2022-03-16,2023-03-15,1,0.5232339735863749,1.0,0.01596857568723542,0.01596857568723542,5.0,0.0,0.01596857568723542,0.0,0.0,0.0,0.0,0.5232339735863749,0.65,1.0
2022-10-25,366.3719787597656,7,2010-03-16,2022-03-15,2022-03-16,2023-03-15,0,0.5346764007074642,1.0,-0.007534186841336554,-0.007534186841336554,5.0,0.0,-0.007534186841336554,0.0,-0.0,0.0,-0.0,0.5346764007074642,0.65,1.0
2022-10-26,363.6116638183594,7,2010-03-16,2022-03-15,2022-03-16,2023-03-15,0,0.5586192858445168,1.0,-0.005339985213381637,-0.005339985213381637,5.0,0.0,-0.005339985213381637,0.0,-0.0,0.0,-0.0,0.5586192858445168,0.65,1.0
2022-10-27,361.66998291015625,7,2010-03-16,2022-03-15,2022-03-16,2023-03-15,1,0.5033523361227376,1.0,0.02379066697200849,0.02379066697200849,5.0,0.0,0.02379066697200849,0.0,0.0,0.0,0.0,0.5033523361227376,0.65,1.0
2022-10-28,370.27435302734375,7,2010-03-16,2022-03-15,2022-03-16,2023-03-15,0,0.44577781316443277,0.0,-0.007223350902280101,0.0,5.0,0.0005,-0.0005,1.0,-0.007223350902280101,0.0005,-0.007723350902280102,0.44577781316443277,0.65,1.0
2022-10-31,367.5997314453125,7,2010-03-16,2022-03-15,2022-03-16,2023-03-15,0,0.5527203880615247,1.0,-0.004375656053692389,-0.004375656053692389,5.0,0.0005,-0.00487565605369239,1.0,-0.004375656053692389,0.0,-0.004375656053692389,0.5527203880615247,0.65,1.0
2022-11-01,365.9912414550781,7,2010-03-16,2022-03-15,2022-03-16,2023-03-15,0,0.5929539243581515,1.0,-0.02509622230870001,-0.02509622230870001,5.0,0.0,-0.02509622230870001,1.0,-0.02509622230870001,0.0,-0.02509622230870001,0.5929539243581515,0.65,1.0
2022-11-02,356.8062438964844,7,2010-03-16,2022-03-15,2022-03-16,2023-03-15,0,0.6079318455153085,1.0,-0.010296850954089498,-0.010296850954089498,5.0,0.0,-0.010296850954089498,0.0,-0.0,0.0005,-0.0005,0.6079318455153085,0.35,1.0
2022-11-03,353.13226318359375,7,2010-03-16,2022-03-15,2022-03-16,2023-03-15,1,0.5279919149294477,1.0,0.014392938889704165,0.014392938889704165,5.0,0.0,0.014392938889704165,0.0,0.0,0.0,0.0,0.5279919149294477,0.35,1.0
2022-11-04,358.2148742675781,7,2010-03-16,2022-03-15,2022-03-16,2023-03-15,1,0.5619825443051213,1.0,0.009565611133427021,0.009565611133427021,5.0,0.0,0.009565611133427021,0.0,0.0,0.0,0.0,0.5619825443051213,0.65,1.0
2022-11-07,361.64141845703125,7,2010-03-16,2022-03-15,2022-03-16,2023-03-15,1,0.5810644837106429,1.0,0.005395490700377481,0.005395490700377481,5.0,0.0,0.005395490700377481,1.0,0.005395490700377481,0.0005,0.004895490700377481,0.5810644837106429,0.65,1.0
2022-11-08,363.5926513671875,7,2010-03-16,2022-03-15,2022-03-16,2023-03-15,0,0.5972107260030405,1.0,-0.020602215641095323,-0.020602215641095323,5.0,0.0,-0.020602215641095323,1.0,-0.020602215641095323,0.0,-0.020602215641095323,0.5972107260030405,0.65,1.0
2022-11-09,356.1018371582031,7,2010-03-16,2022-03-15,2022-03-16,2023-03-15,1,0.5635882289054056,1.0,0.05495415316728569,0.05495415316728569,5.0,0.0,0.05495415316728569,0.0,0.0,0.0005,-0.0005,0.5635882289054056,0.65,1.0
2022-11-10,375.6711120605469,7,2010-03-16,2022-03-15,2022-03-16,2023-03-15,1,0.4185949836130469,0.0,0.009678642332070053,0.0,5.0,0.0005,-0.0005,1.0,0.009678642332070053,0.0005,0.009178642332070053,0.4185949836130469,0.65,1.0
2022-11-11,379.3070983886719,7,2010-03-16,2022-03-15,2022-03-16,2023-03-15,0,0.5480154899516307,0.0,-0.008506867131139906,0.0,5.0,0.0,0.0,1.0,-0.008506867131139906,0.0,-0.008506867131139906,0.5480154899516307,0.65,1.0
2022-11-14,376.08038330078125,7,2010-03-16,2022-03-15,2022-03-16,2023-03-15,1,0.6026956771145149,1.0,0.00852913830125801,0.00852913830125801,5.0,0.0005,0.00802913830125801,1.0,0.00852913830125801,0.0,0.00852913830125801,0.6026956771145149,0.65,1.0
2022-11-15,379.28802490234375,7,2010-03-16,2022-03-15,2022-03-16,2023-03-15,0,0.5607861731148592,1.0,-0.0076289112693315175,-0.0076289112693315175,5.0,0.0,-0.0076289112693315175,1.0,-0.0076289112693315175,0.0,-0.0076289112693315175,0.5607861731148592,0.65,1.0
2022-11-16,376.39447021484375,7,2010-03-16,2022-03-15,2022-03-16,2023-03-15,0,0.4854871493299631,1.0,-0.0030597483608723053,-0.0030597483608723053,5.0,0.0,-0.0030597483608723053,1.0,-0.0030597483608723053,0.0,-0.0030597483608723053,0.4854871493299631,0.65,1.0
2022-11-17,375.2427978515625,7,2010-03-16,2022-03-15,2022-03-16,2023-03-15,1,0.5645616472985648,1.0,0.0045405172237116265,0.0045405172237116265,5.0,0.0,0.0045405172237116265,1.0,0.0045405172237116265,0.0,0.0045405172237116265,0.5645616472985648,0.65,1.0
2022-11-18,376.94659423828125,7,2010-03-16,2022-03-15,2022-03-16,2023-03-15,0,0.5763508097713272,1.0,-0.003636235278039912,-0.003636235278039912,5.0,0.0,-0.003636235278039912,1.0,-0.003636235278039912,0.0,-0.003636235278039912,0.5763508097713272,0.65,1.0
2022-11-21,375.575927734375,7,2010-03-16,2022-03-15,2022-03-16,2023-03-15,1,0.5833563713919586,1.0,0.013457115666759112,0.013457115666759112,5.0,0.0,0.013457115666759112,1.0,0.013457115666759112,0.0,0.013457115666759112,0.5833563713919586,0.65,1.0
2022-11-22,380.6300964355469,7,2010-03-16,2022-03-15,2022-03-16,2023-03-15,1,0.5859200253548991,1.0,0.006301549963531716,0.006301549963531716,5.0,0.0,0.006301549963531716,1.0,0.006301549963531716,0.0,0.006301549963531716,0.5859200253548991,0.65,1.0
2022-11-23,383.0286560058594,7,2010-03-16,2022-03-15,2022-03-16,2023-03-15,0,0.5428589549870433,1.0,-0.0002237257135500048,-0.0002237257135500048,5.0,0.0,-0.0002237257135500048,1.0,-0.0002237257135500048,0.0,-0.0002237257135500048,0.5428589549870433,0.65,1.0
2022-11-25,382.9429626464844,7,2010-03-16,2022-03-15,2022-03-16,2023-03-15,0,0.5565383943274252,1.0,-0.015956774935200202,-0.015956774935200202,5.0,0.0,-0.015956774935200202,1.0,-0.015956774935200202,0.0,-0.015956774935200202,0.5565383943274252,0.65,1.0
2022-11-28,376.8324279785156,7,2010-03-16,2022-03-15,2022-03-16,2023-03-15,0,0.6531838472385604,1.0,-0.001717842784019652,-0.001717842784019652,5.0,0.0,-0.001717842784019652,1.0,-0.001717842784019652,0.0,-0.001717842784019652,0.6531838472385604,0.65,1.0
2022-11-29,376.1850891113281,7,2010-03-16,2022-03-15,2022-03-16,2023-03-15,1,0.5495882460863616,1.0,0.031500710685380406,0.031500710685380406,5.0,0.0,0.031500710685380406,1.0,0.031500710685380406,0.0,0.031500710685380406,0.5495882460863616,0.65,1.0
2022-11-30,388.0351867675781,7,2010-03-16,2022-03-15,2022-03-16,2023-03-15,0,0.5431121904955678,1.0,-0.0007357372555246711,-0.0007357372555246711,5.0,0.0,-0.0007357372555246711,1.0,-0.0007357372555246711,0.0,-0.0007357372555246711,0.5431121904955678,0.65,1.0
2022-12-01,387.74969482421875,7,2010-03-16,2022-03-15,2022-03-16,2023-03-15,0,0.5773989052323933,1.0,-0.001153805409222386,-0.001153805409222386,5.0,0.0,-0.001153805409222386,1.0,-0.001153805409222386,0.0,-0.001153805409222386,0.5773989052323933,0.65,1.0
2022-12-02,387.30230712890625,7,2010-03-16,2022-03-15,2022-03-16,2023-03-15,0,0.568474846072541,1.0,-0.01798926840353443,-0.01798926840353443,5.0,0.0,-0.01798926840353443,1.0,-0.01798926840353443,0.0,-0.01798926840353443,0.568474846072541,0.65,1.0
2022-12-05,380.33502197265625,7,2010-03-16,2022-03-15,2022-03-16,2023-03-15,0,0.5520331171194043,1.0,-0.014414797680588731,-0.014414797680588731,5.0,0.0,-0.014414797680588731,1.0,-0.014414797680588731,0.0,-0.014414797680588731,0.5520331171194043,0.65,1.0
2022-12-06,374.8525695800781,7,2010-03-16,2022-03-15,2022-03-16,2023-03-15,0,0.5330723739147695,1.0,-0.0017011896522795,-0.0017011896522795,5.0,0.0,-0.0017011896522795,1.0,-0.0017011896522795,0.0,-0.0017011896522795,0.5330723739147695,0.65,1.0
2022-12-07,374.2148742675781,7,2010-03-16,2022-03-15,2022-03-16,2023-03-15,1,0.5705719378882916,1.0,0.007833865711520227,0.007833865711520227,5.0,0.0,0.007833865711520227,1.0,0.007833865711520227,0.0,0.007833865711520227,0.5705719378882916,0.65,1.0
2022-12-08,377.14642333984375,7,2010-03-16,2022-03-15,2022-03-16,2023-03-15,0,0.5557924529819536,1.0,-0.007470100743352637,-0.007470100743352637,5.0,0.0,-0.007470100743352637,1.0,-0.007470100743352637,0.0,-0.007470100743352637,0.5557924529819536,0.65,1.0
2022-12-09,374.3291015625,7,2010-03-16,2022-03-15,2022-03-16,2023-03-15,1,0.6369250786370433,1.0,0.014417232131443525,0.014417232131443525,5.0,0.0,0.014417232131443525,1.0,0.014417232131443525,0.0,0.014417232131443525,0.6369250786370433,0.35,1.0
2022-12-12,379.72589111328125,7,2010-03-16,2022-03-15,2022-03-16,2023-03-15,1,0.538031541058,1.0,0.0075698846679757015,0.0075698846679757015,5.0,0.0,0.0075698846679757015,1.0,0.0075698846679757015,0.0,0.0075698846679757015,0.538031541058,0.65,1.0
2022-12-13,382.6003723144531,7,2010-03-16,2022-03-15,2022-03-16,2023-03-15,0,0.5283987194829304,1.0,-0.006393450324713612,-0.006393450324713612,5.0,0.0,-0.006393450324713612,1.0,-0.006393450324713612,0.0,-0.006393450324713612,0.5283987194829304,0.65,1.0
2022-12-14,380.15423583984375,7,2010-03-16,2022-03-15,2022-03-16,2023-03-15,0,0.5568411276617438,1.0,-0.024461876291152485,-0.024461876291152485,5.0,0.0,-0.024461876291152485,1.0,-0.024461876291152485,0.0,-0.024461876291152485,0.5568411276617438,0.65,1.0
2022-12-15,370.8549499511719,7,2010-03-16,2022-03-15,2022-03-16,2023-03-15,0,0.5965789833070412,1.0,-0.01180595243238347,-0.01180595243238347,5.0,0.0,-0.01180595243238347,1.0,-0.01180595243238347,0.0,-0.01180595243238347,0.5965789833070412,0.35,1.0
2022-12-16,366.4766540527344,7,2010-03-16,2022-03-15,2022-03-16,2023-03-15,0,0.536437208241124,1.0,-0.008479847164228449,-0.008479847164228449,5.0,0.0,-0.008479847164228449,0.0,-0.0,0.0005,-0.0005,0.536437208241124,0.35,1.0
2022-12-19,363.3689880371094,7,2010-03-16,2022-03-15,2022-03-16,2023-03-15,1,0.5625492113435414,1.0,0.0013684530995747846,0.0013684530995747846,5.0,0.0,0.0013684530995747846,0.0,0.0,0.0,0.0,0.5625492113435414,0.35,1.0
2022-12-20,363.8662414550781,7,2010-03-16,2022-03-15,2022-03-16,2023-03-15,1,0.5951954586496406,1.0,0.01495248452823228,0.01495248452823228,5.0,0.0,0.01495248452823228,0.0,0.0,0.0,0.0,0.5951954586496406,0.35,1.0
2022-12-21,369.30694580078125,7,2010-03-16,2022-03-15,2022-03-16,2023-03-15,0,0.5819567792682594,1.0,-0.01426622429543567,-0.01426622429543567,5.0,0.0,-0.01426622429543567,1.0,-0.01426622429543567,0.0005,-0.01476622429543567,0.5819567792682594,0.35,1.0
2022-12-22,364.038330078125,7,2010-03-16,2022-03-15,2022-03-16,2023-03-15,1,0.6099944409352035,1.0,0.005752460765568568,0.005752460765568568,5.0,0.0,0.005752460765568568,0.0,0.0,0.0005,-0.0005,0.6099944409352035,0.35,1.0
2022-12-23,366.1324462890625,7,2010-03-16,2022-03-15,2022-03-16,2023-03-15,0,0.5392270633145452,1.0,-0.003943678595112243,-0.003943678595112243,5.0,0.0,-0.003943678595112243,0.0,-0.0,0.0,-0.0,0.5392270633145452,0.35,1.0
2022-12-27,364.68853759765625,7,2010-03-16,2022-03-15,2022-03-16,2023-03-15,0,0.5650727636237313,1.0,-0.012427914913615057,-0.012427914913615057,5.0,0.0,-0.012427914913615057,0.0,-0.0,0.0,-0.0,0.5650727636237313,0.35,1.0
2022-12-28,360.1562194824219,7,2010-03-16,2022-03-15,2022-03-16,2023-03-15,1,0.5976081025038033,1.0,0.018000442143475626,0.018000442143475626,5.0,0.0,0.018000442143475626,0.0,0.0,0.0,0.0,0.5976081025038033,0.35,1.0
2022-12-29,366.6391906738281,7,2010-03-16,2022-03-15,2022-03-16,2023-03-15,0,0.5823037202380927,1.0,-0.002634252794211589,-0.002634252794211589,5.0,0.0,-0.002634252794211589,0.0,-0.0,0.0,-0.0,0.5823037202380927,0.35,1.0
2022-12-30,365.6733703613281,7,2010-03-16,2022-03-15,2022-03-16,2023-03-15,0,0.5830299342939645,1.0,-0.004209762914478166,-0.004209762914478166,5.0,0.0,-0.004209762914478166,0.0,-0.0,0.0,-0.0,0.5830299342939645,0.35,1.0
2023-01-03,364.13397216796875,7,2010-03-16,2022-03-15,2022-03-16,2023-03-15,1,0.5912976585085584,1.0,0.007720201791125092,0.007720201791125092,5.0,0.0,0.007720201791125092,0.0,0.0,0.0,0.0,0.5912976585085584,0.35,1.0
2023-01-04,366.9451599121094,7,2010-03-16,2022-03-15,2022-03-16,2023-03-15,0,0.5574538248736974,1.0,-0.011413450316569484,-0.011413450316569484,5.0,0.0,-0.011413450316569484,0.0,-0.0,0.0,-0.0,0.5574538248736974,0.35,1.0
2023-01-05,362.7570495605469,7,2010-03-16,2022-03-15,2022-03-16,2023-03-15,1,0.5673759878075267,1.0,0.022932283924813168,0.022932283924813168,5.0,0.0,0.022932283924813168,0.0,0.0,0.0,0.0,0.5673759878075267,0.35,1.0
2023-01-06,371.0758972167969,7,2010-03-16,2022-03-15,2022-03-16,2023-03-15,0,0.5290631374921524,1.0,-0.0005670503062853438,-0.0005670503062853438,5.0,0.0,-0.0005670503062853438,0.0,-0.0,0.0,-0.0,0.5290631374921524,0.35,1.0
2023-01-09,370.865478515625,7,2010-03-16,2022-03-15,2022-03-16,2023-03-15,1,0.5573989180222587,1.0,0.007012866467201784,0.007012866467201784,5.0,0.0,0.007012866467201784,0.0,0.0,0.0,0.0,0.5573989180222587,0.35,1.0
2023-01-10,373.46630859375,7,2010-03-16,2022-03-15,2022-03-16,2023-03-15,1,0.5364756635039589,1.0,0.01264767427721969,0.01264767427721969,5.0,0.0,0.01264767427721969,1.0,0.01264767427721969,0.0005,0.012147674277219689,0.5364756635039589,0.35,1.0
2023-01-11,378.1897888183594,7,2010-03-16,2022-03-15,2022-03-16,2023-03-15,1,0.5509505483604885,1.0,0.0036407436968242113,0.0036407436968242113,5.0,0.0,0.0036407436968242113,1.0,0.0036407436968242113,0.0,0.0036407436968242113,0.5509505483604885,0.35,1.0
2023-01-12,379.5666809082031,7,2010-03-16,2022-03-15,2022-03-16,2023-03-15,1,0.5331512388258525,1.0,0.0038797550114206825,0.0038797550114206825,5.0,0.0,0.0038797550114206825,1.0,0.0038797550114206825,0.0,0.0038797550114206825,0.5331512388258525,0.35,1.0
2023-01-13,381.039306640625,7,2010-03-16,2022-03-15,2022-03-16,2023-03-15,0,0.5631339483234575,1.0,-0.0018318268869130794,-0.0018318268869130794,5.0,0.0,-0.0018318268869130794,1.0,-0.0018318268869130794,0.0,-0.0018318268869130794,0.5631339483234575,0.65,1.0
2023-01-17,380.34130859375,7,2010-03-16,2022-03-15,2022-03-16,2023-03-15,0,0.5654123464310505,1.0,-0.015788142588829213,-0.015788142588829213,5.0,0.0,-0.015788142588829213,1.0,-0.015788142588829213,0.0,-0.015788142588829213,0.5654123464310505,0.65,1.0
2023-01-18,374.33642578125,7,2010-03-16,2022-03-15,2022-03-16,2023-03-15,0,0.5784496444660417,1.0,-0.007279727408265435,-0.007279727408265435,5.0,0.0,-0.007279727408265435,1.0,-0.007279727408265435,0.0,-0.007279727408265435,0.5784496444660417,0.65,1.0
2023-01-19,371.6113586425781,7,2010-03-16,2022-03-15,2022-03-16,2023-03-15,1,0.5449227483133825,1.0,0.01862886807307662,0.01862886807307662,5.0,0.0,0.01862886807307662,0.0,0.0,0.0005,-0.0005,0.5449227483133825,0.65,1.0
2023-01-20,378.5340576171875,7,2010-03-16,2022-03-15,2022-03-16,2023-03-15,1,0.49919398017049604,1.0,0.011998738451526547,0.011998738451526547,5.0,0.0,0.011998738451526547,1.0,0.011998738451526547,0.0005,0.011498738451526547,0.49919398017049604,0.65,1.0
2023-01-23,383.07598876953125,7,2010-03-16,2022-03-15,2022-03-16,2023-03-15,0,0.5516050081600617,1.0,-0.0010732408831485296,-0.0010732408831485296,5.0,0.0,-0.0010732408831485296,1.0,-0.0010732408831485296,0.0,-0.0010732408831485296,0.5516050081600617,0.65,1.0
2023-01-24,382.66485595703125,7,2010-03-16,2022-03-15,2022-03-16,2023-03-15,1,0.5652947615147811,1.0,0.0003746661858263778,0.0003746661858263778,5.0,0.0,0.0003746661858263778,1.0,0.0003746661858263778,0.0,0.0003746661858263778,0.5652947615147811,0.65,1.0
2023-01-25,382.8082275390625,7,2010-03-16,2022-03-15,2022-03-16,2023-03-15,1,0.5387268331395156,1.0,0.01099031717509602,0.01099031717509602,5.0,0.0,0.01099031717509602,1.0,0.01099031717509602,0.0,0.01099031717509602,0.5387268331395156,0.65,1.0
2023-01-26,387.0154113769531,7,2010-03-16,2022-03-15,2022-03-16,2023-03-15,1,0.4779885514617889,1.0,0.002297716532322358,0.002297716532322358,5.0,0.0,0.002297716532322358,1.0,0.002297716532322358,0.0,0.002297716532322358,0.4779885514617889,0.65,1.0
2023-01-27,387.9046630859375,7,2010-03-16,2022-03-15,2022-03-16,2023-03-15,0,0.5365213473576815,1.0,-0.01254667268776466,-0.01254667268776466,5.0,0.0,-0.01254667268776466,1.0,-0.01254667268776466,0.0,-0.01254667268776466,0.5365213473576815,0.65,1.0
2023-01-30,383.0377502441406,7,2010-03-16,2022-03-15,2022-03-16,2023-03-15,1,0.5932559930899504,1.0,0.014703242615294654,0.014703242615294654,5.0,0.0,0.014703242615294654,1.0,0.014703242615294654,0.0,0.014703242615294654,0.5932559930899504,0.65,1.0
2023-01-31,388.6696472167969,7,2010-03-16,2022-03-15,2022-03-16,2023-03-15,1,0.5190003906966419,1.0,0.010627809031882762,0.010627809031882762,5.0,0.0,0.010627809031882762,1.0,0.010627809031882762,0.0,0.010627809031882762,0.5190003906966419,0.65,1.0
2023-02-01,392.80035400390625,7,2010-03-16,2022-03-15,2022-03-16,2023-03-15,1,0.4981689552322351,1.0,0.014556980415781462,0.014556980415781462,5.0,0.0,0.014556980415781462,1.0,0.014556980415781462,0.0,0.014556980415781462,0.4981689552322351,0.65,1.0
2023-02-02,398.5183410644531,7,2010-03-16,2022-03-15,2022-03-16,2023-03-15,0,0.49377585354927916,1.0,-0.01062920061638839,-0.01062920061638839,5.0,0.0,-0.01062920061638839,1.0,-0.01062920061638839,0.0,-0.01062920061638839,0.49377585354927916,0.65,1.0
2023-02-03,394.28240966796875,7,2010-03-16,2022-03-15,2022-03-16,2023-03-15,0,0.5498132129677888,1.0,-0.0061112957538348445,-0.0061112957538348445,5.0,0.0,-0.0061112957538348445,1.0,-0.0061112957538348445,0.0,-0.0061112957538348445,0.5498132129677888,0.65,1.0
2023-02-06,391.8728332519531,7,2010-03-16,2022-03-15,2022-03-16,2023-03-15,1,0.5279563314341646,1.0,0.013078767365717336,0.013078767365717336,5.0,0.0,0.013078767365717336,1.0,0.013078767365717336,0.0,0.013078767365717336,0.5279563314341646,0.65,1.0
2023-02-07,396.998046875,7,2010-03-16,2022-03-15,2022-03-16,2023-03-15,0,0.5100216454962235,1.0,-0.010934801833093033,-0.010934801833093033,5.0,0.0,-0.010934801833093033,1.0,-0.010934801833093033,0.0,-0.010934801833093033,0.5100216454962235,0.65,1.0
2023-02-08,392.6569519042969,7,2010-03-16,2022-03-15,2022-03-16,2023-03-15,0,0.556377007076177,1.0,-0.008669201449988728,-0.008669201449988728,5.0,0.0,-0.008669201449988728,1.0,-0.008669201449988728,0.0,-0.008669201449988728,0.556377007076177,0.65,1.0
2023-02-09,389.2529296875,7,2010-03-16,2022-03-15,2022-03-16,2023-03-15,1,0.5960758441432317,1.0,0.0023335873505687665,0.0023335873505687665,5.0,0.0,0.0023335873505687665,1.0,0.0023335873505687665,0.0,0.0023335873505687665,0.5960758441432317,0.65,1.0
2023-02-10,390.1612854003906,7,2010-03-16,2022-03-15,2022-03-16,2023-03-15,1,0.5600456555619144,1.0,0.011739013618119243,0.011739013618119243,5.0,0.0,0.011739013618119243,1.0,0.011739013618119243,0.0,0.011739013618119243,0.5600456555619144,0.65,1.0
2023-02-13,394.74139404296875,7,2010-03-16,2022-03-15,2022-03-16,2023-03-15,0,0.528137550406608,1.0,-0.0004601509437346385,-0.0004601509437346385,5.0,0.0,-0.0004601509437346385,1.0,-0.0004601509437346385,0.0,-0.0004601509437346385,0.528137550406608,0.65,1.0
2023-02-14,394.55975341796875,7,2010-03-16,2022-03-15,2022-03-16,2023-03-15,1,0.5927037354626701,1.0,0.0032473674937161245,0.0032473674937161245,5.0,0.0,0.0032473674937161245,1.0,0.0032473674937161245,0.0,0.0032473674937161245,0.5927037354626701,0.65,1.0
2023-02-15,395.8410339355469,7,2010-03-16,2022-03-15,2022-03-16,2023-03-15,0,0.5578485746773856,1.0,-0.013768800807406167,-0.013768800807406167,5.0,0.0,-0.013768800807406167,1.0,-0.013768800807406167,0.0,-0.013768800807406167,0.5578485746773856,0.65,1.0
2023-02-16,390.3907775878906,7,2010-03-16,2022-03-15,2022-03-16,2023-03-15,0,0.5821456027789486,1.0,-0.0024982167041566194,-0.0024982167041566194,5.0,0.0,-0.0024982167041566194,1.0,-0.0024982167041566194,0.0,-0.0024982167041566194,0.5821456027789486,0.65,1.0
2023-02-17,389.4154968261719,7,2010-03-16,2022-03-15,2022-03-16,2023-03-15,0,0.5310853203183696,1.0,-0.020061100123530906,-0.020061100123530906,5.0,0.0,-0.020061100123530906,1.0,-0.020061100123530906,0.0,-0.020061100123530906,0.5310853203183696,0.65,1.0
2023-02-21,381.6033935546875,7,2010-03-16,2022-03-15,2022-03-16,2023-03-15,0,0.5937522376026636,1.0,-0.0013780771217765109,-0.0013780771217765109,5.0,0.0,-0.0013780771217765109,1.0,-0.0013780771217765109,0.0,-0.0013780771217765109,0.5937522376026636,0.35,1.0
2023-02-22,381.0775146484375,7,2010-03-16,2022-03-15,2022-03-16,2023-03-15,1,0.574474028178997,1.0,0.005319389183182643,0.005319389183182643,5.0,0.0,0.005319389183182643,1.0,0.005319389183182643,0.0,0.005319389183182643,0.574474028178997,0.35,1.0
2023-02-23,383.1046142578125,7,2010-03-16,2022-03-15,2022-03-16,2023-03-15,0,0.5789616331441407,1.0,-0.010682218574920355,-0.010682218574920355,5.0,0.0,-0.010682218574920355,1.0,-0.010682218574920355,0.0,-0.010682218574920355,0.5789616331441407,0.65,1.0
2023-02-24,379.01220703125,7,2010-03-16,2022-03-15,2022-03-16,2023-03-15,1,0.580529889312871,1.0,0.0034058613763934265,0.0034058613763934265,5.0,0.0,0.0034058613763934265,0.0,0.0,0.0005,-0.0005,0.580529889312871,0.35,1.0
2023-02-27,380.3030700683594,7,2010-03-16,2022-03-15,2022-03-16,2023-03-15,0,0.5599451809695303,1.0,-0.0036960236229666155,-0.0036960236229666155,5.0,0.0,-0.0036960236229666155,1.0,-0.0036960236229666155,0.0005,-0.004196023622966616,0.5599451809695303,0.35,1.0
2023-02-28,378.8974609375,7,2010-03-16,2022-03-15,2022-03-16,2023-03-15,0,0.5704004623946646,1.0,-0.003836187566206406,-0.003836187566206406,5.0,0.0,-0.003836187566206406,0.0,-0.0,0.0005,-0.0005,0.5704004623946646,0.35,1.0
2023-03-01,377.4439392089844,7,2010-03-16,2022-03-15,2022-03-16,2023-03-15,1,0.5691502037790205,1.0,0.007777518957464924,0.007777518957464924,5.0,0.0,0.007777518957464924,0.0,0.0,0.0,0.0,0.5691502037790205,0.35,1.0
2023-03-02,380.3795166015625,7,2010-03-16,2022-03-15,2022-03-16,2023-03-15,1,0.5684133637909665,1.0,0.01603783484897159,0.01603783484897159,5.0,0.0,0.01603783484897159,1.0,0.01603783484897159,0.0005,0.015537834848971588,0.5684133637909665,0.35,1.0
2023-03-03,386.47998046875,7,2010-03-16,2022-03-15,2022-03-16,2023-03-15,1,0.5430884793910961,1.0,0.0006927414780084629,0.0006927414780084629,5.0,0.0,0.0006927414780084629,1.0,0.0006927414780084629,0.0,0.0006927414780084629,0.5430884793910961,0.35,1.0
2023-03-06,386.7477111816406,7,2010-03-16,2022-03-15,2022-03-16,2023-03-15,0,0.5954480571725497,1.0,-0.015328792059369878,-0.015328792059369878,5.0,0.0,-0.015328792059369878,1.0,-0.015328792059369878,0.0,-0.015328792059369878,0.5954480571725497,0.35,1.0
2023-03-07,380.8193359375,7,2010-03-16,2022-03-15,2022-03-16,2023-03-15,1,0.5935467623214612,1.0,0.001632383147971872,0.001632383147971872,5.0,0.0,0.001632383147971872,0.0,0.0,0.0005,-0.0005,0.5935467623214612,0.35,1.0
2023-03-08,381.44097900390625,7,2010-03-16,2022-03-15,2022-03-16,2023-03-15,0,0.5496403642537,1.0,-0.018450030394290495,-0.018450030394290495,5.0,0.0,-0.018450030394290495,1.0,-0.018450030394290495,0.0005,-0.018950030394290496,0.5496403642537,0.35,1.0
2023-03-09,374.40338134765625,7,2010-03-16,2022-03-15,2022-03-16,2023-03-15,0,0.6127435541911368,1.0,-0.01442953266305036,-0.01442953266305036,5.0,0.0,-0.01442953266305036,0.0,-0.0,0.0005,-0.0005,0.6127435541911368,0.35,1.0
2023-03-10,369.00091552734375,7,2010-03-16,2022-03-15,2022-03-16,2023-03-15,0,0.5803853441559136,1.0,-0.00142539066124725,-0.00142539066124725,5.0,0.0,-0.00142539066124725,0.0,-0.0,0.0,-0.0,0.5803853441559136,0.35,1.0
2023-03-13,368.4749450683594,7,2010-03-16,2022-03-15,2022-03-16,2023-03-15,1,0.5518693021710022,1.0,0.01653022269739579,0.01653022269739579,5.0,0.0,0.01653022269739579,0.0,0.0,0.0,0.0,0.5518693021710022,0.35,1.0
2023-03-14,374.56591796875,7,2010-03-16,2022-03-15,2022-03-16,2023-03-15,0,0.5205986506355537,1.0,-0.006254391476592014,-0.006254391476592014,5.0,0.0,-0.006254391476592014,0.0,-0.0,0.0,-0.0,0.5205986506355537,0.35,1.0
2023-03-15,372.2232360839844,7,2010-03-16,2022-03-15,2022-03-16,2023-03-15,1,0.5906206771014845,1.0,0.01754520021339645,0.01754520021339645,5.0,0.0,0.01754520021339645,0.0,0.0,0.0,0.0,0.5906206771014845,0.35,1.0
2023-03-16,378.75396728515625,8,2010-03-16,2023-03-15,2023-03-16,2024-03-15,0,0.47157602948077315,1.0,-0.011692521398339095,-0.011692521398339095,5.0,0.0,-0.011692521398339095,0.0,-0.0,0.0,-0.0,0.5121013726410308,0.35,0.75
2023-03-17,374.32537841796875,8,2010-03-16,2023-03-15,2023-03-16,2024-03-15,1,0.5064210807822256,1.0,0.009615605678640282,0.009615605678640282,5.0,0.0,0.009615605678640282,0.0,0.0,0.0,0.0,0.5585614410429675,0.35,0.75
2023-03-20,377.92474365234375,8,2010-03-16,2023-03-15,2023-03-16,2024-03-15,1,0.48349823416898774,1.0,0.013130420472231563,0.013130420472231563,5.0,0.0,0.013130420472231563,0.0,0.0,0.0,0.0,0.5279976455586504,0.35,0.75
2023-03-21,382.8870544433594,8,2010-03-16,2023-03-15,2023-03-16,2024-03-15,0,0.5785361875581079,1.0,-0.017046345326719337,-0.017046345326719337,5.0,0.0,-0.017046345326719337,0.0,-0.0,0.0,-0.0,0.5547149167441439,0.65,0.75
2023-03-22,376.3602294921875,8,2010-03-16,2023-03-15,2023-03-16,2024-03-15,1,0.5330662981214134,1.0,0.0027031668657599983,0.0027031668657599983,5.0,0.0,0.0027031668657599983,0.0,0.0,0.0,0.0,0.5940883974952178,0.35,0.75
2023-03-23,377.3775939941406,8,2010-03-16,2023-03-15,2023-03-16,2024-03-15,1,0.5146310857604733,1.0,0.006562234931536404,0.006562234931536404,5.0,0.0,0.006562234931536404,0.0,0.0,0.0,0.0,0.5695081143472978,0.35,0.75
2023-03-24,379.8540344238281,8,2010-03-16,2023-03-15,2023-03-16,2024-03-15,1,0.5575357575791586,1.0,0.0018697592531311535,0.0018697592531311535,5.0,0.0,0.0018697592531311535,0.0,0.0,0.0,0.0,0.5267143434388781,0.65,0.75
2023-03-27,380.56427001953125,8,2010-03-16,2023-03-15,2023-03-16,2024-03-15,0,0.5805480994126133,1.0,-0.0022446879914164164,-0.0022446879914164164,5.0,0.0,-0.0022446879914164164,0.0,-0.0,0.0,-0.0,0.5573974658834844,0.65,0.75
2023-03-28,379.71002197265625,8,2010-03-16,2023-03-15,2023-03-16,2024-03-15,1,0.6139793190325478,1.0,0.014534969231666972,0.014534969231666972,5.0,0.0,0.014534969231666972,0.0,0.0,0.0,0.0,0.6019724253767303,0.65,0.75
2023-03-29,385.2290954589844,8,2010-03-16,2023-03-15,2023-03-16,2024-03-15,1,0.5554834105414115,1.0,0.005855098241038581,0.005855098241038581,5.0,0.0,0.005855098241038581,1.0,0.005855098241038581,0.0005,0.0053550982410385806,0.523977880721882,0.65,0.75
2023-03-30,387.4846496582031,8,2010-03-16,2023-03-15,2023-03-16,2024-03-15,1,0.5631674827005312,1.0,0.014094639113176877,0.014094639113176877,5.0,0.0,0.014094639113176877,1.0,0.014094639113176877,0.0,0.014094639113176877,0.5342233102673749,0.65,0.75
2023-03-31,392.94610595703125,8,2010-03-16,2023-03-15,2023-03-16,2024-03-15,1,0.5547537842917033,1.0,0.003810638318031856,0.003810638318031856,5.0,0.0,0.003810638318031856,1.0,0.003810638318031856,0.0,0.003810638318031856,0.5230050457222711,0.65,0.75
2023-04-03,394.4434814453125,8,2010-03-16,2023-03-15,2023-03-16,2024-03-15,0,0.565519383363726,1.0,-0.005548031879616833,-0.005548031879616833,5.0,0.0,-0.005548031879616833,1.0,-0.005548031879616833,0.0,-0.005548031879616833,0.5373591778183013,0.65,0.75
2023-04-04,392.2550964355469,8,2010-03-16,2023-03-15,2023-03-16,2024-03-15,0,0.576297342815709,1.0,-0.002618448093366643,-0.002618448093366643,5.0,0.0,-0.002618448093366643,1.0,-0.002618448093366643,0.0,-0.002618448093366643,0.5517297904209454,0.65,0.75
2023-04-05,391.2279968261719,8,2010-03-16,2023-03-15,2023-03-16,2024-03-15,1,0.5740394869682547,1.0,0.003900775357789543,0.003900775357789543,5.0,0.0,0.003900775357789543,1.0,0.003900775357789543,0.0,0.003900775357789543,0.548719315957673,0.65,0.75
2023-04-06,392.75408935546875,8,2010-03-16,2023-03-15,2023-03-16,2024-03-15,1,0.5615448122332184,1.0,0.0010264366889032317,0.0010264366889032317,5.0,0.0,0.0010264366889032317,1.0,0.0010264366889032317,0.0,0.0010264366889032317,0.5320597496442911,0.65,0.75
2023-04-10,393.1572265625,8,2010-03-16,2023-03-15,2023-03-16,2024-03-15,1,0.5829935529657736,1.0,0.00026864910716284385,0.00026864910716284385,5.0,0.0,0.00026864910716284385,1.0,0.00026864910716284385,0.0,0.00026864910716284385,0.5606580706210315,0.65,0.75
2023-04-11,393.2628479003906,8,2010-03-16,2023-03-15,2023-03-16,2024-03-15,0,0.5845666017840445,1.0,-0.0040759133032660655,-0.0040759133032660655,5.0,0.0,-0.0040759133032660655,1.0,-0.0040759133032660655,0.0,-0.0040759133032660655,0.5627554690453928,0.65,0.75
2023-04-12,391.6599426269531,8,2010-03-16,2023-03-15,2023-03-16,2024-03-15,1,0.5663174216390229,1.0,0.013282620818763524,0.013282620818763524,5.0,0.0,0.013282620818763524,1.0,0.013282620818763524,0.0,0.013282620818763524,0.5384232288520305,0.65,0.75
2023-04-13,396.8622131347656,8,2010-03-16,2023-03-15,2023-03-16,2024-03-15,0,0.5245849315696829,1.0,-0.0024427152664936447,-0.0024427152664936447,5.0,0.0,-0.0024427152664936447,1.0,-0.0024427152664936447,0.0,-0.0024427152664936447,0.48277990875957716,0.65,0.75
2023-04-14,395.8927917480469,8,2010-03-16,2023-03-15,2023-03-16,2024-03-15,1,0.5611154831384944,1.0,0.003588251096636963,0.003588251096636963,5.0,0.0,0.003588251096636963,1.0,0.003588251096636963,0.0,0.003588251096636963,0.5314873108513258,0.65,0.75
2023-04-17,397.3133544921875,8,2010-03-16,2023-03-15,2023-03-16,2024-03-15,1,0.5537765710095544,1.0,0.0006523460338927478,0.0006523460338927478,5.0,0.0,0.0006523460338927478,1.0,0.0006523460338927478,0.0,0.0006523460338927478,0.5217020946794058,0.65,0.75
2023-04-18,397.5725402832031,8,2010-03-16,2023-03-15,2023-03-16,2024-03-15,0,0.5582669378686412,1.0,-0.00016910178092655048,-0.00016910178092655048,5.0,0.0,-0.00016910178092655048,1.0,-0.00016910178092655048,0.0,-0.00016910178092655048,0.5276892504915216,0.65,0.75
2023-04-19,397.50531005859375,8,2010-03-16,2023-03-15,2023-03-16,2024-03-15,0,0.5556019291271104,1.0,-0.005457084259788525,-0.005457084259788525,5.0,0.0,-0.005457084259788525,1.0,-0.005457084259788525,0.0,-0.005457084259788525,0.5241359055028139,0.65,0.75
2023-04-20,395.3360900878906,8,2010-03-16,2023-03-15,2023-03-16,2024-03-15,1,0.5845515557978246,1.0,0.0007770349055102876,0.0007770349055102876,5.0,0.0,0.0007770349055102876,1.0,0.0007770349055102876,0.0,0.0007770349055102876,0.5627354077304328,0.65,0.75
2023-04-21,395.6432800292969,8,2010-03-16,2023-03-15,2023-03-16,2024-03-15,1,0.5676306800295039,1.0,0.0010430840856283652,0.0010430840856283652,5.0,0.0,0.0010430840856283652,1.0,0.0010430840856283652,0.0,0.0010430840856283652,0.5401742400393386,0.65,0.75
2023-04-24,396.05596923828125,8,2010-03-16,2023-03-15,2023-03-16,2024-03-15,0,0.5771491425483555,1.0,-0.01587390994055926,-0.01587390994055926,5.0,0.0,-0.01587390994055926,1.0,-0.01587390994055926,0.0,-0.01587390994055926,0.5528655233978074,0.65,0.75
2023-04-25,389.7690124511719,8,2010-03-16,2023-03-15,2023-03-16,2024-03-15,0,0.597837657944908,1.0,-0.004235531439166995,-0.004235531439166995,5.0,0.0,-0.004235531439166995,1.0,-0.004235531439166995,0.0,-0.004235531439166995,0.5804502105932107,0.65,0.75
2023-04-26,388.1181335449219,8,2010-03-16,2023-03-15,2023-03-16,2024-03-15,1,0.5711780728980325,1.0,0.019908231380213026,0.019908231380213026,5.0,0.0,0.019908231380213026,1.0,0.019908231380213026,0.0,0.019908231380213026,0.5449040971973766,0.65,0.75
2023-04-27,395.8448791503906,8,2010-03-16,2023-03-15,2023-03-16,2024-03-15,1,0.5415891702097122,1.0,0.008535010093635442,0.008535010093635442,5.0,0.0,0.008535010093635442,1.0,0.008535010093635442,0.0,0.008535010093635442,0.505452226946283,0.65,0.75
2023-04-28,399.2234191894531,8,2010-03-16,2023-03-15,2023-03-16,2024-03-15,0,0.5617203850254909,1.0,-0.001009727060280019,-0.001009727060280019,5.0,0.0,-0.001009727060280019,1.0,-0.001009727060280019,0.0,-0.001009727060280019,0.5322938467006546,0.65,0.75
2023-05-01,398.8203125,8,2010-03-16,2023-03-15,2023-03-16,2024-03-15,0,0.5908396196217117,1.0,-0.011239201551450528,-0.011239201551450528,5.0,0.0,-0.011239201551450528,1.0,-0.011239201551450528,0.0,-0.011239201551450528,0.571119492828949,0.65,0.75
2023-05-02,394.337890625,8,2010-03-16,2023-03-15,2023-03-16,2024-03-15,0,0.5040830532997704,1.0,-0.006863976651923509,-0.006863976651923509,5.0,0.0,-0.006863976651923509,1.0,-0.006863976651923509,0.0,-0.006863976651923509,0.5554440710663606,0.35,0.75
2023-05-03,391.63116455078125,8,2010-03-16,2023-03-15,2023-03-16,2024-03-15,0,0.48505394203145424,1.0,-0.007083083650939681,-0.007083083650939681,5.0,0.0,-0.007083083650939681,1.0,-0.007083083650939681,0.0,-0.007083083650939681,0.5300719227086056,0.35,0.75
2023-05-04,388.8572082519531,8,2010-03-16,2023-03-15,2023-03-16,2024-03-15,1,0.5145986161703285,1.0,0.01851260779937447,0.01851260779937447,5.0,0.0,0.01851260779937447,1.0,0.01851260779937447,0.0,0.01851260779937447,0.569464821560438,0.35,0.75
2023-05-05,396.05596923828125,8,2010-03-16,2023-03-15,2023-03-16,2024-03-15,1,0.5728756022998047,1.0,0.0002666058045168729,0.0002666058045168729,5.0,0.0,0.0002666058045168729,1.0,0.0002666058045168729,0.0,0.0002666058045168729,0.547167469733073,0.65,0.75
2023-05-08,396.16156005859375,8,2010-03-16,2023-03-15,2023-03-16,2024-03-15,0,0.6148126984695402,1.0,-0.004385266883704997,-0.004385266883704997,5.0,0.0,-0.004385266883704997,1.0,-0.004385266883704997,0.0,-0.004385266883704997,0.603083597959387,0.65,0.75
2023-05-09,394.4242858886719,8,2010-03-16,2023-03-15,2023-03-16,2024-03-15,1,0.6045047323734373,1.0,0.004672368243401337,0.004672368243401337,5.0,0.0,0.004672368243401337,1.0,0.004672368243401337,0.0,0.004672368243401337,0.589339643164583,0.65,0.75
2023-05-10,396.2671813964844,8,2010-03-16,2023-03-15,2023-03-16,2024-03-15,0,0.5717407247352159,1.0,-0.001743874011032709,-0.001743874011032709,5.0,0.0,-0.001743874011032709,1.0,-0.001743874011032709,0.0,-0.001743874011032709,0.5456542996469546,0.65,0.75
2023-05-11,395.5761413574219,8,2010-03-16,2023-03-15,2023-03-16,2024-03-15,0,0.4872444946967671,1.0,-0.0013104217566116683,-0.0013104217566116683,5.0,0.0,-0.0013104217566116683,1.0,-0.0013104217566116683,0.0,-0.0013104217566116683,0.5329926595956895,0.35,0.75
2023-05-12,395.0577697753906,8,2010-03-16,2023-03-15,2023-03-16,2024-03-15,1,0.5211358232792773,1.0,0.003449990510034917,0.003449990510034917,5.0,0.0,0.003449990510034917,1.0,0.003449990510034917,0.0,0.003449990510034917,0.5781810977057031,0.35,0.75
2023-05-15,396.42071533203125,8,2010-03-16,2023-03-15,2023-03-16,2024-03-15,0,0.5119727145303269,1.0,-0.00668264624384729,-0.00668264624384729,5.0,0.0,-0.00668264624384729,1.0,-0.00668264624384729,0.0,-0.00668264624384729,0.5659636193737692,0.35,0.75
2023-05-16,393.7715759277344,8,2010-03-16,2023-03-15,2023-03-16,2024-03-15,1,0.518433514429773,1.0,0.012139091770687394,0.012139091770687394,5.0,0.0,0.012139091770687394,1.0,0.012139091770687394,0.0,0.012139091770687394,0.5745780192396974,0.35,0.75
2023-05-17,398.5516052246094,8,2010-03-16,2023-03-15,2023-03-16,2024-03-15,1,0.5727226741858247,1.0,0.009633117476543829,0.009633117476543829,5.0,0.0,0.009633117476543829,1.0,0.009633117476543829,0.0,0.009633117476543829,0.5469635655810996,0.65,0.75
2023-05-18,402.3908996582031,8,2010-03-16,2023-03-15,2023-03-16,2024-03-15,0,0.5567440535894,1.0,-0.0014550024287960373,-0.0014550024287960373,5.0,0.0,-0.0014550024287960373,1.0,-0.0014550024287960373,0.0,-0.0014550024287960373,0.5256587381192,0.65,0.75
2023-05-19,401.805419921875,8,2010-03-16,2023-03-15,2023-03-16,2024-03-15,1,0.5642807118353788,1.0,0.00040603477346823347,0.00040603477346823347,5.0,0.0,0.00040603477346823347,1.0,0.00040603477346823347,0.0,0.00040603477346823347,0.535707615780505,0.65,0.75
2023-05-22,401.96856689453125,8,2010-03-16,2023-03-15,2023-03-16,2024-03-15,0,0.5662461644402186,1.0,-0.011222843874589938,-0.011222843874589938,5.0,0.0,-0.011222843874589938,1.0,-0.011222843874589938,0.0,-0.011222843874589938,0.5383282192536247,0.65,0.75
2023-05-23,397.45733642578125,8,2010-03-16,2023-03-15,2023-03-16,2024-03-15,0,0.57096803375439,1.0,-0.007244767727471735,-0.007244767727471735,5.0,0.0,-0.007244767727471735,1.0,-0.007244767727471735,0.0,-0.007244767727471735,0.5446240450058534,0.65,0.75
2023-05-24,394.5778503417969,8,2010-03-16,2023-03-15,2023-03-16,2024-03-15,1,0.5645332002615887,1.0,0.008659868222557598,0.008659868222557598,5.0,0.0,0.008659868222557598,1.0,0.008659868222557598,0.0,0.008659868222557598,0.5360442670154516,0.65,0.75
2023-05-25,397.9948425292969,8,2010-03-16,2023-03-15,2023-03-16,2024-03-15,1,0.5727133005365659,1.0,0.012950662481563624,0.012950662481563624,5.0,0.0,0.012950662481563624,1.0,0.012950662481563624,0.0,0.012950662481563624,0.5469510673820879,0.65,0.75
2023-05-26,403.1491394042969,8,2010-03-16,2023-03-15,2023-03-16,2024-03-15,1,0.5677641102680905,1.0,0.00038098796621532927,0.00038098796621532927,5.0,0.0,0.00038098796621532927,1.0,0.00038098796621532927,0.0,0.00038098796621532927,0.5403521470241206,0.65,0.75
2023-05-30,403.302734375,8,2010-03-16,2023-03-15,2023-03-16,2024-03-15,0,0.5895137401553155,1.0,-0.005545262868599576,-0.005545262868599576,5.0,0.0,-0.005545262868599576,1.0,-0.005545262868599576,0.0,-0.005545262868599576,0.5693516535404207,0.65,0.75
2023-05-31,401.0663146972656,8,2010-03-16,2023-03-15,2023-03-16,2024-03-15,1,0.5732573843956948,1.0,0.009501115533610438,0.009501115533610438,5.0,0.0,0.009501115533610438,1.0,0.009501115533610438,0.0,0.009501115533610438,0.5476765125275932,0.65,0.75
2023-06-01,404.87689208984375,8,2010-03-16,2023-03-15,2023-03-16,2024-03-15,1,0.5312342377194756,1.0,0.014461062277351777,0.014461062277351777,5.0,0.0,0.014461062277351777,1.0,0.014461062277351777,0.0,0.014461062277351777,0.49164565029263424,0.65,0.75
2023-06-02,410.7318420410156,8,2010-03-16,2023-03-15,2023-03-16,2024-03-15,0,0.5402778153590118,1.0,-0.001916284000555435,-0.001916284000555435,5.0,0.0,-0.001916284000555435,1.0,-0.001916284000555435,0.0,-0.001916284000555435,0.5037037538120157,0.65,0.75
2023-06-05,409.94476318359375,8,2010-03-16,2023-03-15,2023-03-16,2024-03-15,1,0.5906869224160394,1.0,0.0021774620395784705,0.0021774620395784705,5.0,0.0,0.0021774620395784705,1.0,0.0021774620395784705,0.0,0.0021774620395784705,0.5709158965547192,0.65,0.75
2023-06-06,410.83740234375,8,2010-03-16,2023-03-15,2023-03-16,2024-03-15,0,0.5803107521153884,1.0,-0.003457724968653264,-0.003457724968653264,5.0,0.0,-0.003457724968653264,1.0,-0.003457724968653264,0.0,-0.003457724968653264,0.5570810028205179,0.65,0.75
2023-06-07,409.4168395996094,8,2010-03-16,2023-03-15,2023-03-16,2024-03-15,1,0.5659049126841006,1.0,0.006048627395324413,0.006048627395324413,5.0,0.0,0.006048627395324413,1.0,0.006048627395324413,0.0,0.006048627395324413,0.5378732169121341,0.65,0.75
2023-06-08,411.89324951171875,8,2010-03-16,2023-03-15,2023-03-16,2024-03-15,1,0.5554873415173247,1.0,0.0017941873841125222,0.0017941873841125222,5.0,0.0,0.0017941873841125222,1.0,0.0017941873841125222,0.0,0.0017941873841125222,0.5239831220230996,0.65,0.75
2023-06-09,412.63226318359375,8,2010-03-16,2023-03-15,2023-03-16,2024-03-15,1,0.5826606924988919,1.0,0.009072020142689263,0.009072020142689263,5.0,0.0,0.009072020142689263,1.0,0.009072020142689263,0.0,0.009072020142689263,0.5602142566651892,0.65,0.75
2023-06-12,416.37567138671875,8,2010-03-16,2023-03-15,2023-03-16,2024-03-15,1,0.5601150092539521,1.0,0.006592885646650615,0.006592885646650615,5.0,0.0,0.006592885646650615,1.0,0.006592885646650615,0.0,0.006592885646650615,0.5301533456719362,0.65,0.75
2023-06-13,419.12078857421875,8,2010-03-16,2023-03-15,2023-03-16,2024-03-15,1,0.5532664898610913,1.0,0.001190716301083139,0.001190716301083139,5.0,0.0,0.001190716301083139,1.0,0.001190716301083139,0.0,0.001190716301083139,0.521021986481455,0.65,0.75
2023-06-14,419.6198425292969,8,2010-03-16,2023-03-15,2023-03-16,2024-03-15,1,0.5290107875200157,1.0,0.012397725311585006,0.012397725311585006,5.0,0.0,0.012397725311585006,1.0,0.012397725311585006,0.0,0.012397725311585006,0.4886810500266877,0.65,0.75
2023-06-15,424.8221740722656,8,2010-03-16,2023-03-15,2023-03-16,2024-03-15,0,0.5217834443707041,1.0,-0.003406181627724658,-0.003406181627724658,5.0,0.0,-0.003406181627724658,1.0,-0.003406181627724658,0.0,-0.003406181627724658,0.4790445924942722,0.65,0.75
2023-06-16,423.3751525878906,8,2010-03-16,2023-03-15,2023-03-16,2024-03-15,0,0.54512065807553,1.0,-0.005188220676807687,-0.005188220676807687,5.0,0.0,-0.005188220676807687,1.0,-0.005188220676807687,0.0,-0.005188220676807687,0.51016087743404,0.65,0.75
2023-06-20,421.1785888671875,8,2010-03-16,2023-03-15,2023-03-16,2024-03-15,0,0.5621044705817689,1.0,-0.005123764779533357,-0.005123764779533357,5.0,0.0,-0.005123764779533357,1.0,-0.005123764779533357,0.0,-0.005123764779533357,0.5328059607756919,0.65,0.75
2023-06-21,419.02056884765625,8,2010-03-16,2023-03-15,2023-03-16,2024-03-15,1,0.5715042579205052,1.0,0.0036097827997971788,0.0036097827997971788,5.0,0.0,0.0036097827997971788,1.0,0.0036097827997971788,0.0,0.0036097827997971788,0.5453390105606736,0.65,0.75
2023-06-22,420.53314208984375,8,2010-03-16,2023-03-15,2023-03-16,2024-03-15,0,0.5582387221158444,1.0,-0.007559998055156614,-0.007559998055156614,5.0,0.0,-0.007559998055156614,1.0,-0.007559998055156614,0.0,-0.007559998055156614,0.5276516294877924,0.65,0.75
2023-06-23,417.3539123535156,8,2010-03-16,2023-03-15,2023-03-16,2024-03-15,0,0.5958646554038273,1.0,-0.0040858877321948706,-0.0040858877321948706,5.0,0.0,-0.0040858877321948706,1.0,-0.0040858877321948706,0.0,-0.0040858877321948706,0.5778195405384363,0.65,0.75
2023-06-26,415.6486511230469,8,2010-03-16,2023-03-15,2023-03-16,2024-03-15,1,0.5815952499041217,1.0,0.010963382825592616,0.010963382825592616,5.0,0.0,0.010963382825592616,1.0,0.010963382825592616,0.0,0.010963382825592616,0.558793666538829,0.65,0.75
2023-06-27,420.20556640625,8,2010-03-16,2023-03-15,2023-03-16,2024-03-15,1,0.566596847034243,1.0,0.0005043830853805886,0.0005043830853805886,5.0,0.0,0.0005043830853805886,1.0,0.0005043830853805886,0.0,0.0005043830853805886,0.5387957960456573,0.65,0.75
2023-06-28,420.4175109863281,8,2010-03-16,2023-03-15,2023-03-16,2024-03-15,1,0.5728407324213441,1.0,0.003941423498616148,0.003941423498616148,5.0,0.0,0.003941423498616148,1.0,0.003941423498616148,0.0,0.003941423498616148,0.5471209765617921,0.65,0.75
2023-06-29,422.0745544433594,8,2010-03-16,2023-03-15,2023-03-16,2024-03-15,1,0.5721696858422167,1.0,0.011800696993804705,0.011800696993804705,5.0,0.0,0.011800696993804705,1.0,0.011800696993804705,0.0,0.011800696993804705,0.5462262477896224,0.65,0.75
2023-06-30,427.0553283691406,8,2010-03-16,2023-03-15,2023-03-16,2024-03-15,1,0.5499322167287791,1.0,0.0011505851648474508,0.0011505851648474508,5.0,0.0,0.0011505851648474508,1.0,0.0011505851648474508,0.0,0.0011505851648474508,0.5165762889717055,0.65,0.75
2023-07-03,427.54669189453125,8,2010-03-16,2023-03-15,2023-03-16,2024-03-15,0,0.5703927264423969,1.0,-0.0014871679568303486,-0.0014871679568303486,5.0,0.0,-0.0014871679568303486,1.0,-0.0014871679568303486,0.0,-0.0014871679568303486,0.5438569685898625,0.65,0.75
2023-07-05,426.9108581542969,8,2010-03-16,2023-03-15,2023-03-16,2024-03-15,0,0.605354405762299,1.0,-0.007830715743746053,-0.007830715743746053,5.0,0.0,-0.007830715743746053,1.0,-0.007830715743746053,0.0,-0.007830715743746053,0.5904725410163988,0.65,0.75
2023-07-06,423.5678405761719,8,2010-03-16,2023-03-15,2023-03-16,2024-03-15,0,0.5857716347618718,1.0,-0.0025245918954691637,-0.0025245918954691637,5.0,0.0,-0.0025245918954691637,1.0,-0.0025245918954691637,0.0,-0.0025245918954691637,0.5643621796824957,0.65,0.75
2023-07-07,422.4985046386719,8,2010-03-16,2023-03-15,2023-03-16,2024-03-15,1,0.5766144327037941,1.0,0.0025309815910816713,0.0025309815910816713,5.0,0.0,0.0025309815910816713,1.0,0.0025309815910816713,0.0,0.0025309815910816713,0.5521525769383921,0.65,0.75
2023-07-10,423.5678405761719,8,2010-03-16,2023-03-15,2023-03-16,2024-03-15,1,0.5837830703364909,1.0,0.0063686144810561895,0.0063686144810561895,5.0,0.0,0.0063686144810561895,1.0,0.0063686144810561895,0.0,0.0063686144810561895,0.5617107604486545,0.65,0.75
2023-07-11,426.265380859375,8,2010-03-16,2023-03-15,2023-03-16,2024-03-15,1,0.5788975427872106,1.0,0.008045825761190173,0.008045825761190173,5.0,0.0,0.008045825761190173,1.0,0.008045825761190173,0.0,0.008045825761190173,0.5551967237162808,0.65,0.75
2023-07-12,429.6950378417969,8,2010-03-16,2023-03-15,2023-03-16,2024-03-15,1,0.5690402251354143,1.0,0.007936792586096031,0.007936792586096031,5.0,0.0,0.007936792586096031,1.0,0.007936792586096031,0.0,0.007936792586096031,0.5420536335138858,0.65,0.75
2023-07-13,433.1054382324219,8,2010-03-16,2023-03-15,2023-03-16,2024-03-15,0,0.5528936070421893,1.0,-0.0006227452524482091,-0.0006227452524482091,5.0,0.0,-0.0006227452524482091,1.0,-0.0006227452524482091,0.0,-0.0006227452524482091,0.5205248093895857,0.65,0.75
2023-07-14,432.8357238769531,8,2010-03-16,2023-03-15,2023-03-16,2024-03-15,1,0.5565384868173834,1.0,0.0034722866080416637,0.0034722866080416637,5.0,0.0,0.0034722866080416637,1.0,0.0034722866080416637,0.0,0.0034722866080416637,0.5253846490898445,0.65,0.75
2023-07-17,434.3386535644531,8,2010-03-16,2023-03-15,2023-03-16,2024-03-15,1,0.5559703382758558,1.0,0.007430646491398685,0.007430646491398685,5.0,0.0,0.007430646491398685,1.0,0.007430646491398685,0.0,0.007430646491398685,0.5246271177011411,0.65,0.75
2023-07-18,437.5660705566406,8,2010-03-16,2023-03-15,2023-03-16,2024-03-15,1,0.5604505539713648,1.0,0.0022236457733608717,0.0022236457733608717,5.0,0.0,0.0022236457733608717,1.0,0.0022236457733608717,0.0,0.0022236457733608717,0.5306007386284864,0.65,0.75
2023-07-19,438.5390625,8,2010-03-16,2023-03-15,2023-03-16,2024-03-15,0,0.5636104058416718,1.0,-0.006634494192364615,-0.006634494192364615,5.0,0.0,-0.006634494192364615,1.0,-0.006634494192364615,0.0,-0.006634494192364615,0.5348138744555624,0.65,0.75
2023-07-20,435.62957763671875,8,2010-03-16,2023-03-15,2023-03-16,2024-03-15,0,0.5818049434998964,1.0,0.0,0.0,5.0,0.0,0.0,1.0,0.0,0.0,0.0,0.5590732579998619,0.65,0.75
2023-07-21,435.62957763671875,8,2010-03-16,2023-03-15,2023-03-16,2024-03-15,1,0.566333297386956,1.0,0.004467271138958395,0.004467271138958395,5.0,0.0,0.004467271138958395,1.0,0.004467271138958395,0.0,0.004467271138958395,0.5384443965159413,0.65,0.75
2023-07-24,437.5756530761719,8,2010-03-16,2023-03-15,2023-03-16,2024-03-15,1,0.5661968352493115,1.0,0.0027301361601883567,0.0027301361601883567,5.0,0.0,0.0027301361601883567,1.0,0.0027301361601883567,0.0,0.0027301361601883567,0.538262446999082,0.65,0.75
2023-07-25,438.7702941894531,8,2010-03-16,2023-03-15,2023-03-16,2024-03-15,1,0.5806882064039843,1.0,0.00015364150894181527,0.00015364150894181527,5.0,0.0,0.00015364150894181527,1.0,0.00015364150894181527,0.0,0.00015364150894181527,0.5575842752053124,0.65,0.75
2023-07-26,438.83770751953125,8,2010-03-16,2023-03-15,2023-03-16,2024-03-15,0,0.5749794511798293,1.0,-0.006629909635952669,-0.006629909635952669,5.0,0.0,-0.006629909635952669,1.0,-0.006629909635952669,0.0,-0.006629909635952669,0.5499726015731058,0.65,0.75
2023-07-27,435.9282531738281,8,2010-03-16,2023-03-15,2023-03-16,2024-03-15,1,0.560029068479131,1.0,0.009790264228414891,0.009790264228414891,5.0,0.0,0.009790264228414891,1.0,0.009790264228414891,0.0,0.009790264228414891,0.5300387579721747,0.65,0.75
2023-07-28,440.19610595703125,8,2010-03-16,2023-03-15,2023-03-16,2024-03-15,1,0.5333244788140128,1.0,0.001904003134700183,0.001904003134700183,5.0,0.0,0.001904003134700183,1.0,0.001904003134700183,0.0,0.001904003134700183,0.4944326384186838,0.65,0.75
2023-07-31,441.03424072265625,8,2010-03-16,2023-03-15,2023-03-16,2024-03-15,0,0.5661012453581143,1.0,-0.002861579276229098,-0.002861579276229098,5.0,0.0,-0.002861579276229098,1.0,-0.002861579276229098,0.0,-0.002861579276229098,0.5381349938108191,0.65,0.75
2023-08-01,439.7721862792969,8,2010-03-16,2023-03-15,2023-03-16,2024-03-15,0,0.5877326427830606,1.0,-0.013910802955215518,-0.013910802955215518,5.0,0.0,-0.013910802955215518,1.0,-0.013910802955215518,0.0,-0.013910802955215518,0.5669768570440807,0.65,0.75
2023-08-02,433.65460205078125,8,2010-03-16,2023-03-15,2023-03-16,2024-03-15,0,0.6065059328112685,1.0,-0.0028658703163421118,-0.0028658703163421118,5.0,0.0,-0.0028658703163421118,1.0,-0.0028658703163421118,0.0,-0.0028658703163421118,0.5920079104150248,0.65,0.75
2023-08-03,432.41180419921875,8,2010-03-16,2023-03-15,2023-03-16,2024-03-15,0,0.5691577839331179,1.0,-0.004522745349619273,-0.004522745349619273,5.0,0.0,-0.004522745349619273,1.0,-0.004522745349619273,0.0,-0.004522745349619273,0.5422103785774905,0.65,0.75
2023-08-04,430.45611572265625,8,2010-03-16,2023-03-15,2023-03-16,2024-03-15,1,0.5889159176340437,1.0,0.00872863356782383,0.00872863356782383,5.0,0.0,0.00872863356782383,1.0,0.00872863356782383,0.0,0.00872863356782383,0.5685545568453916,0.65,0.75
2023-08-07,434.2134094238281,8,2010-03-16,2023-03-15,2023-03-16,2024-03-15,0,0.5824227132874777,1.0,-0.004348796290211676,-0.004348796290211676,5.0,0.0,-0.004348796290211676,1.0,-0.004348796290211676,0.0,-0.004348796290211676,0.5598969510499704,0.65,0.75
2023-08-08,432.3251037597656,8,2010-03-16,2023-03-15,2023-03-16,2024-03-15,0,0.6113617368887613,1.0,-0.00668524156652317,-0.00668524156652317,5.0,0.0,-0.00668524156652317,1.0,-0.00668524156652317,0.0,-0.00668524156652317,0.5984823158516817,0.65,0.75
2023-08-09,429.4349060058594,8,2010-03-16,2023-03-15,2023-03-16,2024-03-15,1,0.5116760156548321,1.0,0.00035887573966597586,0.00035887573966597586,5.0,0.0,0.00035887573966597586,1.0,0.00035887573966597586,0.0,0.00035887573966597586,0.5655680208731094,0.35,0.75
2023-08-10,429.5890197753906,8,2010-03-16,2023-03-15,2023-03-16,2024-03-15,0,0.49369326242784706,1.0,-0.0005829461056167107,-0.0005829461056167107,5.0,0.0,-0.0005829461056167107,1.0,-0.0005829461056167107,0.0,-0.0005829461056167107,0.5415910165704627,0.35,0.75
2023-08-11,429.3385925292969,8,2010-03-16,2023-03-15,2023-03-16,2024-03-15,1,0.5013267278774428,1.0,0.005519965181954856,0.005519965181954856,5.0,0.0,0.005519965181954856,1.0,0.005519965181954856,0.0,0.005519965181954856,0.551768970503257,0.35,0.75
2023-08-14,431.7085266113281,8,2010-03-16,2023-03-15,2023-03-16,2024-03-15,0,0.5229921112852863,1.0,-0.011648902799156646,-0.011648902799156646,5.0,0.0,-0.011648902799156646,1.0,-0.011648902799156646,0.0,-0.011648902799156646,0.5806561483803818,0.35,0.75
2023-08-15,426.6795959472656,8,2010-03-16,2023-03-15,2023-03-16,2024-03-15,0,0.5499996831708824,1.0,-0.00733808692196658,-0.00733808692196658,5.0,0.0,-0.00733808692196658,0.0,-0.0,0.0005,-0.0005,0.6166662442278432,0.35,0.75
2023-08-16,423.548583984375,8,2010-03-16,2023-03-15,2023-03-16,2024-03-15,0,0.5119239112876002,1.0,-0.007619873130607413,-0.007619873130607413,5.0,0.0,-0.007619873130607413,0.0,-0.0,0.0,-0.0,0.5658985483834669,0.35,0.75
2023-08-17,420.3211975097656,8,2010-03-16,2023-03-15,2023-03-16,2024-03-15,1,0.5191761199806885,1.0,0.0004813736356088505,0.0004813736356088505,5.0,0.0,0.0004813736356088505,0.0,0.0,0.0,0.0,0.5755681599742513,0.35,0.75
2023-08-18,420.5235290527344,8,2010-03-16,2023-03-15,2023-03-16,2024-03-15,1,0.5094779936511472,1.0,0.006506302924262242,0.006506302924262242,5.0,0.0,0.006506302924262242,0.0,0.0,0.0,0.0,0.5626373248681963,0.35,0.75
2023-08-21,423.25958251953125,8,2010-03-16,2023-03-15,2023-03-16,2024-03-15,0,0.5265600280037299,1.0,-0.0027088469050865482,-0.0027088469050865482,5.0,0.0,-0.0027088469050865482,0.0,-0.0,0.0,-0.0,0.5854133706716399,0.35,0.75
2023-08-22,422.113037109375,8,2010-03-16,2023-03-15,2023-03-16,2024-03-15,1,0.5335088001838443,1.0,0.01113795746034496,0.01113795746034496,5.0,0.0,0.01113795746034496,0.0,0.0,0.0,0.0,0.5946784002451256,0.35,0.75
2023-08-23,426.81451416015625,8,2010-03-16,2023-03-15,2023-03-16,2024-03-15,0,0.5002679566966945,1.0,-0.013858999569422159,-0.013858999569422159,5.0,0.0,-0.013858999569422159,0.0,-0.0,0.0,-0.0,0.5503572755955927,0.35,0.75
2023-08-24,420.8992919921875,8,2010-03-16,2023-03-15,2023-03-16,2024-03-15,1,0.5211532833284205,1.0,0.007049797172685501,0.007049797172685501,5.0,0.0,0.007049797172685501,0.0,0.0,0.0,0.0,0.5782043777712274,0.35,0.75
2023-08-25,423.8665466308594,8,2010-03-16,2023-03-15,2023-03-16,2024-03-15,1,0.49062494131121337,1.0,0.006341159020794462,0.006341159020794462,5.0,0.0,0.006341159020794462,0.0,0.0,0.0,0.0,0.5374999217482845,0.35,0.75
2023-08-28,426.5543518066406,8,2010-03-16,2023-03-15,2023-03-16,2024-03-15,1,0.5158846669135702,1.0,0.014454831976887128,0.014454831976887128,5.0,0.0,0.014454831976887128,0.0,0.0,0.0,0.0,0.5711795558847602,0.35,0.75
2023-08-29,432.7201232910156,8,2010-03-16,2023-03-15,2023-03-16,2024-03-15,1,0.49644880860596985,1.0,0.0041187998933380765,0.0041187998933380765,5.0,0.0,0.0041187998933380765,1.0,0.0041187998933380765,0.0005,0.0036187998933380765,0.5452650781412931,0.35,0.75
2023-08-30,434.5024108886719,8,2010-03-16,2023-03-15,2023-03-16,2024-03-15,0,0.5904940628511381,1.0,-0.0014635011439638745,-0.0014635011439638745,5.0,0.0,-0.0014635011439638745,1.0,-0.0014635011439638745,0.0,-0.0014635011439638745,0.5706587504681842,0.65,0.75
2023-08-31,433.86651611328125,8,2010-03-16,2023-03-15,2023-03-16,2024-03-15,1,0.5713612061085251,1.0,0.001865380576323794,0.001865380576323794,5.0,0.0,0.001865380576323794,1.0,0.001865380576323794,0.0,0.001865380576323794,0.5451482748113669,0.65,0.75
2023-09-01,434.67584228515625,8,2010-03-16,2023-03-15,2023-03-16,2024-03-15,0,0.5739785981668626,1.0,-0.0043219139621852865,-0.0043219139621852865,5.0,0.0,-0.0043219139621852865,1.0,-0.0043219139621852865,0.0,-0.0043219139621852865,0.5486381308891501,0.65,0.75
2023-09-05,432.7972106933594,8,2010-03-16,2023-03-15,2023-03-16,2024-03-15,0,0.516099737811033,1.0,-0.0067225834847646215,-0.0067225834847646215,5.0,0.0,-0.0067225834847646215,1.0,-0.0067225834847646215,0.0,-0.0067225834847646215,0.5714663170813774,0.35,0.75
2023-09-06,429.8876953125,8,2010-03-16,2023-03-15,2023-03-16,2024-03-15,0,0.5306676654707366,1.0,-0.003070160493406471,-0.003070160493406471,5.0,0.0,-0.003070160493406471,0.0,-0.0,0.0005,-0.0005,0.5908902206276488,0.35,0.75
2023-09-07,428.56787109375,8,2010-03-16,2023-03-15,2023-03-16,2024-03-15,1,0.5203675640510032,1.0,0.0015061973984484833,0.0015061973984484833,5.0,0.0,0.0015061973984484833,0.0,0.0,0.0,0.0,0.5771567520680042,0.35,0.75
2023-09-08,429.21337890625,8,2010-03-16,2023-03-15,2023-03-16,2024-03-15,1,0.50371730062922,1.0,0.006576574834277427,0.006576574834277427,5.0,0.0,0.006576574834277427,0.0,0.0,0.0,0.0,0.55495640083896,0.35,0.75
2023-09-11,432.0361328125,8,2010-03-16,2023-03-15,2023-03-16,2024-03-15,0,0.5830285946126209,1.0,-0.005485640985070206,-0.005485640985070206,5.0,0.0,-0.005485640985070206,1.0,-0.005485640985070206,0.0005,-0.005985640985070206,0.5607047928168278,0.65,0.75
2023-09-12,429.6661376953125,8,2010-03-16,2023-03-15,2023-03-16,2024-03-15,1,0.5227200305988617,1.0,0.0011660380842797302,0.0011660380842797302,5.0,0.0,0.0011660380842797302,0.0,0.0,0.0005,-0.0005,0.5802933741318156,0.35,0.75
2023-09-13,430.1671447753906,8,2010-03-16,2023-03-15,2023-03-16,2024-03-15,1,0.5804922181061531,1.0,0.00862233542288049,0.00862233542288049,5.0,0.0,0.00862233542288049,0.0,0.0,0.0,0.0,0.5573229574748709,0.65,0.75
2023-09-14,433.8761901855469,8,2010-03-16,2023-03-15,2023-03-16,2024-03-15,0,0.5534948493034568,1.0,-0.012048317343959836,-0.012048317343959836,5.0,0.0,-0.012048317343959836,1.0,-0.012048317343959836,0.0005,-0.012548317343959836,0.5213264657379424,0.65,0.75
2023-09-15,428.6487121582031,8,2010-03-16,2023-03-15,2023-03-16,2024-03-15,1,0.5703882106288809,1.0,0.0005863607338791876,0.0005863607338791876,5.0,0.0,0.0005863607338791876,0.0,0.0,0.0005,-0.0005,0.5438509475051745,0.65,0.75
2023-09-18,428.9000549316406,8,2010-03-16,2023-03-15,2023-03-16,2024-03-15,0,0.574450302975335,1.0,-0.0020738289067671056,-0.0020738289067671056,5.0,0.0,-0.0020738289067671056,0.0,-0.0,0.0,-0.0,0.5492670706337799,0.65,0.75
2023-09-19,428.0105895996094,8,2010-03-16,2023-03-15,2023-03-16,2024-03-15,0,0.59164183920877,1.0,-0.009193264252657651,-0.009193264252657651,5.0,0.0,-0.009193264252657651,0.0,-0.0,0.0,-0.0,0.5721891189450267,0.65,0.75
2023-09-20,424.0757751464844,8,2010-03-16,2023-03-15,2023-03-16,2024-03-15,0,0.5957068153504128,1.0,-0.016528360624534222,-0.016528360624534222,5.0,0.0,-0.016528360624534222,0.0,-0.0,0.0,-0.0,0.5776090871338837,0.65,0.75
2023-09-21,417.0664978027344,8,2010-03-16,2023-03-15,2023-03-16,2024-03-15,0,0.5355032931818933,1.0,-0.002248574701449235,-0.002248574701449235,5.0,0.0,-0.002248574701449235,0.0,-0.0,0.0,-0.0,0.5973377242425244,0.35,0.75
2023-09-22,416.1286926269531,8,2010-03-16,2023-03-15,2023-03-16,2024-03-15,1,0.5006358160393676,1.0,0.004205209778298968,0.004205209778298968,5.0,0.0,0.004205209778298968,0.0,0.0,0.0,0.0,0.5508477547191567,0.35,0.75
2023-09-25,417.87860107421875,8,2010-03-16,2023-03-15,2023-03-16,2024-03-15,0,0.5125716677641295,1.0,-0.014691252771662389,-0.014691252771662389,5.0,0.0,-0.014691252771662389,0.0,-0.0,0.0,-0.0,0.5667622236855061,0.35,0.75
2023-09-26,411.73944091796875,8,2010-03-16,2023-03-15,2023-03-16,2024-03-15,1,0.5428104770199698,1.0,0.0003991290167313366,0.0003991290167313366,5.0,0.0,0.0003991290167313366,0.0,0.0,0.0,0.0,0.6070806360266263,0.35,0.75
2023-09-27,411.9037780761719,8,2010-03-16,2023-03-15,2023-03-16,2024-03-15,1,0.5129550415655576,1.0,0.0057976198581890515,0.0057976198581890515,5.0,0.0,0.0057976198581890515,0.0,0.0,0.0,0.0,0.5672733887540768,0.35,0.75
2023-09-28,414.2918395996094,8,2010-03-16,2023-03-15,2023-03-16,2024-03-15,0,0.4978975497359358,1.0,-0.0024270902429852637,-0.0024270902429852637,5.0,0.0,-0.0024270902429852637,0.0,-0.0,0.0,-0.0,0.5471967329812477,0.35,0.75
2023-09-29,413.28631591796875,8,2010-03-16,2023-03-15,2023-03-16,2024-03-15,0,0.5123998363206942,1.0,-0.00039778281309466035,-0.00039778281309466035,5.0,0.0,-0.00039778281309466035,0.0,-0.0,0.0,-0.0,0.566533115094259,0.35,0.75
2023-10-02,413.1219177246094,8,2010-03-16,2023-03-15,2023-03-16,2024-03-15,0,0.5273802717044612,1.0,-0.01338594990876607,-0.01338594990876607,5.0,0.0,-0.01338594990876607,0.0,-0.0,0.0,-0.0,0.5865070289392816,0.35,0.75
2023-10-03,407.5918884277344,8,2010-03-16,2023-03-15,2023-03-16,2024-03-15,1,0.5331537468378468,1.0,0.007281911588457257,0.007281911588457257,5.0,0.0,0.007281911588457257,0.0,0.0,0.0,0.0,0.5942049957837957,0.35,0.75
2023-10-04,410.5599365234375,8,2010-03-16,2023-03-15,2023-03-16,2024-03-15,0,0.5096877735485258,1.0,-0.0003768612261682014,-0.0003768612261682014,5.0,0.0,-0.0003768612261682014,0.0,-0.0,0.0,-0.0,0.5629170313980344,0.35,0.75
2023-10-05,410.40521240234375,8,2010-03-16,2023-03-15,2023-03-16,2024-03-15,1,0.5321695030955726,1.0,0.01187285277284822,0.01187285277284822,5.0,0.0,0.01187285277284822,0.0,0.0,0.0,0.0,0.5928926707940968,0.35,0.75
2023-10-06,415.27789306640625,8,2010-03-16,2023-03-15,2023-03-16,2024-03-15,1,0.5098168413759591,1.0,0.006402271751564159,0.006402271751564159,5.0,0.0,0.006402271751564159,0.0,0.0,0.0,0.0,0.5630891218346121,0.35,0.75
2023-10-09,417.9366149902344,8,2010-03-16,2023-03-15,2023-03-16,2024-03-15,1,0.5172352693671955,1.0,0.005204766400337402,0.005204766400337402,5.0,0.0,0.005204766400337402,0.0,0.0,0.0,0.0,0.5729803591562608,0.35,0.75
2023-10-10,420.11187744140625,8,2010-03-16,2023-03-15,2023-03-16,2024-03-15,1,0.49054265643120787,1.0,0.004096474952539619,0.004096474952539619,5.0,0.0,0.004096474952539619,0.0,0.0,0.0,0.0,0.5373902085749438,0.35,0.75
2023-10-11,421.8328552246094,8,2010-03-16,2023-03-15,2023-03-16,2024-03-15,0,0.4953068317449003,1.0,-0.006096456829201458,-0.006096456829201458,5.0,0.0,-0.006096456829201458,0.0,-0.0,0.0,-0.0,0.5437424423265337,0.35,0.75
2023-10-12,419.26116943359375,8,2010-03-16,2023-03-15,2023-03-16,2024-03-15,0,0.5169975692328763,1.0,-0.004980874704749838,-0.004980874704749838,5.0,0.0,-0.004980874704749838,0.0,-0.0,0.0,-0.0,0.5726634256438351,0.35,0.75
2023-10-13,417.1728820800781,8,2010-03-16,2023-03-15,2023-03-16,2024-03-15,1,0.5210954961110101,1.0,0.0105214214478635,0.0105214214478635,5.0,0.0,0.0105214214478635,0.0,0.0,0.0,0.0,0.5781273281480135,0.35,0.75
2023-10-16,421.5621337890625,8,2010-03-16,2023-03-15,2023-03-16,2024-03-15,0,0.4984198223335098,1.0,-4.6185872219495216e-05,-4.6185872219495216e-05,5.0,0.0,-4.6185872219495216e-05,0.0,-0.0,0.0,-0.0,0.5478930964446797,0.35,0.75
2023-10-17,421.54266357421875,8,2010-03-16,2023-03-15,2023-03-16,2024-03-15,0,0.5164646034458125,1.0,-0.013324877598165807,-0.013324877598165807,5.0,0.0,-0.013324877598165807,0.0,-0.0,0.0,-0.0,0.5719528045944166,0.35,0.75
2023-10-18,415.9256591796875,8,2010-03-16,2023-03-15,2023-03-16,2024-03-15,0,0.5459569135462364,1.0,-0.008786304432619407,-0.008786304432619407,5.0,0.0,-0.008786304432619407,0.0,-0.0,0.0,-0.0,0.6112758847283153,0.35,0.75
2023-10-19,412.2712097167969,8,2010-03-16,2023-03-15,2023-03-16,2024-03-15,0,0.5181730904388813,1.0,-0.012288124709320725,-0.012288124709320725,5.0,0.0,-0.012288124709320725,0.0,-0.0,0.0,-0.0,0.5742307872518417,0.35,0.75
2023-10-20,407.2051696777344,8,2010-03-16,2023-03-15,2023-03-16,2024-03-15,0,0.5132573967381171,1.0,-0.001733154596925357,-0.001733154596925357,5.0,0.0,-0.001733154596925357,0.0,-0.0,0.0,-0.0,0.5676765289841561,0.35,0.75
2023-10-23,406.4994201660156,8,2010-03-16,2023-03-15,2023-03-16,2024-03-15,1,0.5251111983584178,1.0,0.0075393164938624135,0.0075393164938624135,5.0,0.0,0.0075393164938624135,0.0,0.0,0.0,0.0,0.5834815978112237,0.35,0.75
2023-10-24,409.56414794921875,8,2010-03-16,2023-03-15,2023-03-16,2024-03-15,0,0.5327510889025016,1.0,-0.014352266568151473,-0.014352266568151473,5.0,0.0,-0.014352266568151473,0.0,-0.0,0.0,-0.0,0.5936681185366688,0.35,0.75
2023-10-25,403.68597412109375,8,2010-03-16,2023-03-15,2023-03-16,2024-03-15,0,0.5508908991179438,1.0,-0.01197454003188092,-0.01197454003188092,5.0,0.0,-0.01197454003188092,0.0,-0.0,0.0,-0.0,0.6178545321572584,0.35,0.75
2023-10-26,398.8520202636719,8,2010-03-16,2023-03-15,2023-03-16,2024-03-15,0,0.5350354613329825,1.0,-0.00453289137074997,-0.00453289137074997,5.0,0.0,-0.00453289137074997,0.0,-0.0,0.0,-0.0,0.5967139484439767,0.35,0.75
2023-10-27,397.0440673828125,8,2010-03-16,2023-03-15,2023-03-16,2024-03-15,1,0.5128964071968357,1.0,0.011955951958211752,0.011955951958211752,5.0,0.0,0.011955951958211752,0.0,0.0,0.0,0.0,0.567195209595781,0.35,0.75
2023-10-30,401.7911071777344,8,2010-03-16,2023-03-15,2023-03-16,2024-03-15,1,0.5056227182254379,1.0,0.006280167441762963,0.006280167441762963,5.0,0.0,0.006280167441762963,0.0,0.0,0.0,0.0,0.5574969576339173,0.35,0.75
2023-10-31,404.3144226074219,8,2010-03-16,2023-03-15,2023-03-16,2024-03-15,1,0.5381767182201624,1.0,0.010664920566928915,0.010664920566928915,5.0,0.0,0.010664920566928915,0.0,0.0,0.0,0.0,0.6009022909602166,0.35,0.75
2023-11-01,408.62640380859375,8,2010-03-16,2023-03-15,2023-03-16,2024-03-15,1,0.5048701382872841,1.0,0.0191641890473917,0.0191641890473917,5.0,0.0,0.0191641890473917,0.0,0.0,0.0,0.0,0.5564935177163788,0.35,0.75
2023-11-02,416.4573974609375,8,2010-03-16,2023-03-15,2023-03-16,2024-03-15,1,0.5361378742318461,1.0,0.009123381010599285,0.009123381010599285,5.0,0.0,0.009123381010599285,0.0,0.0,0.0,0.0,0.4981838323091282,0.65,0.75
2023-11-03,420.25689697265625,8,2010-03-16,2023-03-15,2023-03-16,2024-03-15,1,0.5371740630795202,1.0,0.0023004902048351372,0.0023004902048351372,5.0,0.0,0.0023004902048351372,1.0,0.0023004902048351372,0.0005,0.0018004902048351372,0.4995654174393603,0.65,0.75
2023-11-06,421.22369384765625,8,2010-03-16,2023-03-15,2023-03-16,2024-03-15,1,0.5633446266104716,1.0,0.0028460460296850787,0.0028460460296850787,5.0,0.0,0.0028460460296850787,1.0,0.0028460460296850787,0.0,0.0028460460296850787,0.5344595021472954,0.65,0.75
2023-11-07,422.4225158691406,8,2010-03-16,2023-03-15,2023-03-16,2024-03-15,1,0.570454452201225,1.0,0.0007323394890932367,0.0007323394890932367,5.0,0.0,0.0007323394890932367,1.0,0.0007323394890932367,0.0,0.0007323394890932367,0.5439392696016334,0.65,0.75
2023-11-08,422.73187255859375,8,2010-03-16,2023-03-15,2023-03-16,2024-03-15,0,0.569636016518452,1.0,-0.007798541128630654,-0.007798541128630654,5.0,0.0,-0.007798541128630654,1.0,-0.007798541128630654,0.0,-0.007798541128630654,0.5428480220246027,0.65,0.75
2023-11-09,419.4351806640625,8,2010-03-16,2023-03-15,2023-03-16,2024-03-15,1,0.587688635425826,1.0,0.015604713951897109,0.015604713951897109,5.0,0.0,0.015604713951897109,1.0,0.015604713951897109,0.0,0.015604713951897109,0.5669181805677679,0.65,0.75
2023-11-10,425.9803466796875,8,2010-03-16,2023-03-15,2023-03-16,2024-03-15,0,0.5471395272129477,1.0,-0.0009531810096826687,-0.0009531810096826687,5.0,0.0,-0.0009531810096826687,1.0,-0.0009531810096826687,0.0,-0.0009531810096826687,0.5128527029505969,0.65,0.75
2023-11-13,425.5743103027344,8,2010-03-16,2023-03-15,2023-03-16,2024-03-15,1,0.588829063274454,1.0,0.019400699264744414,0.019400699264744414,5.0,0.0,0.019400699264744414,1.0,0.019400699264744414,0.0,0.019400699264744414,0.5684387510326052,0.65,0.75
2023-11-14,433.83074951171875,8,2010-03-16,2023-03-15,2023-03-16,2024-03-15,1,0.5663992096838636,1.0,0.002117015713398729,0.002117015713398729,5.0,0.0,0.002117015713398729,1.0,0.002117015713398729,0.0,0.002117015713398729,0.5385322795784848,0.65,0.75
2023-11-15,434.7491760253906,8,2010-03-16,2023-03-15,2023-03-16,2024-03-15,1,0.565135335660679,1.0,0.001223232488369863,0.001223232488369863,5.0,0.0,0.001223232488369863,1.0,0.001223232488369863,0.0,0.001223232488369863,0.5368471142142386,0.65,0.75
2023-11-16,435.2809753417969,8,2010-03-16,2023-03-15,2023-03-16,2024-03-15,1,0.5501092069416815,1.0,0.0012438226896787086,0.0012438226896787086,5.0,0.0,0.0012438226896787086,1.0,0.0012438226896787086,0.0,0.0012438226896787086,0.5168122759222421,0.65,0.75
2023-11-17,435.8223876953125,8,2010-03-16,2023-03-15,2023-03-16,2024-03-15,1,0.5657094887034072,1.0,0.0076974850830067165,0.0076974850830067165,5.0,0.0,0.0076974850830067165,1.0,0.0076974850830067165,0.0,0.0076974850830067165,0.537612651604543,0.65,0.75
2023-11-20,439.1771240234375,8,2010-03-16,2023-03-15,2023-03-16,2024-03-15,0,0.5443141456373972,1.0,-0.002179354867042904,-0.002179354867042904,5.0,0.0,-0.002179354867042904,1.0,-0.002179354867042904,0.0,-0.002179354867042904,0.5090855275165297,0.65,0.75
2023-11-21,438.2200012207031,8,2010-03-16,2023-03-15,2023-03-16,2024-03-15,1,0.5885002373383879,1.0,0.003860833660118468,0.003860833660118468,5.0,0.0,0.003860833660118468,1.0,0.003860833660118468,0.0,0.003860833660118468,0.5680003164511838,0.65,0.75
2023-11-22,439.9118957519531,8,2010-03-16,2023-03-15,2023-03-16,2024-03-15,1,0.5832064200843989,1.0,0.0006153992155273347,0.0006153992155273347,5.0,0.0,0.0006153992155273347,1.0,0.0006153992155273347,0.0,0.0006153992155273347,0.5609418934458653,0.65,0.75
2023-11-24,440.1826171875,8,2010-03-16,2023-03-15,2023-03-16,2024-03-15,0,0.573692588449011,1.0,-0.0018009687252493745,-0.0018009687252493745,5.0,0.0,-0.0018009687252493745,1.0,-0.0018009687252493745,0.0,-0.0018009687252493745,0.5482567845986814,0.65,0.75
2023-11-27,439.3898620605469,8,2010-03-16,2023-03-15,2023-03-16,2024-03-15,1,0.5886565437413277,1.0,0.0009901425392697671,0.0009901425392697671,5.0,0.0,0.0009901425392697671,1.0,0.0009901425392697671,0.0,0.0009901425392697671,0.568208724988437,0.65,0.75
2023-11-28,439.8249206542969,8,2010-03-16,2023-03-15,2023-03-16,2024-03-15,0,0.5682955223526193,1.0,-0.0007035020301920936,-0.0007035020301920936,5.0,0.0,-0.0007035020301920936,1.0,-0.0007035020301920936,0.0,-0.0007035020301920936,0.5410606964701591,0.65,0.75
2023-11-29,439.5155029296875,8,2010-03-16,2023-03-15,2023-03-16,2024-03-15,1,0.5520760036039737,1.0,0.003937427215192413,0.003937427215192413,5.0,0.0,0.003937427215192413,1.0,0.003937427215192413,0.0,0.003937427215192413,0.5194346714719649,0.65,0.75
2023-11-30,441.2460632324219,8,2010-03-16,2023-03-15,2023-03-16,2024-03-15,1,0.5342426141635174,1.0,0.005915863686980938,0.005915863686980938,5.0,0.0,0.005915863686980938,1.0,0.005915863686980938,0.0,0.005915863686980938,0.4956568188846898,0.65,0.75
2023-12-01,443.8564147949219,8,2010-03-16,2023-03-15,2023-03-16,2024-03-15,0,0.530828545829165,1.0,-0.005249277602951574,-0.005249277602951574,5.0,0.0,-0.005249277602951574,1.0,-0.005249277602951574,0.0,-0.005249277602951574,0.4911047277722201,0.65,0.75
2023-12-04,441.5264892578125,8,2010-03-16,2023-03-15,2023-03-16,2024-03-15,0,0.5481979438400191,1.0,-0.00019719462480494165,-0.00019719462480494165,5.0,0.0,-0.00019719462480494165,1.0,-0.00019719462480494165,0.0,-0.00019719462480494165,0.5142639251200255,0.65,0.75
2023-12-05,441.4394226074219,8,2010-03-16,2023-03-15,2023-03-16,2024-03-15,0,0.5522881243181896,1.0,-0.004029702690346748,-0.004029702690346748,5.0,0.0,-0.004029702690346748,1.0,-0.004029702690346748,0.0,-0.004029702690346748,0.5197174990909195,0.65,0.75
2023-12-06,439.6605529785156,8,2010-03-16,2023-03-15,2023-03-16,2024-03-15,1,0.5598518806029958,1.0,0.007630426110675437,0.007630426110675437,5.0,0.0,0.007630426110675437,1.0,0.007630426110675437,0.0,0.007630426110675437,0.5298025074706612,0.65,0.75
2023-12-07,443.0153503417969,8,2010-03-16,2023-03-15,2023-03-16,2024-03-15,1,0.5489047479389276,1.0,0.004299040685961764,0.004299040685961764,5.0,0.0,0.004299040685961764,1.0,0.004299040685961764,0.0,0.004299040685961764,0.5152063305852368,0.65,0.75
2023-12-08,444.9198913574219,8,2010-03-16,2023-03-15,2023-03-16,2024-03-15,1,0.5567657976931638,1.0,0.003889599760205309,0.003889599760205309,5.0,0.0,0.003889599760205309,1.0,0.003889599760205309,0.0,0.003889599760205309,0.5256877302575518,0.65,0.75
2023-12-11,446.65045166015625,8,2010-03-16,2023-03-15,2023-03-16,2024-03-15,1,0.5549552648360015,1.0,0.00456728078917501,0.00456728078917501,5.0,0.0,0.00456728078917501,1.0,0.00456728078917501,0.0,0.00456728078917501,0.5232736864480021,0.65,0.75
2023-12-12,448.6904296875,8,2010-03-16,2023-03-15,2023-03-16,2024-03-15,1,0.5505322436832014,1.0,0.013790063422416399,0.013790063422416399,5.0,0.0,0.013790063422416399,1.0,0.013790063422416399,0.0,0.013790063422416399,0.5173763249109352,0.65,0.75
2023-12-13,454.8778991699219,8,2010-03-16,2023-03-15,2023-03-16,2024-03-15,1,0.5307755094062903,1.0,0.0032094995658966674,0.0032094995658966674,5.0,0.0,0.0032094995658966674,1.0,0.0032094995658966674,0.0,0.0032094995658966674,0.4910340125417203,0.65,0.75
2023-12-14,456.33782958984375,8,2010-03-16,2023-03-15,2023-03-16,2024-03-15,0,0.5356094288734956,1.0,-0.0016465954822748596,-0.0016465954822748596,5.0,0.0,-0.0016465954822748596,1.0,-0.0016465954822748596,0.0,-0.0016465954822748596,0.4974792384979941,0.65,0.75
2023-12-15,455.58642578125,8,2010-03-16,2023-03-15,2023-03-16,2024-03-15,1,0.5279794245738261,1.0,0.005624953780166253,0.005624953780166253,5.0,0.0,0.005624953780166253,1.0,0.005624953780166253,0.0,0.005624953780166253,0.4873058994317681,0.65,0.75
2023-12-18,458.1490783691406,8,2010-03-16,2023-03-15,2023-03-16,2024-03-15,1,0.5392708716462705,1.0,0.00608094691476091,0.00608094691476091,5.0,0.0,0.00608094691476091,1.0,0.00608094691476091,0.0,0.00608094691476091,0.5023611621950274,0.65,0.75
2023-12-19,460.93505859375,8,2010-03-16,2023-03-15,2023-03-16,2024-03-15,0,0.5578961089182122,1.0,-0.01385726354482808,-0.01385726354482808,5.0,0.0,-0.01385726354482808,1.0,-0.01385726354482808,0.0,-0.01385726354482808,0.5271948118909495,0.65,0.75
2023-12-20,454.5477600097656,8,2010-03-16,2023-03-15,2023-03-16,2024-03-15,1,0.6021595754368321,1.0,0.009481946536269659,0.009481946536269659,5.0,0.0,0.009481946536269659,1.0,0.009481946536269659,0.0,0.009481946536269659,0.5862127672491094,0.65,0.75
2023-12-21,458.8577575683594,8,2010-03-16,2023-03-15,2023-03-16,2024-03-15,1,0.559270231154633,1.0,0.0020095969293656424,0.0020095969293656424,5.0,0.0,0.0020095969293656424,1.0,0.0020095969293656424,0.0,0.0020095969293656424,0.5290269748728441,0.65,0.75
2023-12-22,459.7798767089844,8,2010-03-16,2023-03-15,2023-03-16,2024-03-15,1,0.5743691155305878,1.0,0.004222601691602712,0.004222601691602712,5.0,0.0,0.004222601691602712,1.0,0.004222601691602712,0.0,0.004222601691602712,0.5491588207074504,0.65,0.75
2023-12-26,461.7213439941406,8,2010-03-16,2023-03-15,2023-03-16,2024-03-15,1,0.5846882121890055,1.0,0.001808101093975223,0.001808101093975223,5.0,0.0,0.001808101093975223,1.0,0.001808101093975223,0.0,0.001808101093975223,0.5629176162520073,0.65,0.75
2023-12-27,462.5561828613281,8,2010-03-16,2023-03-15,2023-03-16,2024-03-15,1,0.593431365313504,1.0,0.00037784419795383606,0.00037784419795383606,5.0,0.0,0.00037784419795383606,1.0,0.00037784419795383606,0.0,0.00037784419795383606,0.5745751537513387,0.65,0.75
2023-12-28,462.73095703125,8,2010-03-16,2023-03-15,2023-03-16,2024-03-15,0,0.5658450494332181,1.0,-0.0028950518797095093,-0.0028950518797095093,5.0,0.0,-0.0028950518797095093,1.0,-0.0028950518797095093,0.0,-0.0028950518797095093,0.5377933992442908,0.65,0.75
2023-12-29,461.3913269042969,8,2010-03-16,2023-03-15,2023-03-16,2024-03-15,0,0.5691115899247318,1.0,-0.00559638348657121,-0.00559638348657121,5.0,0.0,-0.00559638348657121,1.0,-0.00559638348657121,0.0,-0.00559638348657121,0.542148786566309,0.65,0.75
2024-01-02,458.8092041015625,8,2010-03-16,2023-03-15,2023-03-16,2024-03-15,0,0.5603220018186098,1.0,-0.008166680634763557,-0.008166680634763557,5.0,0.0,-0.008166680634763557,1.0,-0.008166680634763557,0.0,-0.008166680634763557,0.5304293357581464,0.65,0.75
2024-01-03,455.062255859375,8,2010-03-16,2023-03-15,2023-03-16,2024-03-15,0,0.5789927799693375,1.0,-0.0032211423681619555,-0.0032211423681619555,5.0,0.0,-0.0032211423681619555,1.0,-0.0032211423681619555,0.0,-0.0032211423681619555,0.5553237066257833,0.65,0.75
2024-01-04,453.596435546875,8,2010-03-16,2023-03-15,2023-03-16,2024-03-15,1,0.5927440539784363,1.0,0.001369668733661289,0.001369668733661289,5.0,0.0,0.001369668733661289,1.0,0.001369668733661289,0.0,0.001369668733661289,0.573658738637915,0.65,0.75
2024-01-05,454.21771240234375,8,2010-03-16,2023-03-15,2023-03-16,2024-03-15,1,0.5843811015074607,1.0,0.0142760527784358,0.0142760527784358,5.0,0.0,0.0142760527784358,1.0,0.0142760527784358,0.0,0.0142760527784358,0.5625081353432809,0.65,0.75
2024-01-08,460.7021484375,8,2010-03-16,2023-03-15,2023-03-16,2024-03-15,0,0.5683123238168244,1.0,-0.0015171279191281695,-0.0015171279191281695,5.0,0.0,-0.0015171279191281695,1.0,-0.0015171279191281695,0.0,-0.0015171279191281695,0.5410830984224325,0.65,0.75
2024-01-09,460.0032043457031,8,2010-03-16,2023-03-15,2023-03-16,2024-03-15,1,0.5907877274241041,1.0,0.005655464913819852,0.005655464913819852,5.0,0.0,0.005655464913819852,1.0,0.005655464913819852,0.0,0.005655464913819852,0.5710503032321388,0.65,0.75
2024-01-10,462.604736328125,8,2010-03-16,2023-03-15,2023-03-16,2024-03-15,0,0.5717994162143106,1.0,-0.00044060704158532804,-0.00044060704158532804,5.0,0.0,-0.00044060704158532804,1.0,-0.00044060704158532804,0.0,-0.00044060704158532804,0.5457325549524141,0.65,0.75
2024-01-11,462.4009094238281,8,2010-03-16,2023-03-15,2023-03-16,2024-03-15,1,0.5601212361738533,1.0,0.0006927819799862345,0.0006927819799862345,5.0,0.0,0.0006927819799862345,1.0,0.0006927819799862345,0.0,0.0006927819799862345,0.5301616482318044,0.65,0.75
2024-01-12,462.72125244140625,8,2010-03-16,2023-03-15,2023-03-16,2024-03-15,0,0.5674688821189474,1.0,-0.003671372370560144,-0.003671372370560144,5.0,0.0,-0.003671372370560144,1.0,-0.003671372370560144,0.0,-0.003671372370560144,0.5399585094919299,0.65,0.75
2024-01-16,461.0224304199219,8,2010-03-16,2023-03-15,2023-03-16,2024-03-15,0,0.5965444696323424,1.0,-0.0055586288622799795,-0.0055586288622799795,5.0,0.0,-0.0055586288622799795,1.0,-0.0055586288622799795,0.0,-0.0055586288622799795,0.5787259595097899,0.65,0.75
2024-01-17,458.45977783203125,8,2010-03-16,2023-03-15,2023-03-16,2024-03-15,1,0.587662275253357,1.0,0.008892810333086754,0.008892810333086754,5.0,0.0,0.008892810333086754,1.0,0.008892810333086754,0.0,0.008892810333086754,0.5668830336711427,0.65,0.75
2024-01-18,462.5367736816406,8,2010-03-16,2023-03-15,2023-03-16,2024-03-15,1,0.5708838864500013,1.0,0.012466148799797905,0.012466148799797905,5.0,0.0,0.012466148799797905,1.0,0.012466148799797905,0.0,0.012466148799797905,0.5445118486000018,0.65,0.75
2024-01-19,468.3028259277344,8,2010-03-16,2023-03-15,2023-03-16,2024-03-15,1,0.5518825796435584,1.0,0.0021143216898256156,0.0021143216898256156,5.0,0.0,0.0021143216898256156,1.0,0.0021143216898256156,0.0,0.0021143216898256156,0.5191767728580778,0.65,0.75
2024-01-22,469.29296875,8,2010-03-16,2023-03-15,2023-03-16,2024-03-15,1,0.569686044201651,1.0,0.00291641348770999,0.00291641348770999,5.0,0.0,0.00291641348770999,1.0,0.00291641348770999,0.0,0.00291641348770999,0.5429147256022013,0.65,0.75
2024-01-23,470.66162109375,8,2010-03-16,2023-03-15,2023-03-16,2024-03-15,1,0.5715327515669996,1.0,0.0010931980516954987,0.0010931980516954987,5.0,0.0,0.0010931980516954987,1.0,0.0010931980516954987,0.0,0.0010931980516954987,0.5453770020893328,0.65,0.75
2024-01-24,471.1761474609375,8,2010-03-16,2023-03-15,2023-03-16,2024-03-15,1,0.5583969636163681,1.0,0.005438841931409755,0.005438841931409755,5.0,0.0,0.005438841931409755,1.0,0.005438841931409755,0.0,0.005438841931409755,0.5278626181551576,0.65,0.75
2024-01-25,473.7388000488281,8,2010-03-16,2023-03-15,2023-03-16,2024-03-15,0,0.5464372110641352,1.0,-0.0012702054495150605,-0.0012702054495150605,5.0,0.0,-0.0012702054495150605,1.0,-0.0012702054495150605,0.0,-0.0012702054495150605,0.511916281418847,0.65,0.75
2024-01-26,473.1370544433594,8,2010-03-16,2023-03-15,2023-03-16,2024-03-15,1,0.5726708428634262,1.0,0.007919307290395139,0.007919307290395139,5.0,0.0,0.007919307290395139,1.0,0.007919307290395139,0.0,0.007919307290395139,0.5468944571512349,0.65,0.75
2024-01-29,476.88397216796875,8,2010-03-16,2023-03-15,2023-03-16,2024-03-15,0,0.564737427787674,1.0,-0.0007734920616433438,-0.0007734920616433438,5.0,0.0,-0.0007734920616433438,1.0,-0.0007734920616433438,0.0,-0.0007734920616433438,0.5363165703835653,0.65,0.75
2024-01-30,476.5151062011719,8,2010-03-16,2023-03-15,2023-03-16,2024-03-15,0,0.5765280662303504,1.0,-0.016317324590489846,-0.016317324590489846,5.0,0.0,-0.016317324590489846,1.0,-0.016317324590489846,0.0,-0.016317324590489846,0.5520374216404671,0.65,0.75
2024-01-31,468.7396545410156,8,2010-03-16,2023-03-15,2023-03-16,2024-03-15,1,0.5924942563660044,1.0,0.013088244590814924,0.013088244590814924,5.0,0.0,0.013088244590814924,1.0,0.013088244590814924,0.0,0.013088244590814924,0.5733256751546726,0.65,0.75
2024-02-01,474.8746337890625,8,2010-03-16,2023-03-15,2023-03-16,2024-03-15,1,0.5393779109732786,1.0,0.010527423844646444,0.010527423844646444,5.0,0.0,0.010527423844646444,1.0,0.010527423844646444,0.0,0.010527423844646444,0.5025038812977048,0.65,0.75
2024-02-02,479.87384033203125,8,2010-03-16,2023-03-15,2023-03-16,2024-03-15,0,0.5499444241244036,1.0,-0.0036413862540419784,-0.0036413862540419784,5.0,0.0,-0.0036413862540419784,1.0,-0.0036413862540419784,0.0,-0.0036413862540419784,0.5165925654992048,0.65,0.75
2024-02-05,478.1264343261719,8,2010-03-16,2023-03-15,2023-03-16,2024-03-15,1,0.5799194051992794,1.0,0.002903317985603948,0.002903317985603948,5.0,0.0,0.002903317985603948,1.0,0.002903317985603948,0.0,0.002903317985603948,0.5565592069323726,0.65,0.75
2024-02-06,479.51458740234375,8,2010-03-16,2023-03-15,2023-03-16,2024-03-15,1,0.5764887661328938,1.0,0.008340496313372414,0.008340496313372414,5.0,0.0,0.008340496313372414,1.0,0.008340496313372414,0.0,0.008340496313372414,0.5519850215105251,0.65,0.75
2024-02-07,483.51397705078125,8,2010-03-16,2023-03-15,2023-03-16,2024-03-15,1,0.5482392999022107,1.0,0.0004417504755491741,0.0004417504755491741,5.0,0.0,0.0004417504755491741,1.0,0.0004417504755491741,0.0,0.0004417504755491741,0.5143190665362809,0.65,0.75
2024-02-08,483.7275695800781,8,2010-03-16,2023-03-15,2023-03-16,2024-03-15,1,0.5769299140937636,1.0,0.005779272130686186,0.005779272130686186,5.0,0.0,0.005779272130686186,1.0,0.005779272130686186,0.0,0.005779272130686186,0.5525732187916848,0.65,0.75
2024-02-09,486.5231628417969,8,2010-03-16,2023-03-15,2023-03-16,2024-03-15,0,0.5827318637554352,1.0,-0.00043908093836109163,-0.00043908093836109163,5.0,0.0,-0.00043908093836109163,1.0,-0.00043908093836109163,0.0,-0.00043908093836109163,0.5603091516739136,0.65,0.75
2024-02-12,486.3095397949219,8,2010-03-16,2023-03-15,2023-03-16,2024-03-15,0,0.5784131920510344,1.0,-0.013772991199274665,-0.013772991199274665,5.0,0.0,-0.013772991199274665,1.0,-0.013772991199274665,0.0,-0.013772991199274665,0.5545509227347125,0.65,0.75
2024-02-13,479.6116027832031,8,2010-03-16,2023-03-15,2023-03-16,2024-03-15,1,0.5903768266085059,1.0,0.009087795281126798,0.009087795281126798,5.0,0.0,0.009087795281126798,1.0,0.009087795281126798,0.0,0.009087795281126798,0.5705024354780078,0.65,0.75
2024-02-14,483.97021484375,8,2010-03-16,2023-03-15,2023-03-16,2024-03-15,1,0.544881555543875,1.0,0.0068997302180955344,0.0068997302180955344,5.0,0.0,0.0068997302180955344,1.0,0.0068997302180955344,0.0,0.0068997302180955344,0.5098420740585,0.65,0.75
2024-02-15,487.3094787597656,8,2010-03-16,2023-03-15,2023-03-16,2024-03-15,0,0.5634072649250516,1.0,-0.0049800362058063374,-0.0049800362058063374,5.0,0.0,-0.0049800362058063374,1.0,-0.0049800362058063374,0.0,-0.0049800362058063374,0.5345430199000688,0.65,0.75
2024-02-16,484.8826599121094,8,2010-03-16,2023-03-15,2023-03-16,2024-03-15,0,0.5928422413009554,1.0,-0.0055054446149716,-0.0055054446149716,5.0,0.0,-0.0055054446149716,1.0,-0.0055054446149716,0.0,-0.0055054446149716,0.5737896550679406,0.65,0.75
2024-02-20,482.2131652832031,8,2010-03-16,2023-03-15,2023-03-16,2024-03-15,1,0.581291917324239,1.0,0.0009059460883917847,0.0009059460883917847,5.0,0.0,0.0009059460883917847,1.0,0.0009059460883917847,0.0,0.0009059460883917847,0.5583892230989853,0.65,0.75
2024-02-21,482.6500244140625,8,2010-03-16,2023-03-15,2023-03-16,2024-03-15,1,0.5469986360781813,1.0,0.02069548839377333,0.02069548839377333,5.0,0.0,0.02069548839377333,1.0,0.02069548839377333,0.0,0.02069548839377333,0.5126648481042418,0.65,0.75
2024-02-22,492.6387023925781,8,2010-03-16,2023-03-15,2023-03-16,2024-03-15,1,0.5434142798592942,1.0,0.0006895960021768843,0.0006895960021768843,5.0,0.0,0.0006895960021768843,1.0,0.0006895960021768843,0.0,0.0006895960021768843,0.507885706479059,0.65,0.75
2024-02-23,492.9784240722656,8,2010-03-16,2023-03-15,2023-03-16,2024-03-15,0,0.5811455846779148,1.0,-0.003662641079559825,-0.003662641079559825,5.0,0.0,-0.003662641079559825,1.0,-0.003662641079559825,0.0,-0.003662641079559825,0.5581941129038863,0.65,0.75
2024-02-26,491.1728210449219,8,2010-03-16,2023-03-15,2023-03-16,2024-03-15,1,0.578958173900231,1.0,0.001857872793434412,0.001857872793434412,5.0,0.0,0.001857872793434412,1.0,0.001857872793434412,0.0,0.001857872793434412,0.5552775652003079,0.65,0.75
2024-02-27,492.0853576660156,8,2010-03-16,2023-03-15,2023-03-16,2024-03-15,0,0.5648550665968882,1.0,-0.0013215788271536688,-0.0013215788271536688,5.0,0.0,-0.0013215788271536688,1.0,-0.0013215788271536688,0.0,-0.0013215788271536688,0.5364734221291843,0.65,0.75
2024-02-28,491.4350280761719,8,2010-03-16,2023-03-15,2023-03-16,2024-03-15,1,0.5602058301912489,1.0,0.003594967827487805,0.003594967827487805,5.0,0.0,0.003594967827487805,1.0,0.003594967827487805,0.0,0.003594967827487805,0.5302744402549986,0.65,0.75
2024-02-29,493.20172119140625,8,2010-03-16,2023-03-15,2023-03-16,2024-03-15,1,0.5715580924810014,1.0,0.009388144494411721,0.009388144494411721,5.0,0.0,0.009388144494411721,1.0,0.009388144494411721,0.0,0.009388144494411721,0.5454107899746685,0.65,0.75
2024-03-01,497.83197021484375,8,2010-03-16,2023-03-15,2023-03-16,2024-03-15,0,0.559904369705572,1.0,-0.001072399009425462,-0.001072399009425462,5.0,0.0,-0.001072399009425462,1.0,-0.001072399009425462,0.0,-0.001072399009425462,0.5298724929407627,0.65,0.75
2024-03-04,497.298095703125,8,2010-03-16,2023-03-15,2023-03-16,2024-03-15,0,0.5756436369648029,1.0,-0.009994192248836908,-0.009994192248836908,5.0,0.0,-0.009994192248836908,1.0,-0.009994192248836908,0.0,-0.009994192248836908,0.5508581826197372,0.65,0.75
2024-03-05,492.3280029296875,8,2010-03-16,2023-03-15,2023-03-16,2024-03-15,1,0.5782274111139317,1.0,0.0050673158530389895,0.0050673158530389895,5.0,0.0,0.0050673158530389895,1.0,0.0050673158530389895,0.0,0.0050673158530389895,0.5543032148185756,0.65,0.75
2024-03-06,494.8227844238281,8,2010-03-16,2023-03-15,2023-03-16,2024-03-15,1,0.5454345163485707,1.0,0.009926390525727413,0.009926390525727413,5.0,0.0,0.009926390525727413,1.0,0.009926390525727413,0.0,0.009926390525727413,0.5105793551314276,0.65,0.75
2024-03-07,499.7345886230469,8,2010-03-16,2023-03-15,2023-03-16,2024-03-15,0,0.5544824308796521,1.0,-0.006002087411756563,-0.006002087411756563,5.0,0.0,-0.006002087411756563,1.0,-0.006002087411756563,0.0,-0.006002087411756563,0.5226432411728695,0.65,0.75
2024-03-08,496.7351379394531,8,2010-03-16,2023-03-15,2023-03-16,2024-03-15,0,0.584124926303313,1.0,-0.0008598627131740644,-0.0008598627131740644,5.0,0.0,-0.0008598627131740644,1.0,-0.0008598627131740644,0.0,-0.0008598627131740644,0.5621665684044174,0.65,0.75
2024-03-11,496.3080139160156,8,2010-03-16,2023-03-15,2023-03-16,2024-03-15,1,0.5637666844537199,1.0,0.01075728796021358,0.01075728796021358,5.0,0.0,0.01075728796021358,1.0,0.01075728796021358,0.0,0.01075728796021358,0.5350222459382933,0.65,0.75
2024-03-12,501.6469421386719,8,2010-03-16,2023-03-15,2023-03-16,2024-03-15,0,0.5387509455138065,1.0,-0.0015674079404101038,-0.0015674079404101038,5.0,0.0,-0.0015674079404101038,1.0,-0.0015674079404101038,0.0,-0.0015674079404101038,0.501667927351742,0.65,0.75
2024-03-13,500.86065673828125,8,2010-03-16,2023-03-15,2023-03-16,2024-03-15,0,0.5693114208174479,1.0,-0.001976760948957379,-0.001976760948957379,5.0,0.0,-0.001976760948957379,1.0,-0.001976760948957379,0.0,-0.001976760948957379,0.5424152277565972,0.65,0.75
2024-03-14,499.8705749511719,8,2010-03-16,2023-03-15,2023-03-16,2024-03-15,0,0.5787511373102482,1.0,-0.006866706646904919,-0.006866706646904919,5.0,0.0,-0.006866706646904919,1.0,-0.006866706646904919,0.0,-0.006866706646904919,0.5550015164136642,0.65,0.75
2024-03-15,496.4381103515625,8,2010-03-16,2023-03-15,2023-03-16,2024-03-15,1,0.5539245551654929,1.0,0.005943217072991391,0.005943217072991391,5.0,0.0,0.005943217072991391,1.0,0.005943217072991391,0.0,0.005943217072991391,0.5218994068873238,0.65,0.75
2024-03-18,499.3885498046875,9,2010-03-16,2024-03-15,2024-03-18,2024-12-27,1,0.5435387479193377,1.0,0.005557210954509451,0.005557210954509451,5.0,0.0,0.005557210954509451,1.0,0.005557210954509451,0.0,0.005557210954509451,0.5080516638924502,0.65,0.75
2024-03-19,502.16375732421875,9,2010-03-16,2024-03-15,2024-03-18,2024-12-27,1,0.5657634656174598,1.0,0.009249280244877811,0.009249280244877811,5.0,0.0,0.009249280244877811,1.0,0.009249280244877811,0.0,0.009249280244877811,0.5376846208232797,0.65,0.75
2024-03-20,506.80841064453125,9,2010-03-16,2024-03-15,2024-03-18,2024-12-27,1,0.5678747148188337,1.0,0.0033046712917572663,0.0033046712917572663,5.0,0.0,0.0033046712917572663,1.0,0.0033046712917572663,0.0,0.0033046712917572663,0.540499619758445,0.65,0.75
2024-03-21,508.4832458496094,9,2010-03-16,2024-03-15,2024-03-18,2024-12-27,0,0.5757310217359584,1.0,-0.001895873233305645,-0.001895873233305645,5.0,0.0,-0.001895873233305645,1.0,-0.001895873233305645,0.0,-0.001895873233305645,0.5509746956479444,0.65,0.75
2024-03-22,507.51922607421875,9,2010-03-16,2024-03-15,2024-03-18,2024-12-27,0,0.5689017622736449,1.0,-0.002762833583577984,-0.002762833583577984,5.0,0.0,-0.002762833583577984,1.0,-0.002762833583577984,0.0,-0.002762833583577984,0.5418690163648598,0.65,0.75
2024-03-25,506.1170349121094,9,2010-03-16,2024-03-15,2024-03-18,2024-12-27,0,0.5645560583243088,1.0,-0.0018469115905791478,-0.0018469115905791478,5.0,0.0,-0.0018469115905791478,1.0,-0.0018469115905791478,0.0,-0.0018469115905791478,0.5360747444324118,0.65,0.75
2024-03-26,505.1822814941406,9,2010-03-16,2024-03-15,2024-03-18,2024-12-27,1,0.5801476461328937,1.0,0.008403864414802786,0.008403864414802786,5.0,0.0,0.008403864414802786,1.0,0.008403864414802786,0.0,0.008403864414802786,0.5568635281771916,0.65,0.75
2024-03-27,509.4277648925781,9,2010-03-16,2024-03-15,2024-03-18,2024-12-27,0,0.569082981535405,1.0,-0.00019133850027153176,-0.00019133850027153176,5.0,0.0,-0.00019133850027153176,1.0,-0.00019133850027153176,0.0,-0.00019133850027153176,0.5421106420472067,0.65,0.75
2024-03-28,509.3302917480469,9,2010-03-16,2024-03-15,2024-03-18,2024-12-27,0,0.5653592351698634,1.0,-0.0017396321751064203,-0.0017396321751064203,5.0,0.0,-0.0017396321751064203,1.0,-0.0017396321751064203,0.0,-0.0017396321751064203,0.5371456468931513,0.65,0.75
2024-04-01,508.4442443847656,9,2010-03-16,2024-03-15,2024-03-18,2024-12-27,0,0.5652975757783597,1.0,-0.006358195852623538,-0.006358195852623538,5.0,0.0,-0.006358195852623538,1.0,-0.006358195852623538,0.0,-0.006358195852623538,0.5370634343711463,0.65,0.75
2024-04-02,505.2114562988281,9,2010-03-16,2024-03-15,2024-03-18,2024-12-27,1,0.5836988758243736,1.0,0.0010986562240766773,0.0010986562240766773,5.0,0.0,0.0010986562240766773,1.0,0.0010986562240766773,0.0,0.0010986562240766773,0.5615985010991649,0.65,0.75
2024-04-03,505.7665100097656,9,2010-03-16,2024-03-15,2024-03-18,2024-12-27,0,0.5686654028112462,1.0,-0.012206150055177223,-0.012206150055177223,5.0,0.0,-0.012206150055177223,1.0,-0.012206150055177223,0.0,-0.012206150055177223,0.541553870414995,0.65,0.75
2024-04-04,499.5930480957031,9,2010-03-16,2024-03-15,2024-03-18,2024-12-27,1,0.5997618078834985,1.0,0.01044679614420052,0.01044679614420052,5.0,0.0,0.01044679614420052,1.0,0.01044679614420052,0.0,0.01044679614420052,0.5830157438446647,0.65,0.75
2024-04-05,504.81219482421875,9,2010-03-16,2024-03-15,2024-03-18,2024-12-27,1,0.5596142190460517,1.0,0.0005594351144133647,0.0005594351144133647,5.0,0.0,0.0005594351144133647,1.0,0.0005594351144133647,0.0,0.0005594351144133647,0.5294856253947355,0.65,0.75
2024-04-08,505.0946044921875,9,2010-03-16,2024-03-15,2024-03-18,2024-12-27,1,0.5857455405876478,1.0,0.0011568527225644942,0.0011568527225644942,5.0,0.0,0.0011568527225644942,1.0,0.0011568527225644942,0.0,0.0011568527225644942,0.5643273874501971,0.65,0.75
2024-04-09,505.6789245605469,9,2010-03-16,2024-03-15,2024-03-18,2024-12-27,0,0.5907234349154552,1.0,-0.01001316408296471,-0.01001316408296471,5.0,0.0,-0.01001316408296471,1.0,-0.01001316408296471,0.0,-0.01001316408296471,0.5709645798872736,0.65,0.75
2024-04-10,500.615478515625,9,2010-03-16,2024-03-15,2024-03-18,2024-12-27,1,0.5266889432269186,1.0,0.007546740560081977,0.007546740560081977,5.0,0.0,0.007546740560081977,1.0,0.007546740560081977,0.0,0.007546740560081977,0.5855852576358914,0.35,0.75
2024-04-11,504.39349365234375,9,2010-03-16,2024-03-15,2024-03-18,2024-12-27,0,0.5625735185944629,1.0,-0.013802968858963038,-0.013802968858963038,5.0,0.0,-0.013802968858963038,1.0,-0.013802968858963038,0.0,-0.013802968858963038,0.5334313581259505,0.65,0.75
2024-04-12,497.4313659667969,9,2010-03-16,2024-03-15,2024-03-18,2024-12-27,0,0.527058554328802,1.0,-0.01252810535274873,-0.01252810535274873,5.0,0.0,-0.01252810535274873,1.0,-0.01252810535274873,0.0,-0.01252810535274873,0.5860780724384026,0.35,0.75
2024-04-15,491.1994934082031,9,2010-03-16,2024-03-15,2024-03-18,2024-12-27,0,0.5156564555788147,1.0,-0.0018239117772687052,-0.0018239117772687052,5.0,0.0,-0.0018239117772687052,0.0,-0.0,0.0005,-0.0005,0.5708752741050862,0.35,0.75
2024-04-16,490.3035888671875,9,2010-03-16,2024-03-15,2024-03-18,2024-12-27,0,0.5140534363274121,1.0,-0.005918175894986888,-0.005918175894986888,5.0,0.0,-0.005918175894986888,0.0,-0.0,0.0,-0.0,0.568737915103216,0.35,0.75
2024-04-17,487.4018859863281,9,2010-03-16,2024-03-15,2024-03-18,2024-12-27,0,0.5258769359084202,1.0,-0.0020578310250617404,-0.0020578310250617404,5.0,0.0,-0.0020578310250617404,0.0,-0.0,0.0,-0.0,0.5845025812112269,0.35,0.75
2024-04-18,486.3988952636719,9,2010-03-16,2024-03-15,2024-03-18,2024-12-27,0,0.5369814521724617,1.0,-0.00872833577995269,-0.00872833577995269,5.0,0.0,-0.00872833577995269,0.0,-0.0,0.0,-0.0,0.5993086028966156,0.35,0.75
2024-04-19,482.1534423828125,9,2010-03-16,2024-03-15,2024-03-18,2024-12-27,1,0.5303598775863678,1.0,0.009209134839957667,0.009209134839957667,5.0,0.0,0.009209134839957667,0.0,0.0,0.0,0.0,0.5904798367818238,0.35,0.75
2024-04-22,486.5936584472656,9,2010-03-16,2024-03-15,2024-03-18,2024-12-27,1,0.49657407354386873,1.0,0.011866701043813821,0.011866701043813821,5.0,0.0,0.011866701043813821,0.0,0.0,0.0,0.0,0.5454320980584917,0.35,0.75
2024-04-23,492.367919921875,9,2010-03-16,2024-03-15,2024-03-18,2024-12-27,0,0.507470143202225,1.0,-0.00047477635926118644,-0.00047477635926118644,5.0,0.0,-0.00047477635926118644,0.0,-0.0,0.0,-0.0,0.5599601909363001,0.35,0.75
2024-04-24,492.1341552734375,9,2010-03-16,2024-03-15,2024-03-18,2024-12-27,0,0.5144363409060808,1.0,-0.0037987128069187914,-0.0037987128069187914,5.0,0.0,-0.0037987128069187914,0.0,-0.0,0.0,-0.0,0.5692484545414411,0.35,0.75
2024-04-25,490.2646789550781,9,2010-03-16,2024-03-15,2024-03-18,2024-12-27,1,0.5252198879658655,1.0,0.009473829213620055,0.009473829213620055,5.0,0.0,0.009473829213620055,0.0,0.0,0.0,0.0,0.5836265172878207,0.35,0.75
2024-04-26,494.90936279296875,9,2010-03-16,2024-03-15,2024-03-18,2024-12-27,1,0.48701062747290436,1.0,0.003541489000252307,0.003541489000252307,5.0,0.0,0.003541489000252307,0.0,0.0,0.0,0.0,0.5326808366305391,0.35,0.75
2024-04-29,496.6620788574219,9,2010-03-16,2024-03-15,2024-03-18,2024-12-27,0,0.5059466809937124,1.0,-0.015841227166982663,-0.015841227166982663,5.0,0.0,-0.015841227166982663,0.0,-0.0,0.0,-0.0,0.5579289079916165,0.35,0.75
2024-04-30,488.7943420410156,9,2010-03-16,2024-03-15,2024-03-18,2024-12-27,0,0.5493022657159695,1.0,-0.0032471503538188395,-0.0032471503538188395,5.0,0.0,-0.0032471503538188395,0.0,-0.0,0.0,-0.0,0.6157363542879594,0.35,0.75
2024-05-01,487.2071533203125,9,2010-03-16,2024-03-15,2024-03-18,2024-12-27,1,0.5169166571229306,1.0,0.00935338761440474,0.00935338761440474,5.0,0.0,0.00935338761440474,0.0,0.0,0.0,0.0,0.5725555428305741,0.35,0.75
2024-05-02,491.7641906738281,9,2010-03-16,2024-03-15,2024-03-18,2024-12-27,1,0.49632958161720053,1.0,0.012395395370112805,0.012395395370112805,5.0,0.0,0.012395395370112805,0.0,0.0,0.0,0.0,0.5451061088229341,0.35,0.75
2024-05-03,497.85980224609375,9,2010-03-16,2024-03-15,2024-03-18,2024-12-27,1,0.5048128456228166,1.0,0.010326856840222387,0.010326856840222387,5.0,0.0,0.010326856840222387,1.0,0.010326856840222387,0.0005,0.009826856840222387,0.5564171274970887,0.35,0.75
2024-05-06,503.0011291503906,9,2010-03-16,2024-03-15,2024-03-18,2024-12-27,1,0.5091814580093846,1.0,0.0011033626837353427,0.0011033626837353427,5.0,0.0,0.0011033626837353427,1.0,0.0011033626837353427,0.0,0.0011033626837353427,0.5622419440125128,0.35,0.75
2024-05-07,503.5561218261719,9,2010-03-16,2024-03-15,2024-03-18,2024-12-27,1,0.5035071827497831,1.0,9.666357929050129e-05,9.666357929050129e-05,5.0,0.0,9.666357929050129e-05,1.0,9.666357929050129e-05,0.0,9.666357929050129e-05,0.5546762436663775,0.35,0.75
2024-05-08,503.60479736328125,9,2010-03-16,2024-03-15,2024-03-18,2024-12-27,1,0.5657490530908657,1.0,0.005761925648107624,0.005761925648107624,5.0,0.0,0.005761925648107624,1.0,0.005761925648107624,0.0,0.005761925648107624,0.5376654041211543,0.65,0.75
2024-05-09,506.50653076171875,9,2010-03-16,2024-03-15,2024-03-18,2024-12-27,1,0.5670745494721458,1.0,0.0012881083719753494,0.0012881083719753494,5.0,0.0,0.0012881083719753494,1.0,0.0012881083719753494,0.0,0.0012881083719753494,0.5394327326295276,0.65,0.75
2024-05-10,507.1589660644531,9,2010-03-16,2024-03-15,2024-03-18,2024-12-27,1,0.5853128517840496,1.0,0.00013412694281722537,0.00013412694281722537,5.0,0.0,0.00013412694281722537,1.0,0.00013412694281722537,0.0,0.00013412694281722537,0.5637504690453994,0.65,0.75
2024-05-13,507.22698974609375,9,2010-03-16,2024-03-15,2024-03-18,2024-12-27,1,0.5932480610843548,1.0,0.004588343266460848,0.004588343266460848,5.0,0.0,0.004588343266460848,1.0,0.004588343266460848,0.0,0.004588343266460848,0.5743307481124731,0.65,0.75
2024-05-14,509.5543212890625,9,2010-03-16,2024-03-15,2024-03-18,2024-12-27,1,0.5864243193420919,1.0,0.012383006461730295,0.012383006461730295,5.0,0.0,0.012383006461730295,1.0,0.012383006461730295,0.0,0.012383006461730295,0.565232425789456,0.65,0.75
2024-05-15,515.8641357421875,9,2010-03-16,2024-03-15,2024-03-18,2024-12-27,0,0.5515749282874469,1.0,-0.0020577577775837685,-0.0020577577775837685,5.0,0.0,-0.0020577577775837685,1.0,-0.0020577577775837685,0.0,-0.0020577577775837685,0.5187665710499292,0.65,0.75
2024-05-16,514.8026123046875,9,2010-03-16,2024-03-15,2024-03-18,2024-12-27,1,0.5728616896339589,1.0,0.0014376622942415818,0.0014376622942415818,5.0,0.0,0.0014376622942415818,1.0,0.0014376622942415818,0.0,0.0014376622942415818,0.5471489195119452,0.65,0.75
2024-05-17,515.542724609375,9,2010-03-16,2024-03-15,2024-03-18,2024-12-27,1,0.5653600801681063,1.0,0.0011521724820675594,0.0011521724820675594,5.0,0.0,0.0011521724820675594,1.0,0.0011521724820675594,0.0,0.0011521724820675594,0.5371467735574752,0.65,0.75
2024-05-20,516.13671875,9,2010-03-16,2024-03-15,2024-03-18,2024-12-27,1,0.5442837568225543,1.0,0.0024524666807941298,0.0024524666807941298,5.0,0.0,0.0024524666807941298,1.0,0.0024524666807941298,0.0,0.0024524666807941298,0.509045009096739,0.65,0.75
2024-05-21,517.4025268554688,9,2010-03-16,2024-03-15,2024-03-18,2024-12-27,0,0.5520164371678006,1.0,-0.002879278736429791,-0.002879278736429791,5.0,0.0,-0.002879278736429791,1.0,-0.002879278736429791,0.0,-0.002879278736429791,0.5193552495570675,0.65,0.75
2024-05-22,515.9127807617188,9,2010-03-16,2024-03-15,2024-03-18,2024-12-27,0,0.5766895057490197,1.0,-0.007304162035511652,-0.007304162035511652,5.0,0.0,-0.007304162035511652,1.0,-0.007304162035511652,0.0,-0.007304162035511652,0.5522526743320263,0.65,0.75
2024-05-23,512.1444702148438,9,2010-03-16,2024-03-15,2024-03-18,2024-12-27,1,0.5688648749403068,1.0,0.006616632751259566,0.006616632751259566,5.0,0.0,0.006616632751259566,1.0,0.006616632751259566,0.0,0.006616632751259566,0.5418198332537424,0.65,0.75
2024-05-24,515.5331420898438,9,2010-03-16,2024-03-15,2024-03-18,2024-12-27,1,0.5557705521173242,1.0,0.0006985145909634838,0.0006985145909634838,5.0,0.0,0.0006985145909634838,1.0,0.0006985145909634838,0.0,0.0006985145909634838,0.5243607361564323,0.65,0.75
2024-05-28,515.8932495117188,9,2010-03-16,2024-03-15,2024-03-18,2024-12-27,0,0.5725595567167946,1.0,-0.007002512305683828,-0.007002512305683828,5.0,0.0,-0.007002512305683828,1.0,-0.007002512305683828,0.0,-0.007002512305683828,0.5467460756223929,0.65,0.75
2024-05-29,512.2807006835938,9,2010-03-16,2024-03-15,2024-03-18,2024-12-27,0,0.5940960467836156,1.0,-0.006633638369695882,-0.006633638369695882,5.0,0.0,-0.006633638369695882,1.0,-0.006633638369695882,0.0,-0.006633638369695882,0.5754613957114875,0.65,0.75
2024-05-30,508.8824157714844,9,2010-03-16,2024-03-15,2024-03-18,2024-12-27,1,0.5812788751804338,1.0,0.009108153680295716,0.009108153680295716,5.0,0.0,0.009108153680295716,1.0,0.009108153680295716,0.0,0.009108153680295716,0.5583718335739117,0.65,0.75
2024-05-31,513.5173950195312,9,2010-03-16,2024-03-15,2024-03-18,2024-12-27,1,0.5472615462621775,1.0,0.0008154781339302364,0.0008154781339302364,5.0,0.0,0.0008154781339302364,1.0,0.0008154781339302364,0.0,0.0008154781339302364,0.5130153950162367,0.65,0.75
2024-06-03,513.9361572265625,9,2010-03-16,2024-03-15,2024-03-18,2024-12-27,1,0.5629875088214455,1.0,0.0011177709187168983,0.0011177709187168983,5.0,0.0,0.0011177709187168983,1.0,0.0011177709187168983,0.0,0.0011177709187168983,0.5339833450952607,0.65,0.75
2024-06-04,514.5106201171875,9,2010-03-16,2024-03-15,2024-03-18,2024-12-27,1,0.584746295240372,1.0,0.011885061250984874,0.011885061250984874,5.0,0.0,0.011885061250984874,1.0,0.011885061250984874,0.0,0.011885061250984874,0.5629950603204961,0.65,0.75
2024-06-05,520.6256103515625,9,2010-03-16,2024-03-15,2024-03-18,2024-12-27,0,0.5754758944934004,1.0,-1.864024675468645e-05,-1.864024675468645e-05,5.0,0.0,-1.864024675468645e-05,1.0,-1.864024675468645e-05,0.0,-1.864024675468645e-05,0.5506345259912006,0.65,0.75
2024-06-06,520.6159057617188,9,2010-03-16,2024-03-15,2024-03-18,2024-12-27,0,0.570466543383767,1.0,-0.0012157418997532643,-0.0012157418997532643,5.0,0.0,-0.0012157418997532643,1.0,-0.0012157418997532643,0.0,-0.0012157418997532643,0.543955391178356,0.65,0.75
2024-06-07,519.9829711914062,9,2010-03-16,2024-03-15,2024-03-18,2024-12-27,1,0.5906392870460517,1.0,0.0030898885966279543,0.0030898885966279543,5.0,0.0,0.0030898885966279543,1.0,0.0030898885966279543,0.0,0.0030898885966279543,0.570852382728069,0.65,0.75
2024-06-10,521.5896606445312,9,2010-03-16,2024-03-15,2024-03-18,2024-12-27,1,0.5728645295601147,1.0,0.002408338672260202,0.002408338672260202,5.0,0.0,0.002408338672260202,1.0,0.002408338672260202,0.0,0.002408338672260202,0.5471527060801529,0.65,0.75
2024-06-11,522.8458251953125,9,2010-03-16,2024-03-15,2024-03-18,2024-12-27,1,0.5790401540309972,1.0,0.00821287495450207,0.00821287495450207,5.0,0.0,0.00821287495450207,1.0,0.00821287495450207,0.0,0.00821287495450207,0.5553868720413295,0.65,0.75
2024-06-12,527.139892578125,9,2010-03-16,2024-03-15,2024-03-18,2024-12-27,1,0.5763422331279228,1.0,0.002013509852188289,0.002013509852188289,5.0,0.0,0.002013509852188289,1.0,0.002013509852188289,0.0,0.002013509852188289,0.5517896441705638,0.65,0.75
2024-06-13,528.2012939453125,9,2010-03-16,2024-03-15,2024-03-18,2024-12-27,1,0.5602950699729614,1.0,0.0006083856691376788,0.0006083856691376788,5.0,0.0,0.0006083856691376788,1.0,0.0006083856691376788,0.0,0.0006083856691376788,0.5303934266306153,0.65,0.75
2024-06-14,528.5226440429688,9,2010-03-16,2024-03-15,2024-03-18,2024-12-27,1,0.5680576384763836,1.0,0.007958943634686966,0.007958943634686966,5.0,0.0,0.007958943634686966,1.0,0.007958943634686966,0.0,0.007958943634686966,0.5407435179685115,0.65,0.75
2024-06-17,532.7291259765625,9,2010-03-16,2024-03-15,2024-03-18,2024-12-27,1,0.5598272701015475,1.0,0.0025406055795478277,0.0025406055795478277,5.0,0.0,0.0025406055795478277,1.0,0.0025406055795478277,0.0,0.0025406055795478277,0.52976969346873,0.65,0.75
2024-06-18,534.0825805664062,9,2010-03-16,2024-03-15,2024-03-18,2024-12-27,0,0.5529432955770399,1.0,-0.0027163301738238887,-0.0027163301738238887,5.0,0.0,-0.0027163301738238887,1.0,-0.0027163301738238887,0.0,-0.0027163301738238887,0.5205910607693865,0.65,0.75
2024-06-20,532.6318359375,9,2010-03-16,2024-03-15,2024-03-18,2024-12-27,0,0.5617029745379085,1.0,-0.001340836794000877,-0.001340836794000877,5.0,0.0,-0.001340836794000877,1.0,-0.001340836794000877,0.0,-0.001340836794000877,0.5322706327172114,0.65,0.75
2024-06-21,531.9176635742188,9,2010-03-16,2024-03-15,2024-03-18,2024-12-27,0,0.5439595809624869,1.0,-0.0032505104166534737,-0.0032505104166534737,5.0,0.0,-0.0032505104166534737,1.0,-0.0032505104166534737,0.0,-0.0032505104166534737,0.5086127746166491,0.65,0.75
2024-06-24,530.1886596679688,9,2010-03-16,2024-03-15,2024-03-18,2024-12-27,1,0.5590767794578789,1.0,0.003850638643770221,0.003850638643770221,5.0,0.0,0.003850638643770221,1.0,0.003850638643770221,0.0,0.003850638643770221,0.5287690392771719,0.65,0.75
2024-06-25,532.230224609375,9,2010-03-16,2024-03-15,2024-03-18,2024-12-27,1,0.5708161933426251,1.0,0.0012483859056016122,0.0012483859056016122,5.0,0.0,0.0012483859056016122,1.0,0.0012483859056016122,0.0,0.0012483859056016122,0.5444215911235002,0.65,0.75
2024-06-26,532.8946533203125,9,2010-03-16,2024-03-15,2024-03-18,2024-12-27,1,0.5845329851723883,1.0,0.0015763469388081486,0.0015763469388081486,5.0,0.0,0.0015763469388081486,1.0,0.0015763469388081486,0.0,0.0015763469388081486,0.5627106468965177,0.65,0.75
2024-06-27,533.7346801757812,9,2010-03-16,2024-03-15,2024-03-18,2024-12-27,0,0.5782966053435857,1.0,-0.003935179546855183,-0.003935179546855183,5.0,0.0,-0.003935179546855183,1.0,-0.003935179546855183,0.0,-0.003935179546855183,0.5543954737914477,0.65,0.75
2024-06-28,531.6343383789062,9,2010-03-16,2024-03-15,2024-03-18,2024-12-27,1,0.5862465481085101,1.0,0.0020581387752909297,0.0020581387752909297,5.0,0.0,0.0020581387752909297,1.0,0.0020581387752909297,0.0,0.0020581387752909297,0.5649953974780134,0.65,0.75
2024-07-01,532.728515625,9,2010-03-16,2024-03-15,2024-03-18,2024-12-27,1,0.5561133075888142,1.0,0.006729662300142714,0.006729662300142714,5.0,0.0,0.006729662300142714,1.0,0.006729662300142714,0.0,0.006729662300142714,0.5248177434517522,0.65,0.75
2024-07-02,536.3135986328125,9,2010-03-16,2024-03-15,2024-03-18,2024-12-27,1,0.5672625140108152,1.0,0.004462634526017029,0.004462634526017029,5.0,0.0,0.004462634526017029,1.0,0.004462634526017029,0.0,0.004462634526017029,0.5396833520144203,0.65,0.75
2024-07-03,538.7069702148438,9,2010-03-16,2024-03-15,2024-03-18,2024-12-27,1,0.5736492377932131,1.0,0.005766484349109424,0.005766484349109424,5.0,0.0,0.005766484349109424,1.0,0.005766484349109424,0.0,0.005766484349109424,0.5481989837242841,0.65,0.75
2024-07-05,541.8134155273438,9,2010-03-16,2024-03-15,2024-03-18,2024-12-27,1,0.5793136614972334,1.0,0.0011538715866978855,0.0011538715866978855,5.0,0.0,0.0011538715866978855,1.0,0.0011538715866978855,0.0,0.0011538715866978855,0.5557515486629779,0.65,0.75
2024-07-08,542.4385986328125,9,2010-03-16,2024-03-15,2024-03-18,2024-12-27,1,0.568574137768507,1.0,0.0009726223243602394,0.0009726223243602394,5.0,0.0,0.0009726223243602394,1.0,0.0009726223243602394,0.0,0.0009726223243602394,0.5414321836913426,0.65,0.75
2024-07-09,542.9661865234375,9,2010-03-16,2024-03-15,2024-03-18,2024-12-27,1,0.5724013214198402,1.0,0.0098950557095705,0.0098950557095705,5.0,0.0,0.0098950557095705,1.0,0.0098950557095705,0.0,0.0098950557095705,0.5465350952264537,0.65,0.75
2024-07-10,548.3388671875,9,2010-03-16,2024-03-15,2024-03-18,2024-12-27,0,0.5757725560069472,1.0,-0.008622232630868476,-0.008622232630868476,5.0,0.0,-0.008622232630868476,1.0,-0.008622232630868476,0.0,-0.008622232630868476,0.5510300746759297,0.65,0.75
2024-07-11,543.6109619140625,9,2010-03-16,2024-03-15,2024-03-18,2024-12-27,1,0.587266528598443,1.0,0.006307512629509127,0.006307512629509127,5.0,0.0,0.006307512629509127,1.0,0.006307512629509127,0.0,0.006307512629509127,0.5663553714645906,0.65,0.75
2024-07-12,547.039794921875,9,2010-03-16,2024-03-15,2024-03-18,2024-12-27,1,0.5597997714992825,1.0,0.002749952581253323,0.002749952581253323,5.0,0.0,0.002749952581253323,1.0,0.002749952581253323,0.0,0.002749952581253323,0.52973302866571,0.65,0.75
2024-07-15,548.5441284179688,9,2010-03-16,2024-03-15,2024-03-18,2024-12-27,1,0.5625869752005134,1.0,0.005930114860369873,0.005930114860369873,5.0,0.0,0.005930114860369873,1.0,0.005930114860369873,0.0,0.005930114860369873,0.5334493002673512,0.65,0.75
2024-07-16,551.7970581054688,9,2010-03-16,2024-03-15,2024-03-18,2024-12-27,0,0.5654024386279086,1.0,-0.014021126594645938,-0.014021126594645938,5.0,0.0,-0.014021126594645938,1.0,-0.014021126594645938,0.0,-0.014021126594645938,0.5372032515038782,0.65,0.75
2024-07-17,544.0602416992188,9,2010-03-16,2024-03-15,2024-03-18,2024-12-27,0,0.6044977941100474,1.0,-0.00768475421990622,-0.00768475421990622,5.0,0.0,-0.00768475421990622,1.0,-0.00768475421990622,0.0,-0.00768475421990622,0.5893303921467299,0.65,0.75
2024-07-18,539.8792724609375,9,2010-03-16,2024-03-15,2024-03-18,2024-12-27,0,0.5705518321503702,1.0,-0.006640753333208238,-0.006640753333208238,5.0,0.0,-0.006640753333208238,1.0,-0.006640753333208238,0.0,-0.006640753333208238,0.5440691095338269,0.65,0.75
2024-07-19,536.2940673828125,9,2010-03-16,2024-03-15,2024-03-18,2024-12-27,1,0.573065256102954,1.0,0.010309968244979206,0.010309968244979206,5.0,0.0,0.010309968244979206,1.0,0.010309968244979206,0.0,0.010309968244979206,0.5474203414706054,0.65,0.75
2024-07-22,541.8232421875,9,2010-03-16,2024-03-15,2024-03-18,2024-12-27,0,0.5656980005951023,1.0,-0.001568506940001102,-0.001568506940001102,5.0,0.0,-0.001568506940001102,1.0,-0.001568506940001102,0.0,-0.001568506940001102,0.5375973341268031,0.65,0.75
2024-07-23,540.973388671875,9,2010-03-16,2024-03-15,2024-03-18,2024-12-27,0,0.6043894017267077,1.0,-0.022662757516719534,-0.022662757516719534,5.0,0.0,-0.022662757516719534,1.0,-0.022662757516719534,0.0,-0.022662757516719534,0.5891858689689436,0.65,0.75
2024-07-24,528.7134399414062,9,2010-03-16,2024-03-15,2024-03-18,2024-12-27,0,0.5411166554682322,1.0,-0.005210194216618613,-0.005210194216618613,5.0,0.0,-0.005210194216618613,1.0,-0.005210194216618613,0.0,-0.005210194216618613,0.6048222072909762,0.35,0.75
2024-07-25,525.958740234375,9,2010-03-16,2024-03-15,2024-03-18,2024-12-27,1,0.4900110172325173,1.0,0.011199785362203674,0.011199785362203674,5.0,0.0,0.011199785362203674,0.0,0.0,0.0005,-0.0005,0.536681356310023,0.35,0.75
2024-07-26,531.849365234375,9,2010-03-16,2024-03-15,2024-03-18,2024-12-27,1,0.47948807245335157,1.0,0.0005876871452474841,0.0005876871452474841,5.0,0.0,0.0005876871452474841,1.0,0.0005876871452474841,0.0005,8.76871452474841e-05,0.5226507632711355,0.35,0.75
2024-07-29,532.1619262695312,9,2010-03-16,2024-03-15,2024-03-18,2024-12-27,0,0.5930156810654942,1.0,-0.00506655567459402,-0.00506655567459402,5.0,0.0,-0.00506655567459402,1.0,-0.00506655567459402,0.0,-0.00506655567459402,0.5740209080873255,0.65,0.75
2024-07-30,529.4656982421875,9,2010-03-16,2024-03-15,2024-03-18,2024-12-27,1,0.5349115037343243,1.0,0.016254501850539782,0.016254501850539782,5.0,0.0,0.016254501850539782,0.0,0.0,0.0005,-0.0005,0.5965486716457656,0.35,0.75
2024-07-31,538.0718994140625,9,2010-03-16,2024-03-15,2024-03-18,2024-12-27,0,0.5458287158559314,1.0,-0.014160759638692899,-0.014160759638692899,5.0,0.0,-0.014160759638692899,1.0,-0.014160759638692899,0.0005,-0.0146607596386929,0.5111049544745753,0.65,0.75
2024-08-01,530.452392578125,9,2010-03-16,2024-03-15,2024-03-18,2024-12-27,0,0.48977630367232483,1.0,-0.018618371424376612,-0.018618371424376612,5.0,0.0,-0.018618371424376612,1.0,-0.018618371424376612,0.0,-0.018618371424376612,0.5363684048964331,0.35,0.75
2024-08-02,520.5762329101562,9,2010-03-16,2024-03-15,2024-03-18,2024-12-27,0,0.5026856998915187,1.0,-0.029123692816645508,-0.029123692816645508,5.0,0.0,-0.029123692816645508,0.0,-0.0,0.0005,-0.0005,0.5535809331886916,0.35,0.75
2024-08-05,505.4151306152344,9,2010-03-16,2024-03-15,2024-03-18,2024-12-27,1,0.49621719248341634,1.0,0.009219546871610085,0.009219546871610085,5.0,0.0,0.009219546871610085,0.0,0.0,0.0,0.0,0.5449562566445552,0.35,0.75
2024-08-06,510.0748291015625,9,2010-03-16,2024-03-15,2024-03-18,2024-12-27,0,0.46731910686098055,1.0,-0.006683924717119649,-0.006683924717119649,5.0,0.0,-0.006683924717119649,0.0,-0.0,0.0,-0.0,0.5064254758146407,0.35,0.75
2024-08-07,506.66552734375,9,2010-03-16,2024-03-15,2024-03-18,2024-12-27,1,0.5348461993838663,1.0,0.023117237876704166,0.023117237876704166,5.0,0.0,0.023117237876704166,0.0,0.0,0.0,0.0,0.5964615991784884,0.35,0.75
2024-08-08,518.3782348632812,9,2010-03-16,2024-03-15,2024-03-18,2024-12-27,1,0.498149671892795,1.0,0.004409457125771121,0.004409457125771121,5.0,0.0,0.004409457125771121,0.0,0.0,0.0,0.0,0.54753289585706,0.35,0.75
2024-08-09,520.6640014648438,9,2010-03-16,2024-03-15,2024-03-18,2024-12-27,1,0.5155956076850852,1.0,0.0005255224188707164,0.0005255224188707164,5.0,0.0,0.0005255224188707164,0.0,0.0,0.0,0.0,0.5707941435801135,0.35,0.75
2024-08-12,520.9376220703125,9,2010-03-16,2024-03-15,2024-03-18,2024-12-27,1,0.4939989151131583,1.0,0.016445613272904724,0.016445613272904724,5.0,0.0,0.016445613272904724,0.0,0.0,0.0,0.0,0.541998553484211,0.35,0.75
2024-08-13,529.5047607421875,9,2010-03-16,2024-03-15,2024-03-18,2024-12-27,1,0.4841857365358063,1.0,0.0031547803065354874,0.0031547803065354874,5.0,0.0,0.0031547803065354874,0.0,0.0,0.0,0.0,0.5289143153810751,0.35,0.75
2024-08-14,531.1752319335938,9,2010-03-16,2024-03-15,2024-03-18,2024-12-27,1,0.48196358959043983,1.0,0.017140279968171024,0.017140279968171024,5.0,0.0,0.017140279968171024,1.0,0.017140279968171024,0.0005,0.016640279968171023,0.5259514527872531,0.35,0.75
2024-08-15,540.2797241210938,9,2010-03-16,2024-03-15,2024-03-18,2024-12-27,1,0.5701320392898296,1.0,0.002241993650433649,0.002241993650433649,5.0,0.0,0.002241993650433649,1.0,0.002241993650433649,0.0,0.002241993650433649,0.5435093857197728,0.65,0.75
2024-08-16,541.4910278320312,9,2010-03-16,2024-03-15,2024-03-18,2024-12-27,1,0.5712943762027264,1.0,0.00956154390055941,0.00956154390055941,5.0,0.0,0.00956154390055941,1.0,0.00956154390055941,0.0,0.00956154390055941,0.5450591682703019,0.65,0.75
2024-08-19,546.6685180664062,9,2010-03-16,2024-03-15,2024-03-18,2024-12-27,0,0.5464751219770195,1.0,-0.0016260603752510372,-0.0016260603752510372,5.0,0.0,-0.0016260603752510372,1.0,-0.0016260603752510372,0.0,-0.0016260603752510372,0.5119668293026928,0.65,0.75
2024-08-20,545.7796020507812,9,2010-03-16,2024-03-15,2024-03-18,2024-12-27,1,0.5803258713466225,1.0,0.00343634733544973,0.00343634733544973,5.0,0.0,0.00343634733544973,1.0,0.00343634733544973,0.0,0.00343634733544973,0.5571011617954967,0.65,0.75
2024-08-21,547.6550903320312,9,2010-03-16,2024-03-15,2024-03-18,2024-12-27,0,0.5702855863768578,1.0,-0.007848514301196041,-0.007848514301196041,5.0,0.0,-0.007848514301196041,1.0,-0.007848514301196041,0.0,-0.007848514301196041,0.5437141151691437,0.65,0.75
2024-08-22,543.3568115234375,9,2010-03-16,2024-03-15,2024-03-18,2024-12-27,1,0.5818306255209804,1.0,0.010625274786747463,0.010625274786747463,5.0,0.0,0.010625274786747463,1.0,0.010625274786747463,0.0,0.010625274786747463,0.5591075006946405,0.65,0.75
2024-08-23,549.130126953125,9,2010-03-16,2024-03-15,2024-03-18,2024-12-27,0,0.537059008230598,1.0,-0.0023836972271040757,-0.0023836972271040757,5.0,0.0,-0.0023836972271040757,1.0,-0.0023836972271040757,0.0,-0.0023836972271040757,0.49941201097413074,0.65,0.75
2024-08-26,547.8211669921875,9,2010-03-16,2024-03-15,2024-03-18,2024-12-27,1,0.5669888058131403,1.0,0.0013731822465194998,0.0013731822465194998,5.0,0.0,0.0013731822465194998,1.0,0.0013731822465194998,0.0,0.0013731822465194998,0.5393184077508537,0.65,0.75
2024-08-27,548.5734252929688,9,2010-03-16,2024-03-15,2024-03-18,2024-12-27,0,0.5581763445340743,1.0,-0.005805407691981568,-0.005805407691981568,5.0,0.0,-0.005805407691981568,1.0,-0.005805407691981568,0.0,-0.005805407691981568,0.5275684593787657,0.65,0.75
2024-08-28,545.3887329101562,9,2010-03-16,2024-03-15,2024-03-18,2024-12-27,1,0.5796454124371365,1.0,8.952903141112856e-05,8.952903141112856e-05,5.0,0.0,8.952903141112856e-05,1.0,8.952903141112856e-05,0.0,8.952903141112856e-05,0.5561938832495154,0.65,0.75
2024-08-29,545.4375610351562,9,2010-03-16,2024-03-15,2024-03-18,2024-12-27,1,0.5504606783485164,1.0,0.009545961712532636,0.009545961712532636,5.0,0.0,0.009545961712532636,1.0,0.009545961712532636,0.0,0.009545961712532636,0.5172809044646886,0.65,0.75
2024-08-30,550.644287109375,9,2010-03-16,2024-03-15,2024-03-18,2024-12-27,0,0.5571613584353616,1.0,-0.02057880971287629,-0.02057880971287629,5.0,0.0,-0.02057880971287629,1.0,-0.02057880971287629,0.0,-0.02057880971287629,0.5262151445804822,0.65,0.75
2024-09-03,539.3126831054688,9,2010-03-16,2024-03-15,2024-03-18,2024-12-27,0,0.5817149888290919,1.0,-0.0020470571911881397,-0.0020470571911881397,5.0,0.0,-0.0020470571911881397,1.0,-0.0020470571911881397,0.0,-0.0020470571911881397,0.5589533184387893,0.65,0.75
2024-09-04,538.2086791992188,9,2010-03-16,2024-03-15,2024-03-18,2024-12-27,0,0.5631101993398364,1.0,-0.002431954326208019,-0.002431954326208019,5.0,0.0,-0.002431954326208019,1.0,-0.002431954326208019,0.0,-0.002431954326208019,0.5341469324531153,0.65,0.75
2024-09-05,536.8997802734375,9,2010-03-16,2024-03-15,2024-03-18,2024-12-27,0,0.5709906031964262,1.0,-0.016830090287505373,-0.016830090287505373,5.0,0.0,-0.016830090287505373,1.0,-0.016830090287505373,0.0,-0.016830090287505373,0.5446541375952351,0.65,0.75
2024-09-06,527.8637084960938,9,2010-03-16,2024-03-15,2024-03-18,2024-12-27,1,0.591899154330403,1.0,0.01119602096035166,0.01119602096035166,5.0,0.0,0.01119602096035166,0.0,0.0,0.0005,-0.0005,0.5725322057738707,0.65,0.75
2024-09-09,533.773681640625,9,2010-03-16,2024-03-15,2024-03-18,2024-12-27,1,0.5733085313352312,1.0,0.004355801507269996,0.004355801507269996,5.0,0.0,0.004355801507269996,0.0,0.0,0.0,0.0,0.547744708446975,0.65,0.75
2024-09-10,536.0986938476562,9,2010-03-16,2024-03-15,2024-03-18,2024-12-27,1,0.5739133247064704,1.0,0.010258849578428375,0.010258849578428375,5.0,0.0,0.010258849578428375,0.0,0.0,0.0,0.0,0.5485510996086272,0.65,0.75
2024-09-11,541.5984497070312,9,2010-03-16,2024-03-15,2024-03-18,2024-12-27,1,0.5714318451572649,1.0,0.008423236294745173,0.008423236294745173,5.0,0.0,0.008423236294745173,1.0,0.008423236294745173,0.0005,0.007923236294745173,0.5452424602096865,0.65,0.75
2024-09-12,546.1604614257812,9,2010-03-16,2024-03-15,2024-03-18,2024-12-27,1,0.5471841287708465,1.0,0.005222783831508426,0.005222783831508426,5.0,0.0,0.005222783831508426,1.0,0.005222783831508426,0.0,0.005222783831508426,0.512912171694462,0.65,0.75
2024-09-13,549.012939453125,9,2010-03-16,2024-03-15,2024-03-18,2024-12-27,1,0.547852210819682,1.0,0.0014770382037720964,0.0014770382037720964,5.0,0.0,0.0014770382037720964,1.0,0.0014770382037720964,0.0,0.0014770382037720964,0.5138029477595761,0.65,0.75
2024-09-16,549.8238525390625,9,2010-03-16,2024-03-15,2024-03-18,2024-12-27,1,0.5685971780970754,1.0,0.0004085115150294083,0.0004085115150294083,5.0,0.0,0.0004085115150294083,1.0,0.0004085115150294083,0.0,0.0004085115150294083,0.541462904129434,0.65,0.75
2024-09-17,550.0484619140625,9,2010-03-16,2024-03-15,2024-03-18,2024-12-27,0,0.566736437727261,1.0,-0.0029656033947648153,-0.0029656033947648153,5.0,0.0,-0.0029656033947648153,1.0,-0.0029656033947648153,0.0,-0.0029656033947648153,0.5389819169696813,0.65,0.75
2024-09-18,548.417236328125,9,2010-03-16,2024-03-15,2024-03-18,2024-12-27,1,0.5660924531179581,1.0,0.01706426564015673,0.01706426564015673,5.0,0.0,0.01706426564015673,1.0,0.01706426564015673,0.0,0.01706426564015673,0.5381232708239441,0.65,0.75
2024-09-19,557.7755737304688,9,2010-03-16,2024-03-15,2024-03-18,2024-12-27,0,0.5407431026952699,1.0,-0.0017288215529849271,-0.0017288215529849271,5.0,0.0,-0.0017288215529849271,1.0,-0.0017288215529849271,0.0,-0.0017288215529849271,0.5043241369270266,0.65,0.75
2024-09-20,556.811279296875,9,2010-03-16,2024-03-15,2024-03-18,2024-12-27,1,0.5540485107915561,1.0,0.002499014556502255,0.002499014556502255,5.0,0.0,0.002499014556502255,1.0,0.002499014556502255,0.0,0.002499014556502255,0.5220646810554082,0.65,0.75
2024-09-23,558.2027587890625,9,2010-03-16,2024-03-15,2024-03-18,2024-12-27,1,0.5517457742483907,1.0,0.002861268497158287,0.002861268497158287,5.0,0.0,0.002861268497158287,1.0,0.002861268497158287,0.0,0.002861268497158287,0.518994365664521,0.65,0.75
2024-09-24,559.7999267578125,9,2010-03-16,2024-03-15,2024-03-18,2024-12-27,0,0.5608209358682449,1.0,-0.0022056830519587844,-0.0022056830519587844,5.0,0.0,-0.0022056830519587844,1.0,-0.0022056830519587844,0.0,-0.0022056830519587844,0.5310945811576598,0.65,0.75
2024-09-25,558.565185546875,9,2010-03-16,2024-03-15,2024-03-18,2024-12-27,1,0.559496340080798,1.0,0.003964800647585642,0.003964800647585642,5.0,0.0,0.003964800647585642,1.0,0.003964800647585642,0.0,0.003964800647585642,0.5293284534410639,0.65,0.75
2024-09-26,560.77978515625,9,2010-03-16,2024-03-15,2024-03-18,2024-12-27,0,0.5629213971696946,1.0,-0.0014501814141685276,-0.0014501814141685276,5.0,0.0,-0.0014501814141685276,1.0,-0.0014501814141685276,0.0,-0.0014501814141685276,0.5338951962262595,0.65,0.75
2024-09-27,559.966552734375,9,2010-03-16,2024-03-15,2024-03-18,2024-12-27,1,0.5607804367897723,1.0,0.0040071973467303845,0.0040071973467303845,5.0,0.0,0.0040071973467303845,1.0,0.0040071973467303845,0.0,0.0040071973467303845,0.5310405823863631,0.65,0.75
2024-09-30,562.21044921875,9,2010-03-16,2024-03-15,2024-03-18,2024-12-27,0,0.5594237424248323,1.0,-0.008958387433809278,-0.008958387433809278,5.0,0.0,-0.008958387433809278,1.0,-0.008958387433809278,0.0,-0.008958387433809278,0.5292316565664431,0.65,0.75
2024-10-01,557.1739501953125,9,2010-03-16,2024-03-15,2024-03-18,2024-12-27,1,0.5724677349451411,1.0,0.0004219641312961375,0.0004219641312961375,5.0,0.0,0.0004219641312961375,1.0,0.0004219641312961375,0.0,0.0004219641312961375,0.5466236465935215,0.65,0.75
2024-10-02,557.4090576171875,9,2010-03-16,2024-03-15,2024-03-18,2024-12-27,0,0.5683293888145082,1.0,-0.0018281779867485026,-0.0018281779867485026,5.0,0.0,-0.0018281779867485026,1.0,-0.0018281779867485026,0.0,-0.0018281779867485026,0.5411058517526777,0.65,0.75
2024-10-03,556.3900146484375,9,2010-03-16,2024-03-15,2024-03-18,2024-12-27,1,0.5864770653163655,1.0,0.009087314968778681,0.009087314968778681,5.0,0.0,0.009087314968778681,1.0,0.009087314968778681,0.0,0.009087314968778681,0.5653027537551539,0.65,0.75
2024-10-04,561.4461059570312,9,2010-03-16,2024-03-15,2024-03-18,2024-12-27,0,0.573885775934942,1.0,-0.009040375451706217,-0.009040375451706217,5.0,0.0,-0.009040375451706217,1.0,-0.009040375451706217,0.0,-0.009040375451706217,0.5485143679132561,0.65,0.75
2024-10-07,556.3704223632812,9,2010-03-16,2024-03-15,2024-03-18,2024-12-27,1,0.6008072757670505,1.0,0.009457441677007017,0.009457441677007017,5.0,0.0,0.009457441677007017,1.0,0.009457441677007017,0.0,0.009457441677007017,0.584409701022734,0.65,0.75
2024-10-08,561.6322631835938,9,2010-03-16,2024-03-15,2024-03-18,2024-12-27,1,0.562771995656847,1.0,0.006926483704299491,0.006926483704299491,5.0,0.0,0.006926483704299491,1.0,0.006926483704299491,0.0,0.006926483704299491,0.5336959942091293,0.65,0.75
2024-10-09,565.5223999023438,9,2010-03-16,2024-03-15,2024-03-18,2024-12-27,0,0.5798195702361691,1.0,-0.0017500368840644986,-0.0017500368840644986,5.0,0.0,-0.0017500368840644986,1.0,-0.0017500368840644986,0.0,-0.0017500368840644986,0.5564260936482255,0.65,0.75
2024-10-10,564.53271484375,9,2010-03-16,2024-03-15,2024-03-18,2024-12-27,1,0.5841145594204127,1.0,0.005988342474201325,0.005988342474201325,5.0,0.0,0.005988342474201325,1.0,0.005988342474201325,0.0,0.005988342474201325,0.5621527458938836,0.65,0.75
2024-10-11,567.913330078125,9,2010-03-16,2024-03-15,2024-03-18,2024-12-27,1,0.5789143157791934,1.0,0.008178347010304066,0.008178347010304066,5.0,0.0,0.008178347010304066,1.0,0.008178347010304066,0.0,0.008178347010304066,0.5552190877055911,0.65,0.75
2024-10-14,572.5579223632812,9,2010-03-16,2024-03-15,2024-03-18,2024-12-27,0,0.5649891903136742,1.0,-0.007769922124887363,-0.007769922124887363,5.0,0.0,-0.007769922124887363,1.0,-0.007769922124887363,0.0,-0.007769922124887363,0.5366522537515657,0.65,0.75
2024-10-15,568.1091918945312,9,2010-03-16,2024-03-15,2024-03-18,2024-12-27,1,0.5911060521617978,1.0,0.004346629814820702,0.004346629814820702,5.0,0.0,0.004346629814820702,1.0,0.004346629814820702,0.0,0.004346629814820702,0.5714747362157304,0.65,0.75
2024-10-16,570.5785522460938,9,2010-03-16,2024-03-15,2024-03-18,2024-12-27,1,0.5728588787870361,1.0,8.589742862885608e-05,8.589742862885608e-05,5.0,0.0,8.589742862885608e-05,1.0,8.589742862885608e-05,0.0,8.589742862885608e-05,0.5471451717160482,0.65,0.75
2024-10-17,570.6275634765625,9,2010-03-16,2024-03-15,2024-03-18,2024-12-27,1,0.5886512062627529,1.0,0.003846334035071841,0.003846334035071841,5.0,0.0,0.003846334035071841,1.0,0.003846334035071841,0.0,0.003846334035071841,0.5682016083503372,0.65,0.75
2024-10-18,572.8223876953125,9,2010-03-16,2024-03-15,2024-03-18,2024-12-27,0,0.5841226486154006,1.0,-0.0016420670930010761,-0.0016420670930010761,5.0,0.0,-0.0016420670930010761,1.0,-0.0016420670930010761,0.0,-0.0016420670930010761,0.5621635314872009,0.65,0.75
2024-10-21,571.8817749023438,9,2010-03-16,2024-03-15,2024-03-18,2024-12-27,0,0.585944462177888,1.0,-0.00053117967032279,-0.00053117967032279,5.0,0.0,-0.00053117967032279,1.0,-0.00053117967032279,0.0,-0.00053117967032279,0.564592616237184,0.65,0.75
2024-10-22,571.5780029296875,9,2010-03-16,2024-03-15,2024-03-18,2024-12-27,0,0.5728104126629943,1.0,-0.009137365781024864,-0.009137365781024864,5.0,0.0,-0.009137365781024864,1.0,-0.009137365781024864,0.0,-0.009137365781024864,0.5470805502173257,0.65,0.75
2024-10-23,566.3552856445312,9,2010-03-16,2024-03-15,2024-03-18,2024-12-27,1,0.5885417433532383,1.0,0.0021626945959039023,0.0021626945959039023,5.0,0.0,0.0021626945959039023,1.0,0.0021626945959039023,0.0,0.0021626945959039023,0.5680556578043178,0.65,0.75
2024-10-24,567.5801391601562,9,2010-03-16,2024-03-15,2024-03-18,2024-12-27,0,0.5706211206318443,1.0,-0.0003452972949489208,-0.0003452972949489208,5.0,0.0,-0.0003452972949489208,1.0,-0.0003452972949489208,0.0,-0.0003452972949489208,0.5441614941757924,0.65,0.75
2024-10-25,567.3841552734375,9,2010-03-16,2024-03-15,2024-03-18,2024-12-27,1,0.580512127042898,1.0,0.003091322288178766,0.003091322288178766,5.0,0.0,0.003091322288178766,1.0,0.003091322288178766,0.0,0.003091322288178766,0.5573495027238641,0.65,0.75
2024-10-28,569.1381225585938,9,2010-03-16,2024-03-15,2024-03-18,2024-12-27,1,0.5733411223648257,1.0,0.0016183796278272933,0.0016183796278272933,5.0,0.0,0.0016183796278272933,1.0,0.0016183796278272933,0.0,0.0016183796278272933,0.547788163153101,0.65,0.75
2024-10-29,570.0592041015625,9,2010-03-16,2024-03-15,2024-03-18,2024-12-27,0,0.5864165189817477,1.0,-0.0030252091843017137,-0.0030252091843017137,5.0,0.0,-0.0030252091843017137,1.0,-0.0030252091843017137,0.0,-0.0030252091843017137,0.565222025308997,0.65,0.75
2024-10-30,568.3346557617188,9,2010-03-16,2024-03-15,2024-03-18,2024-12-27,0,0.567866346738007,1.0,-0.01960308625965801,-0.01960308625965801,5.0,0.0,-0.01960308625965801,1.0,-0.01960308625965801,0.0,-0.01960308625965801,0.5404884623173426,0.65,0.75
2024-10-31,557.1935424804688,9,2010-03-16,2024-03-15,2024-03-18,2024-12-27,1,0.595311583717149,1.0,0.004220478802908323,0.004220478802908323,5.0,0.0,0.004220478802908323,1.0,0.004220478802908323,0.0,0.004220478802908323,0.5770821116228654,0.65,0.75
2024-11-01,559.545166015625,9,2010-03-16,2024-03-15,2024-03-18,2024-12-27,0,0.4952351331373108,1.0,-0.002154001685066964,-0.002154001685066964,5.0,0.0,-0.002154001685066964,1.0,-0.002154001685066964,0.0,-0.002154001685066964,0.5436468441830811,0.35,0.75
2024-11-04,558.3399047851562,9,2010-03-16,2024-03-15,2024-03-18,2024-12-27,1,0.5941631211589343,1.0,0.012091814888343544,0.012091814888343544,5.0,0.0,0.012091814888343544,1.0,0.012091814888343544,0.0,0.012091814888343544,0.5755508282119124,0.65,0.75
2024-11-05,565.0912475585938,9,2010-03-16,2024-03-15,2024-03-18,2024-12-27,1,0.588608966407202,1.0,0.024865703835035058,0.024865703835035058,5.0,0.0,0.024865703835035058,1.0,0.024865703835035058,0.0,0.024865703835035058,0.568145288542936,0.65,0.75
2024-11-06,579.1426391601562,9,2010-03-16,2024-03-15,2024-03-18,2024-12-27,1,0.560039601796097,1.0,0.007732061163874038,0.007732061163874038,5.0,0.0,0.007732061163874038,1.0,0.007732061163874038,0.0,0.007732061163874038,0.530052802394796,0.65,0.75
2024-11-07,583.62060546875,9,2010-03-16,2024-03-15,2024-03-18,2024-12-27,1,0.5444545029153061,1.0,0.004331607062928011,0.004331607062928011,5.0,0.0,0.004331607062928011,1.0,0.004331607062928011,0.0,0.004331607062928011,0.5092726705537415,0.65,0.75
2024-11-08,586.1486206054688,9,2010-03-16,2024-03-15,2024-03-18,2024-12-27,1,0.5549790965675742,1.0,0.0009528858299909793,0.0009528858299909793,5.0,0.0,0.0009528858299909793,1.0,0.0009528858299909793,0.0,0.0009528858299909793,0.5233054620900989,0.65,0.75
2024-11-11,586.7071533203125,9,2010-03-16,2024-03-15,2024-03-18,2024-12-27,0,0.5529598806244636,1.0,-0.0031063363644213693,-0.0031063363644213693,5.0,0.0,-0.0031063363644213693,1.0,-0.0031063363644213693,0.0,-0.0031063363644213693,0.5206131741659514,0.65,0.75
2024-11-12,584.8846435546875,9,2010-03-16,2024-03-15,2024-03-18,2024-12-27,1,0.5653912178226858,1.0,0.0004858730531422939,0.0004858730531422939,5.0,0.0,0.0004858730531422939,1.0,0.0004858730531422939,0.0,0.0004858730531422939,0.5371882904302477,0.65,0.75
2024-11-13,585.1688232421875,9,2010-03-16,2024-03-15,2024-03-18,2024-12-27,0,0.580593014671162,1.0,-0.006430206460433574,-0.006430206460433574,5.0,0.0,-0.006430206460433574,1.0,-0.006430206460433574,0.0,-0.006430206460433574,0.5574573528948826,0.65,0.75
2024-11-14,581.4060668945312,9,2010-03-16,2024-03-15,2024-03-18,2024-12-27,0,0.5865875935078808,1.0,-0.012808535846547398,-0.012808535846547398,5.0,0.0,-0.012808535846547398,1.0,-0.012808535846547398,0.0,-0.012808535846547398,0.5654501246771745,0.65,0.75
2024-11-15,573.9591064453125,9,2010-03-16,2024-03-15,2024-03-18,2024-12-27,1,0.5998153846788706,1.0,0.004097409691839804,0.004097409691839804,5.0,0.0,0.004097409691839804,1.0,0.004097409691839804,0.0,0.004097409691839804,0.5830871795718275,0.65,0.75
2024-11-18,576.3108520507812,9,2010-03-16,2024-03-15,2024-03-18,2024-12-27,1,0.5748869427202842,1.0,0.003655474203944742,0.003655474203944742,5.0,0.0,0.003655474203944742,1.0,0.003655474203944742,0.0,0.003655474203944742,0.5498492569603789,0.65,0.75
2024-11-19,578.4175415039062,9,2010-03-16,2024-03-15,2024-03-18,2024-12-27,1,0.5870775887915155,1.0,0.0003387221816493202,0.0003387221816493202,5.0,0.0,0.0003387221816493202,1.0,0.0003387221816493202,0.0,0.0003387221816493202,0.5661034517220207,0.65,0.75
2024-11-20,578.6134643554688,9,2010-03-16,2024-03-15,2024-03-18,2024-12-27,1,0.5644121621828927,1.0,0.005368247246335223,0.005368247246335223,5.0,0.0,0.005368247246335223,1.0,0.005368247246335223,0.0,0.005368247246335223,0.5358828829105237,0.65,0.75
2024-11-21,581.7196044921875,9,2010-03-16,2024-03-15,2024-03-18,2024-12-27,1,0.5525663326010715,1.0,0.0030994993753996614,0.0030994993753996614,5.0,0.0,0.0030994993753996614,1.0,0.0030994993753996614,0.0,0.0030994993753996614,0.5200884434680954,0.65,0.75
2024-11-22,583.5226440429688,9,2010-03-16,2024-03-15,2024-03-18,2024-12-27,1,0.5413659953311364,1.0,0.003392000468597889,0.003392000468597889,5.0,0.0,0.003392000468597889,1.0,0.003392000468597889,0.0,0.003392000468597889,0.5051546604415152,0.65,0.75
2024-11-25,585.501953125,9,2010-03-16,2024-03-15,2024-03-18,2024-12-27,1,0.5527251222710953,1.0,0.00522148547086676,0.00522148547086676,5.0,0.0,0.00522148547086676,1.0,0.00522148547086676,0.0,0.00522148547086676,0.520300163028127,0.65,0.75
2024-11-26,588.5591430664062,9,2010-03-16,2024-03-15,2024-03-18,2024-12-27,0,0.5567158236854753,1.0,-0.0030300883971953185,-0.0030300883971953185,5.0,0.0,-0.0030300883971953185,1.0,-0.0030300883971953185,0.0,-0.0030300883971953185,0.5256210982473004,0.65,0.75
2024-11-27,586.7757568359375,9,2010-03-16,2024-03-15,2024-03-18,2024-12-27,1,0.5689520334818026,1.0,0.006212258421129713,0.006212258421129713,5.0,0.0,0.006212258421129713,1.0,0.006212258421129713,0.0,0.006212258421129713,0.5419360446424034,0.65,0.75
2024-11-29,590.4209594726562,9,2010-03-16,2024-03-15,2024-03-18,2024-12-27,1,0.572429943486722,1.0,0.0017923271897524184,0.0017923271897524184,5.0,0.0,0.0017923271897524184,1.0,0.0017923271897524184,0.0,0.0017923271897524184,0.5465732579822961,0.65,0.75
2024-12-02,591.4791870117188,9,2010-03-16,2024-03-15,2024-03-18,2024-12-27,1,0.5719244231906107,1.0,0.00046363585237330085,0.00046363585237330085,5.0,0.0,0.00046363585237330085,1.0,0.00046363585237330085,0.0,0.00046363585237330085,0.5458992309208142,0.65,0.75
2024-12-03,591.75341796875,9,2010-03-16,2024-03-15,2024-03-18,2024-12-27,1,0.5684843912272406,1.0,0.006209614402377772,0.006209614402377772,5.0,0.0,0.006209614402377772,1.0,0.006209614402377772,0.0,0.006209614402377772,0.5413125216363208,0.65,0.75
2024-12-04,595.427978515625,9,2010-03-16,2024-03-15,2024-03-18,2024-12-27,0,0.5721918921736743,1.0,-0.0016456371446975648,-0.0016456371446975648,5.0,0.0,-0.0016456371446975648,1.0,-0.0016456371446975648,0.0,-0.0016456371446975648,0.5462558562315657,0.65,0.75
2024-12-05,594.4481201171875,9,2010-03-16,2024-03-15,2024-03-18,2024-12-27,1,0.5665675652266429,1.0,0.0018956945975732165,0.0018956945975732165,5.0,0.0,0.0018956945975732165,1.0,0.0018956945975732165,0.0,0.0018956945975732165,0.5387567536355239,0.65,0.75
2024-12-06,595.5750122070312,9,2010-03-16,2024-03-15,2024-03-18,2024-12-27,0,0.5626902455296914,1.0,-0.0051497755511149546,-0.0051497755511149546,5.0,0.0,-0.0051497755511149546,1.0,-0.0051497755511149546,0.0,-0.0051497755511149546,0.5335869940395885,0.65,0.75
2024-12-09,592.5079345703125,9,2010-03-16,2024-03-15,2024-03-18,2024-12-27,0,0.5757432034329301,1.0,-0.003108888350939698,-0.003108888350939698,5.0,0.0,-0.003108888350939698,1.0,-0.003108888350939698,0.0,-0.003108888350939698,0.5509909379105734,0.65,0.75
2024-12-10,590.6658935546875,9,2010-03-16,2024-03-15,2024-03-18,2024-12-27,1,0.5733049277880875,1.0,0.0077304295440854265,0.0077304295440854265,5.0,0.0,0.0077304295440854265,1.0,0.0077304295440854265,0.0,0.0077304295440854265,0.5477399037174501,0.65,0.75
2024-12-11,595.2319946289062,9,2010-03-16,2024-03-15,2024-03-18,2024-12-27,0,0.5679988267438103,1.0,-0.005152435619933393,-0.005152435619933393,5.0,0.0,-0.005152435619933393,1.0,-0.005152435619933393,0.0,-0.005152435619933393,0.5406651023250805,0.65,0.75
2024-12-12,592.1651000976562,9,2010-03-16,2024-03-15,2024-03-18,2024-12-27,0,0.5924267017951496,1.0,-0.00019841202354187182,-0.00019841202354187182,5.0,0.0,-0.00019841202354187182,1.0,-0.00019841202354187182,0.0,-0.00019841202354187182,0.5732356023935328,0.65,0.75
2024-12-13,592.047607421875,9,2010-03-16,2024-03-15,2024-03-18,2024-12-27,1,0.5856794581021885,1.0,0.0042698493666255555,0.0042698493666255555,5.0,0.0,0.0042698493666255555,1.0,0.0042698493666255555,0.0,0.0042698493666255555,0.5642392774695846,0.65,0.75
2024-12-16,594.5755615234375,9,2010-03-16,2024-03-15,2024-03-18,2024-12-27,0,0.5713932453429154,1.0,-0.0041200937101640855,-0.0041200937101640855,5.0,0.0,-0.0041200937101640855,1.0,-0.0041200937101640855,0.0,-0.0041200937101640855,0.5451909937905538,0.65,0.75
2024-12-17,592.1258544921875,9,2010-03-16,2024-03-15,2024-03-18,2024-12-27,0,0.5708102844259789,1.0,-0.02980346115350485,-0.02980346115350485,5.0,0.0,-0.02980346115350485,1.0,-0.02980346115350485,0.0,-0.02980346115350485,0.5444137125679719,0.65,0.75
2024-12-18,574.4784545898438,9,2010-03-16,2024-03-15,2024-03-18,2024-12-27,0,0.5033784575207202,1.0,-0.0003071527492615189,-0.0003071527492615189,5.0,0.0,-0.0003071527492615189,0.0,-0.0,0.0005,-0.0005,0.5545046100276269,0.35,0.75
2024-12-19,574.302001953125,9,2010-03-16,2024-03-15,2024-03-18,2024-12-27,1,0.4623235501201435,1.0,0.012011013709321894,0.012011013709321894,5.0,0.0,0.012011013709321894,0.0,0.0,0.0,0.0,0.4997647334935247,0.35,0.75
2024-12-20,581.199951171875,9,2010-03-16,2024-03-15,2024-03-18,2024-12-27,1,0.4457108293894042,0.0,0.005988313845908255,0.0,5.0,0.0005,-0.0005,1.0,0.005988313845908255,0.0005,0.005488313845908255,0.47761443918587226,0.35,0.75
2024-12-23,584.6803588867188,9,2010-03-16,2024-03-15,2024-03-18,2024-12-27,1,0.5725967920686078,1.0,0.011114993282984376,0.011114993282984376,5.0,0.0005,0.010614993282984375,1.0,0.011114993282984376,0.0,0.011114993282984376,0.5467957227581437,0.65,0.75
2024-12-24,591.1790771484375,9,2010-03-16,2024-03-15,2024-03-18,2024-12-27,1,0.5905044163587673,1.0,6.669503786849162e-05,6.669503786849162e-05,5.0,0.0,6.669503786849162e-05,1.0,6.669503786849162e-05,0.0,6.669503786849162e-05,0.570672555145023,0.65,0.75
2024-12-26,591.218505859375,9,2010-03-16,2024-03-15,2024-03-18,2024-12-27,0,0.578263993697972,1.0,-0.01052678958933051,-0.01052678958933051,5.0,0.0,-0.01052678958933051,1.0,-0.01052678958933051,0.0,-0.01052678958933051,0.554351991597296,0.65,0.75
2024-12-27,584.994873046875,9,2010-03-16,2024-03-15,2024-03-18,2024-12-27,0,0.503247694043764,1.0,-0.011411483223636054,-0.011411483223636054,5.0,0.0,-0.011411483223636054,1.0,-0.011411483223636054,0.0,-0.011411483223636054,0.5543302587250187,0.35,0.75
