date,close,target,probability,position,market_return,strategy_return
2015-03-16 13:30:00,172.28981018066406,0,0.3906277634991547,0.0,-0.0029724072362643517,0.0
2015-03-17 13:30:00,171.77769470214844,1,0.4304158974131569,0.0,0.012021454262591602,0.0
2015-03-18 13:30:00,173.84271240234375,0,0.7046409776917392,1.0,-0.0045611516449286515,-0.005061151644928652
2015-03-19 13:30:00,173.04978942871094,1,0.6600316135017071,1.0,0.008826477333418126,0.008826477333418126
2015-03-20 13:30:00,174.57720947265625,0,0.6972415443949898,1.0,-0.0019485902219823492,-0.0019485902219823492
2015-03-23 13:30:00,174.23703002929688,0,0.49069265894376785,1.0,-0.00561898021140228,-0.00561898021140228
2015-03-24 13:30:00,173.25799560546875,0,0.5486881877575449,1.0,-0.014653838308863465,-0.014653838308863465
2015-03-25 13:30:00,170.71910095214844,0,0.6006453531788312,1.0,-0.0023810700639698146,-0.0023810700639698146
2015-03-26 13:30:00,170.31260681152344,1,0.6552210899924489,1.0,0.002289186494382145,0.002289186494382145
2015-03-27 13:30:00,170.70248413085938,1,0.5691217461593229,1.0,0.012200060104630595,0.012200060104630595
2015-03-30 13:30:00,172.78506469726562,0,0.6061626307810748,1.0,-0.00873985595800364,-0.00873985595800364
2015-03-31 13:30:00,171.2749481201172,0,0.6928647753391852,1.0,-0.0035360489279199214,-0.0035360489279199214
2015-04-01 13:30:00,170.6693115234375,1,0.48361826173137934,1.0,0.003597770010220769,0.003597770010220769
2015-04-02 13:30:00,171.28334045410156,1,0.6022842471536738,1.0,0.006733228064470964,0.006733228064470964
2015-04-06 13:30:00,172.43663024902344,0,0.6056317949628071,1.0,-0.0026467136373534705,-0.0026467136373534705
2015-04-07 13:30:00,171.98023986816406,1,0.5094527298414667,1.0,0.003377104768147454,0.003377104768147454
2015-04-08 13:30:00,172.56103515625,1,0.6181319336146748,1.0,0.004423660531118756,0.004423660531118756
2015-04-09 13:30:00,173.3243865966797,1,0.7080686908694026,1.0,0.005456824627055212,0.005456824627055212
2015-04-10 13:30:00,174.2701873779297,0,0.6350065233264268,1.0,-0.004522645228676292,-0.004522645228676292
2015-04-13 13:30:00,173.48202514648438,1,0.6831163824933866,1.0,0.0019132194209010578,0.0019132194209010578
2015-04-14 13:30:00,173.81393432617188,1,0.7466072007296984,1.0,0.004486848030957669,0.004486848030957669
2015-04-15 13:30:00,174.59381103515625,0,0.6249978517493979,1.0,-0.00028552251406632756,-0.00028552251406632756
2015-04-16 13:30:00,174.54396057128906,0,0.5619984500938532,1.0,-0.011503278327232636,-0.011503278327232636
2015-04-17 13:30:00,172.5361328125,1,0.6926190275016934,1.0,0.009136818176672667,0.009136818176672667
2015-04-20 13:30:00,174.11256408691406,0,0.670566198373832,1.0,-0.0011911688396821773,-0.0011911688396821773
2015-04-21 13:30:00,173.90516662597656,1,0.568883401550753,1.0,0.0049140790743287255,0.0049140790743287255
2015-04-22 13:30:00,174.75975036621094,1,0.38044027815461084,0.0,0.0025159226075488483,-0.0005
2015-04-23 13:30:00,175.19943237304688,1,0.6730368355125333,1.0,0.002320702115596207,0.001820702115596207
2015-04-24 13:30:00,175.60601806640625,0,0.49265699021599085,1.0,-0.0041576168465160546,-0.0041576168465160546
2015-04-27 13:30:00,174.87591552734375,1,0.43422917594980365,0.0,0.0031787850411511,-0.0005
2015-04-28 13:30:00,175.4318084716797,0,0.353649942261159,0.0,-0.004114690149228051,0.0
2015-04-29 13:30:00,174.7099609375,0,0.37830929279203096,0.0,-0.010020531377338604,0.0
2015-04-30 13:30:00,172.9592742919922,1,0.5067498981881464,0.0,0.01084149628158082,0.0
2015-05-01 13:30:00,174.83441162109375,1,0.6120369102920743,1.0,0.002847281206024066,0.002347281206024066
2015-05-04 13:30:00,175.33221435546875,0,0.6566918197979833,1.0,-0.011451562202473453,-0.011451562202473453
2015-05-05 13:30:00,173.3243865966797,0,0.5887029585471899,1.0,-0.004117180519706554,-0.004117180519706554
2015-05-06 13:30:00,172.61077880859375,1,0.4716131352473157,1.0,0.00398993301049666,0.00398993301049666
2015-05-07 13:30:00,173.2994842529297,1,0.5826756496592436,1.0,0.013165565397929457,0.013165565397929457
2015-05-08 13:30:00,175.58106994628906,0,0.7171780606484378,1.0,-0.004772361858960683,-0.004772361858960683
2015-05-11 13:30:00,174.74313354492188,0,0.6743546499272743,1.0,-0.0029913641028972426,-0.0029913641028972426
2015-05-12 13:30:00,174.2204132080078,1,0.5937991841752396,1.0,0.0001906687234716209,0.0001906687234716209
2015-05-13 13:30:00,174.25363159179688,1,0.5499180411701278,1.0,0.010427949981286933,0.010427949981286933
2015-05-14 13:30:00,176.07073974609375,1,0.6781293779490788,1.0,0.0010831120831213958,0.0010831120831213958
2015-05-15 13:30:00,176.26144409179688,1,0.705212593084525,1.0,0.0031069638755933937,0.0031069638755933937
2015-05-18 13:30:00,176.80908203125,0,0.5704867829498091,1.0,-0.00032872026069785676,-0.00032872026069785676
2015-05-19 13:30:00,176.75096130371094,0,0.7786231389463047,1.0,-0.0007038428889379889,-0.0007038428889379889
2015-05-20 13:30:00,176.62655639648438,1,0.5103109955478881,1.0,0.0029124700507057177,0.0029124700507057177
2015-05-21 13:30:00,177.14097595214844,0,0.6337088043922637,1.0,-0.0023890718247073783,-0.0023890718247073783
2015-05-22 13:30:00,176.7177734375,0,0.5338021050144264,1.0,-0.010751572179333424,-0.010751572179333424
2015-05-26 13:30:00,174.81777954101562,1,0.6761420032656114,1.0,0.009492218547179299,0.009492218547179299
2015-05-27 13:30:00,176.47718811035156,0,0.559823500299252,1.0,-0.0011283452518583426,-0.0011283452518583426
2015-05-28 13:30:00,176.27806091308594,0,0.6792644654299886,1.0,-0.006212736069991065,-0.006212736069991065
2015-05-29 13:30:00,175.18289184570312,1,0.6750537057895026,1.0,0.00203653303876572,0.00203653303876572
2015-06-01 13:30:00,175.53965759277344,0,0.7339801312536584,1.0,-0.0009925968564260534,-0.0009925968564260534
2015-06-02 13:30:00,175.36541748046875,1,0.6770379480513815,1.0,0.002649757916905582,0.002649757916905582
2015-06-03 13:30:00,175.83009338378906,0,0.4959993534755841,1.0,-0.008447045226408822,-0.008447045226408822
2015-06-04 13:30:00,174.3448486328125,0,0.5421281071962031,1.0,-0.0017126932370278292,-0.0017126932370278292
2015-06-05 13:30:00,174.04624938964844,0,0.4289074856921549,0.0,-0.006149849710181954,-0.0005
2015-06-08 13:30:00,172.97589111328125,0,0.7509151331797096,1.0,-0.00014414067282819687,-0.0006441406728281969
2015-06-09 13:30:00,172.95095825195312,1,0.6771875447913587,1.0,0.01199345644639016,0.01199345644639016
2015-06-10 13:30:00,175.02523803710938,1,0.5362103950100399,1.0,0.0032236736226831653,0.0032236736226831653
2015-06-11 13:30:00,175.58946228027344,0,0.5921254532506162,1.0,-0.007655227304860679,-0.007655227304860679
2015-06-12 13:30:00,174.2452850341797,0,0.6078566555442557,1.0,-0.004285186734538704,-0.004285186734538704
2015-06-15 13:30:00,173.4986114501953,1,0.5264001415572293,1.0,0.005451344960887505,0.005451344960887505
2015-06-16 13:30:00,174.4444122314453,1,0.47326284824957643,1.0,0.001617159807980606,0.001617159807980606
2015-06-17 13:30:00,174.7265167236328,1,0.5808793885387732,1.0,0.010399814791478335,0.010399814791478335
2015-06-18 13:30:00,176.54364013671875,0,0.6585833516749691,1.0,-0.004439512517065758,-0.004439512517065758
2015-06-19 13:30:00,175.75987243652344,1,0.6757168700816006,1.0,0.005123279315479179,0.005123279315479179
2015-06-22 13:30:00,176.66033935546875,1,0.6005950566422286,1.0,0.0007078316322917111,0.0007078316322917111
2015-06-23 13:30:00,176.78538513183594,0,0.616457017907365,1.0,-0.007262765554440831,-0.007262765554440831
2015-06-24 13:30:00,175.50143432617188,0,0.715479977804102,1.0,-0.0030403432130069463,-0.0030403432130069463
2015-06-25 13:30:00,174.9678497314453,0,0.6744807595300837,1.0,-0.0001904646788747355,-0.0001904646788747355
2015-06-26 13:30:00,174.9345245361328,0,0.575372718864424,1.0,-0.020970544835369753,-0.020970544835369753
2015-06-29 13:30:00,171.26605224609375,1,0.44881989669220657,0.0,0.002093176000339314,-0.0005
2015-06-30 13:30:00,171.62454223632812,1,0.4787283927638299,0.0,0.008015675541400702,0.0
2015-07-01 13:30:00,173.00022888183594,0,0.47857949320722715,0.0,-0.0009158789363985509,0.0
2015-07-02 13:30:00,172.84178161621094,0,0.6092931929045422,1.0,-0.002845676560617516,-0.003345676560617516
2015-07-06 13:30:00,172.3499298095703,1,0.5639406097256239,1.0,0.0062884651564281135,0.0062884651564281135
2015-07-07 13:30:00,173.43374633789062,0,0.515139659947329,1.0,-0.016777091001934363,-0.016777091001934363
2015-07-08 13:30:00,170.52403259277344,1,0.5070966053740141,1.0,0.0018089630827824443,0.0018089630827824443
2015-07-09 13:30:00,170.83250427246094,1,0.6839511506589457,1.0,0.012591554295188434,0.012591554295188434
2015-07-10 13:30:00,172.98355102539062,1,0.47415059754176525,1.0,0.011037387588044067,0.011037387588044067
2015-07-13 13:30:00,174.89283752441406,1,0.6491235744908902,1.0,0.0043378090500276745,0.0043378090500276745
2015-07-14 13:30:00,175.6514892578125,0,0.5356185087586561,1.0,-0.0003321027953273603,-0.0003321027953273603
2015-07-15 13:30:00,175.59315490722656,1,0.7473322981514106,1.0,0.008024124425502821,0.008024124425502821
2015-07-16 13:30:00,177.00213623046875,1,0.7438174049509776,1.0,0.0008481025709283774,0.0008481025709283774
2015-07-17 13:30:00,177.15225219726562,1,0.6546023590495006,1.0,0.000517491612725296,0.000517491612725296
2015-07-20 13:30:00,177.24392700195312,0,0.7938635252349816,1.0,-0.003951322407694691,-0.003951322407694691
2015-07-21 13:30:00,176.5435791015625,0,0.7026814339985102,1.0,-0.001794301795339015,-0.001794301795339015
2015-07-22 13:30:00,176.226806640625,0,0.534192511645092,1.0,-0.005630346690679855,-0.005630346690679855
2015-07-23 13:30:00,175.23458862304688,0,0.4768275388102328,1.0,-0.010371751594846934,-0.010371751594846934
2015-07-24 13:30:00,173.41709899902344,0,0.6988268894042227,1.0,-0.005817477650585823,-0.005817477650585823
2015-07-27 13:30:00,172.4082489013672,1,0.6032274888128782,1.0,0.01228318001668649,0.01228318001668649
2015-07-28 13:30:00,174.52597045898438,1,0.5996497566302554,1.0,0.006879072375699513,0.006879072375699513
2015-07-29 13:30:00,175.72654724121094,1,0.5487274586607092,1.0,0.0002372266022021563,0.0002372266022021563
2015-07-30 13:30:00,175.7682342529297,0,0.4607557945300186,1.0,-0.0015179075325629787,-0.0015179075325629787
2015-07-31 13:30:00,175.50143432617188,0,0.48483040113228354,1.0,-0.0033731646782874103,-0.0033731646782874103
2015-08-03 13:30:00,174.90943908691406,0,0.36758822018581905,0.0,-0.001954136247787952,-0.0005
2015-08-04 13:30:00,174.56764221191406,1,0.5226234324946712,0.0,0.0032952331920075295,0.0
2015-08-05 13:30:00,175.14288330078125,0,0.5977060919674732,1.0,-0.008187372126761683,-0.008687372126761683
2015-08-06 13:30:00,173.70892333984375,0,0.48308565472756254,1.0,-0.0019199436973458273,-0.0019199436973458273
2015-08-07 13:30:00,173.3754119873047,1,0.6763434826538315,1.0,0.012599263302573993,0.012599263302573993
2015-08-10 13:30:00,175.559814453125,0,0.5559237567634852,1.0,-0.009023172246149014,-0.009023172246149014
2015-08-11 13:30:00,173.9757080078125,1,0.5466820602335839,1.0,0.001197982190682234,0.001197982190682234
2015-08-12 13:30:00,174.1841278076172,0,0.5759287005317216,1.0,-0.0012445543629001632,-0.0012445543629001632
2015-08-13 13:30:00,173.96734619140625,1,0.6055011552272633,1.0,0.0036421847530121454,0.0036421847530121454
2015-08-14 13:30:00,174.60096740722656,1,0.6010273673601882,1.0,0.0055867308347918865,0.0055867308347918865
2015-08-17 13:30:00,175.576416015625,0,0.7247492087003399,1.0,-0.002896517608713456,-0.002896517608713456
2015-08-18 13:30:00,175.06785583496094,0,0.5593542045600558,1.0,-0.00790525994951563,-0.00790525994951563
2015-08-19 13:30:00,173.68389892578125,0,0.5656321378934046,1.0,-0.02088144060538999,-0.02088144060538999
2015-08-20 13:30:00,170.05712890625,0,0.49918405777650954,1.0,-0.03010220672051267,-0.03010220672051267
2015-08-21 13:30:00,164.9380340576172,0,0.5452864882076648,1.0,-0.042107136774462206,-0.042107136774462206
2015-08-24 13:30:00,157.9929656982422,0,0.5443046193805628,1.0,-0.011767754367370875,-0.011767754367370875
2015-08-25 13:30:00,156.1337432861328,1,0.5405210810389257,1.0,0.03839350782579354,0.03839350782579354
2015-08-26 13:30:00,162.12826538085938,1,0.6350527780865525,1.0,0.024735163579394648,0.024735163579394648
2015-08-27 13:30:00,166.13853454589844,1,0.6433847716483346,1.0,5.0330384995245225e-05,5.0330384995245225e-05
2015-08-28 13:30:00,166.1468963623047,0,0.7088354792107598,1.0,-0.008078905990052121,-0.008078905990052121
2015-08-31 13:30:00,164.8046112060547,0,0.42345058833957283,0.0,-0.029847874685145825,-0.0005
2015-09-01 13:30:00,159.8855438232422,1,0.5956546727661833,1.0,0.0189812067061903,0.0184812067061903
2015-09-02 13:30:00,162.9203643798828,1,0.6478229628914935,1.0,0.000716389740369916,0.000716389740369916
2015-09-03 13:30:00,163.03707885742188,0,0.6909671768738507,1.0,-0.01513692631344088,-0.01513692631344088
2015-09-04 13:30:00,160.56919860839844,1,0.7628593545983652,1.0,0.0251311809118695,0.0251311809118695
2015-09-08 13:30:00,164.6044921875,0,0.7264474052871662,1.0,-0.013371562694669437,-0.013371562694669437
2015-09-09 13:30:00,162.40347290039062,1,0.7362009198438069,1.0,0.0054417465903817686,0.0054417465903817686
2015-09-10 13:30:00,163.2872314453125,1,0.817249958050181,1.0,0.004544260116069232,0.004544260116069232
2015-09-11 13:30:00,164.0292510986328,0,0.70130825511374,1.0,-0.003711038537292821,-0.003711038537292821
2015-09-14 13:30:00,163.4205322265625,1,0.7560424708639363,1.0,0.012499803920250407,0.012499803920250407
2015-09-15 13:30:00,165.4632568359375,1,0.6618594381979669,1.0,0.00866661133550961,0.00866661133550961
2015-09-16 13:30:00,166.8972625732422,0,0.40793457462375093,0.0,-0.0022478969450745456,-0.0005
2015-09-17 13:30:00,166.5220947265625,0,0.7890645796524791,1.0,-0.016341323418482934,-0.016841323418482934
2015-09-18 13:30:00,163.8009033203125,1,0.6642502820090701,1.0,0.005167093065803652,0.005167093065803652
2015-09-21 13:30:00,164.64727783203125,0,0.5910177732140294,1.0,-0.012979591715688965,-0.012979591715688965
2015-09-22 13:30:00,162.51022338867188,0,0.5375559344852456,1.0,-0.001598738811316558,-0.001598738811316558
2015-09-23 13:30:00,162.2504119873047,0,0.6461450024274611,1.0,-0.0036154539118498086,-0.0036154539118498086
2015-09-24 13:30:00,161.66380310058594,0,0.5542719802526954,1.0,-0.0002589950031142152,-0.0002589950031142152
2015-09-25 13:30:00,161.62193298339844,0,0.6140919206035151,1.0,-0.025097490524737642,-0.025097490524737642
2015-09-28 13:30:00,157.5656280517578,1,0.5394829693513788,1.0,0.0005852092454732283,0.0005852092454732283
2015-09-29 13:30:00,157.6578369140625,1,0.45598299427430883,1.0,0.018658253408933456,0.018658253408933456
2015-09-30 13:30:00,160.59945678710938,1,0.5533694630677478,1.0,0.002608919713985136,0.002608919713985136
2015-10-01 13:30:00,161.01844787597656,1,0.5080694740276779,1.0,0.014938159233281567,0.014938159233281567
2015-10-02 13:30:00,163.42376708984375,1,0.45800781777746735,1.0,0.017794912111326333,0.017794912111326333
2015-10-05 13:30:00,166.33187866210938,0,0.4984763340337641,1.0,-0.003426835974044251,-0.003426835974044251
2015-10-06 13:30:00,165.7618865966797,1,0.8184703783907473,1.0,0.008190827690594427,0.008190827690594427
2015-10-07 13:30:00,167.11961364746094,1,0.5984858365286848,1.0,0.009026737729643575,0.009026737729643575
2015-10-08 13:30:00,168.62815856933594,1,0.44687877224218386,0.0,0.0005961335473068097,-0.0005
2015-10-09 13:30:00,168.7286834716797,1,0.5673834378314818,1.0,0.0009437679437769297,0.00044376794377692973
2015-10-12 13:30:00,168.88792419433594,0,0.7202513943102684,1.0,-0.0063019058406671435,-0.0063019058406671435
2015-10-13 13:30:00,167.8236083984375,0,0.41502468568738754,0.0,-0.0047937498317950356,-0.0005
2015-10-14 13:30:00,167.01910400390625,1,0.44983719103710207,0.0,0.015353884845315413,0.0
2015-10-15 13:30:00,169.58349609375,1,0.36176171513976646,0.0,0.0045466798826399035,0.0
2015-10-16 13:30:00,170.3545379638672,1,0.7712241346555787,1.0,0.0004920123016511901,-7.987698348809868e-06
2015-10-19 13:30:00,170.4383544921875,0,0.6269748817686016,1.0,-0.0012780836408875507,-0.0012780836408875507
2015-10-20 13:30:00,170.22052001953125,0,0.7575658532064234,1.0,-0.006203536672077403,-0.006203536672077403
2015-10-21 13:30:00,169.16455078125,1,0.30792104271649834,0.0,0.016893449685235096,-0.0005
2015-10-22 13:30:00,172.02232360839844,1,0.3269822765223705,0.0,0.010961751091371985,0.0
2015-10-23 13:30:00,173.90798950195312,0,0.605765469797341,1.0,-0.0024576138385857815,-0.0029576138385857815
2015-10-26 13:30:00,173.4805908203125,0,0.7609235980193928,1.0,-0.001932409810907032,-0.001932409810907032
2015-10-27 13:30:00,173.14535522460938,1,0.703514625121742,1.0,0.011374646235996932,0.011374646235996932
2015-10-28 13:30:00,175.1148223876953,0,0.2330605354247636,0.0,-0.0005744870418012971,-0.0005
2015-10-29 13:30:00,175.01422119140625,0,0.7104300244826951,1.0,-0.00430977811861688,-0.004809778118616881
2015-10-30 13:30:00,174.25994873046875,1,0.7209844037505629,1.0,0.0118310377135451,0.0118310377135451
2015-11-02 14:30:00,176.32162475585938,1,0.2723503140334759,0.0,0.00289933359375949,-0.0005
2015-11-03 14:30:00,176.8328399658203,0,0.2658624203046817,0.0,-0.0030331565926307036,0.0
2015-11-04 14:30:00,176.29647827148438,0,0.4310882408464431,0.0,-0.0009980295602316502,0.0
2015-11-05 14:30:00,176.1205291748047,0,0.5136284229461009,0.0,-0.0005236420849168422,0.0
2015-11-06 14:30:00,176.02830505371094,0,0.3846363368707937,0.0,-0.009331589603535528,0.0
2015-11-09 14:30:00,174.38568115234375,1,0.740840318275412,1.0,0.0023067688436142486,0.0018067688436142486
2015-11-10 14:30:00,174.78794860839844,0,0.6871410194790394,1.0,-0.003931504265029528,-0.003931504265029528
2015-11-11 14:30:00,174.10076904296875,0,0.784028783818951,1.0,-0.01395984598594835,-0.01395984598594835
2015-11-12 14:30:00,171.67034912109375,0,0.614396819931545,1.0,-0.011228302022969872,-0.011228302022969872
2015-11-13 14:30:00,169.74278259277344,1,0.42837337347617327,0.0,0.015206670320541793,-0.0005
2015-11-16 14:30:00,172.32400512695312,0,0.40317597989776516,0.0,-0.0007290081858242203,0.0
2015-11-17 14:30:00,172.19837951660156,1,0.4875033351542609,0.0,0.01586601133006771,0.0
2015-11-18 14:30:00,174.93048095703125,0,0.3771134727910032,0.0,-0.0008628567221702355,0.0
2015-11-19 14:30:00,174.779541015625,1,0.5447184425307243,0.0,0.003644640919014952,0.0
2015-11-20 14:30:00,175.4165496826172,0,0.6057999157819872,1.0,-0.001146736819159222,-0.001646736819159222
2015-11-23 14:30:00,175.21539306640625,1,0.6644453116118471,1.0,0.0013392068704500826,0.0013392068704500826
2015-11-24 14:30:00,175.45004272460938,0,0.6091177912341891,1.0,-0.0001434125792921792,-0.0001434125792921792
2015-11-25 14:30:00,175.4248809814453,1,0.6478780557863686,1.0,0.0011465953763032388,0.0011465953763032388
2015-11-27 14:30:00,175.6260223388672,0,0.5731956642083516,1.0,-0.004151322170176885,-0.004151322170176885
2015-11-30 14:30:00,174.89694213867188,1,0.5381069320277058,1.0,0.009535644857820325,0.009535644857820325
2015-12-01 14:30:00,176.564697265625,0,0.6998209589478936,1.0,-0.010204951127544049,-0.010204951127544049
2015-12-02 14:30:00,174.7628631591797,0,0.4754254627308678,1.0,-0.014002913930436733,-0.014002913930436733
2015-12-03 14:30:00,172.315673828125,1,0.6269375766359315,1.0,0.019502908027004606,0.019502908027004606
2015-12-04 14:30:00,175.67633056640625,0,0.5248854621127734,1.0,-0.006058737836924233,-0.006058737836924233
2015-12-07 14:30:00,174.61195373535156,0,0.6448803475337948,1.0,-0.006719437256633043,-0.006719437256633043
2015-12-08 14:30:00,173.43865966796875,0,0.587996796202829,1.0,-0.007779807919358617,-0.007779807919358617
2015-12-09 14:30:00,172.08934020996094,1,0.6006254092956678,1.0,0.002581297985369213,0.002581297985369213
2015-12-10 14:30:00,172.53355407714844,0,0.42533678811830145,0.0,-0.019381349461876307,-0.0005
2015-12-11 14:30:00,169.1896209716797,1,0.4207670209916535,0.0,0.0050528449151070465,0.0
2015-12-14 14:30:00,170.0445098876953,1,0.570254662290903,1.0,0.010497721786099534,0.009997721786099534
2015-12-15 14:30:00,171.82958984375,1,0.673945534366085,1.0,0.014632061879985336,0.014632061879985336
2015-12-16 14:30:00,174.34381103515625,0,0.49954978063221767,1.0,-0.015238238106124125,-0.015238238106124125
2015-12-17 14:30:00,171.68711853027344,0,0.6606750906079618,1.0,-0.01781519517917629,-0.01781519517917629
2015-12-18 14:30:00,168.62847900390625,1,0.5085529467434312,1.0,0.008249122541587273,0.008249122541587273
2015-12-21 14:30:00,170.01951599121094,1,0.6383725021851493,1.0,0.009074347454260057,0.009074347454260057
2015-12-22 14:30:00,171.5623321533203,1,0.5628822287121081,1.0,0.012383233739573729,0.012383233739573729
2015-12-23 14:30:00,173.68682861328125,0,0.8127465314847663,1.0,-0.001650129933566058,-0.001650129933566058
2015-12-24 14:30:00,173.4002227783203,0,0.7196381992577988,1.0,-0.0022852075205845868,-0.0022852075205845868
2015-12-28 14:30:00,173.00396728515625,1,0.5744134670680037,1.0,0.010671734702841551,0.010671734702841551
2015-12-29 14:30:00,174.8502197265625,0,0.803089746434465,1.0,-0.007087626616810061,-0.007087626616810061
2015-12-30 14:30:00,173.61094665527344,0,0.6919048348714194,1.0,-0.010003544632263939,-0.010003544632263939
2015-12-31 14:30:00,171.8742218017578,0,0.4747116004975249,1.0,-0.013979466703906374,-0.013979466703906374
2016-01-04 14:30:00,169.4715118408203,1,0.5653289014564475,1.0,0.0016915342702934488,0.0016915342702934488
2016-01-05 14:30:00,169.7581787109375,0,0.7240019502444198,1.0,-0.012614253386344143,-0.012614253386344143
2016-01-06 14:30:00,167.61680603027344,0,0.5764597893268915,1.0,-0.023991493804924602,-0.023991493804924602
2016-01-07 14:30:00,163.59542846679688,0,0.4967423427194454,1.0,-0.010976748350726928,-0.010976748350726928
2016-01-08 14:30:00,161.7996826171875,1,0.48152527514335713,1.0,0.000990314327899089,0.000990314327899089
2016-01-11 14:30:00,161.9599151611328,1,0.6612807825236541,1.0,0.008068244395128987,0.008068244395128987
2016-01-12 14:30:00,163.2666473388672,0,0.6456956830562025,1.0,-0.024940646325371296,-0.024940646325371296
2016-01-13 14:30:00,159.19467163085938,1,0.5821871475296091,1.0,0.01641697455243385,0.01641697455243385
2016-01-14 14:30:00,161.80816650390625,0,0.5709232770456052,1.0,-0.021466278646506187,-0.021466278646506187
2016-01-15 14:30:00,158.33474731445312,1,0.5040733805671306,1.0,0.0013307793882135766,0.0013307793882135766
2016-01-19 14:30:00,158.5454559326172,0,0.5553431623106702,1.0,-0.01281495914271158,-0.01281495914271158
2016-01-20 14:30:00,156.51370239257812,1,0.6128053635933188,1.0,0.005602361327299077,0.005602361327299077
2016-01-21 14:30:00,157.3905487060547,1,0.5836199742123664,1.0,0.020515190532545358,0.020515190532545358
2016-01-22 14:30:00,160.61944580078125,0,0.7819176631049075,1.0,-0.015116722254120973,-0.015116722254120973
2016-01-25 14:30:00,158.19140625,1,0.6831018259033278,1.0,0.01364346818900164,0.01364346818900164
2016-01-26 14:30:00,160.3496856689453,0,0.5527758905405493,1.0,-0.010883291969103204,-0.010883291969103204
2016-01-27 14:30:00,158.60455322265625,1,0.5402945141923984,1.0,0.005209197187537651,0.005209197187537651
2016-01-28 14:30:00,159.43075561523438,1,0.6207929162188953,1.0,0.02437719494195023,0.02437719494195023
2016-01-29 14:30:00,163.31723022460938,0,0.8844576052429114,1.0,-0.000361201806046374,-0.000361201806046374
2016-02-01 14:30:00,163.25823974609375,0,0.7225989694270175,1.0,-0.018022033607457355,-0.018022033607457355
2016-02-02 14:30:00,160.3159942626953,1,0.836843594968328,1.0,0.005994592474407812,0.005994592474407812
2016-02-03 14:30:00,161.2770233154297,1,0.8179935201755293,1.0,0.0015681041522401795,0.0015681041522401795
2016-02-04 14:30:00,161.52992248535156,0,0.6794229141883169,1.0,-0.019050210064684325,-0.019050210064684325
2016-02-05 14:30:00,158.45274353027344,0,0.6126058766128164,1.0,-0.013460917520282223,-0.013460917520282223
2016-02-08 14:30:00,156.31982421875,1,0.5662320609044131,1.0,5.397978403398618e-05,5.397978403398618e-05
2016-02-09 14:30:00,156.32826232910156,0,0.7954669540852822,1.0,-0.0008627514597424613,-0.0008627514597424613
2016-02-10 14:30:00,156.19338989257812,0,0.8036420016249427,1.0,-0.01300803318389765,-0.01300803318389765
2016-02-11 14:30:00,154.16162109375,1,0.7577284352564795,1.0,0.02061676691276837,0.02061676691276837
2016-02-12 14:30:00,157.33993530273438,1,0.8134374944972723,1.0,0.016878163358525544,0.016878163358525544
2016-02-16 14:30:00,159.99554443359375,1,0.397745805378101,0.0,0.01633508394665828,-0.0005
2016-02-17 14:30:00,162.6090850830078,0,0.41899647767723697,0.0,-0.004095808205673235,0.0
2016-02-18 14:30:00,161.9430694580078,0,0.5340236449499883,0.0,-0.0004687602614918962,0.0
2016-02-19 14:30:00,161.86715698242188,1,0.5186805159099889,0.0,0.014479277489728215,0.0
2016-02-22 14:30:00,164.21087646484375,0,0.39250992090906967,0.0,-0.012629574964011292,0.0
2016-02-23 14:30:00,162.136962890625,1,0.6009205233615945,1.0,0.004575652035120559,0.004075652035120558
2016-02-24 14:30:00,162.87884521484375,1,0.7203902504222394,1.0,0.012111656006298377,0.012111656006298377
2016-02-25 14:30:00,164.85157775878906,0,0.6847737773137049,1.0,-0.0023012458772275757,-0.0023012458772275757
2016-02-26 14:30:00,164.4722137451172,0,0.438218427639903,0.0,-0.007842858204459846,-0.0005
2016-02-29 14:30:00,163.18228149414062,1,0.5618741913002075,1.0,0.023507071140794977,0.023007071140794977
2016-03-01 14:30:00,167.01821899414062,1,0.42896202504760506,0.0,0.004492629347069954,-0.0005
2016-03-02 14:30:00,167.76856994628906,1,0.2791899107482307,0.0,0.003919824143617356,0.0
2016-03-03 14:30:00,168.4261932373047,1,0.4781336815086193,0.0,0.0032530411590745434,0.0
2016-03-04 14:30:00,168.97409057617188,1,0.30905152966016614,0.0,0.0007987259395663138,0.0
2016-03-07 14:30:00,169.1090545654297,0,0.3924272578133464,0.0,-0.010917976805536522,0.0
2016-03-08 14:30:00,167.26272583007812,1,0.5697296083701704,1.0,0.004939366322651573,0.004439366322651572
2016-03-09 14:30:00,168.08889770507812,1,0.773903626620652,1.0,0.000802750648745576,0.000802750648745576
2016-03-10 14:30:00,168.2238311767578,1,0.8918104252655047,1.0,0.01613719426992999,0.01613719426992999
2016-03-11 14:30:00,170.93849182128906,0,0.3226608266400294,0.0,-0.0012826458084600478,-0.0005
2016-03-14 13:30:00,170.71923828125,0,0.3490541296507564,0.0,-0.001629476479622971,0.0
2016-03-15 13:30:00,170.44105529785156,1,0.6541029873831803,1.0,0.005787184898869979,0.005287184898869979
2016-03-16 13:30:00,171.42742919921875,1,0.7311821722341295,1.0,0.0063441127054222335,0.0063441127054222335
2016-03-17 13:30:00,172.51498413085938,1,0.7056822935557537,1.0,0.003929615064361736,0.003929615064361736
2016-03-18 13:30:00,173.19290161132812,1,0.5151920378690533,1.0,0.0014189845793572964,0.0014189845793572964
2016-03-21 13:30:00,173.43865966796875,0,0.5330898758236012,1.0,-0.0005374576957712929,-0.0005374576957712929
2016-03-22 13:30:00,173.34544372558594,0,0.22483135961450276,0.0,-0.006599698759731987,-0.0005
2016-03-23 13:30:00,172.201416015625,0,0.711264367965491,1.0,-0.0004425189661112494,-0.0009425189661112494
2016-03-24 13:30:00,172.12521362304688,1,0.6528336170242536,1.0,0.000590759297677268,0.000590759297677268
2016-03-28 13:30:00,172.22689819335938,1,0.7157302869714349,1.0,0.009249794144835954,0.009249794144835954
2016-03-29 13:30:00,173.81996154785156,1,0.6218648138828288,1.0,0.004387846514912752,0.004387846514912752
2016-03-30 13:30:00,174.58265686035156,0,0.6214716566578197,1.0,-0.0024267905227738362,-0.0024267905227738362
2016-03-31 13:30:00,174.1589813232422,1,0.6357049434758254,1.0,0.006811736404454205,0.006811736404454205
2016-04-01 13:30:00,175.34530639648438,0,0.6731661042057179,1.0,-0.003237978215069881,-0.003237978215069881
2016-04-04 13:30:00,174.7775421142578,0,0.7047823593475965,1.0,-0.009987846401776301,-0.009987846401776301
2016-04-05 13:30:00,173.03189086914062,1,0.5962263974080143,1.0,0.010921339301918298,0.010921339301918298
2016-04-06 13:30:00,174.921630859375,0,0.709277220793708,1.0,-0.011965895022743145,-0.011965895022743145
2016-04-07 13:30:00,172.8285369873047,1,0.6080751039923465,1.0,0.002696686908593371,0.002696686908593371
2016-04-08 13:30:00,173.2946014404297,0,0.6143520572198254,1.0,-0.0023470914723781044,-0.0023470914723781044
2016-04-11 13:30:00,172.8878631591797,1,0.44916965668586717,0.0,0.009312662886210576,-0.0005
2016-04-12 13:30:00,174.49790954589844,1,0.6017471128307262,1.0,0.010100827263629153,0.009600827263629153
2016-04-13 13:30:00,176.26048278808594,1,0.5894784417921393,1.0,4.821923424569441e-05,4.821923424569441e-05
2016-04-14 13:30:00,176.26898193359375,0,0.5513829066306939,1.0,-0.0011058725598521724,-0.0011058725598521724
2016-04-15 13:30:00,176.0740509033203,1,0.5855557822680282,1.0,0.007027183626163058,0.007027183626163058
2016-04-18 13:30:00,177.3113555908203,1,0.6755261037280786,1.0,0.0031538835089730544,0.0031538835089730544
2016-04-19 13:30:00,177.87057495117188,1,0.6972519198528203,1.0,0.0009528240978795566,0.0009528240978795566
2016-04-20 13:30:00,178.04005432128906,0,0.6078321306468352,1.0,-0.00537811300327995,-0.00537811300327995
2016-04-21 13:30:00,177.08253479003906,0,0.5720047925459171,1.0,0.0,0.0
2016-04-22 13:30:00,177.08253479003906,0,0.4800378324354993,1.0,-0.001722922521221193,-0.001722922521221193
2016-04-25 13:30:00,176.77743530273438,1,0.7425528552440422,1.0,0.0014861091905715718,0.0014861091905715718
2016-04-26 13:30:00,177.04014587402344,1,0.40762107639260875,0.0,0.002058348961426759,-0.0005
2016-04-27 13:30:00,177.40455627441406,0,0.4776892514515651,0.0,-0.009075907945590989,0.0
2016-04-28 13:30:00,175.79444885253906,0,0.7304129876407052,1.0,-0.005398986968426445,-0.005898986968426445
2016-04-29 13:30:00,174.8453369140625,1,0.5806012214225109,1.0,0.007948396078286235,0.007948396078286235
2016-05-02 13:30:00,176.23507690429688,0,0.5258389639261132,1.0,-0.00870296496666334,-0.00870296496666334
2016-05-03 13:30:00,174.70130920410156,0,0.5153541573078526,1.0,-0.005578456183715441,-0.005578456183715441
2016-05-04 13:30:00,173.72674560546875,0,0.49422391754042644,1.0,-0.00019481165103663045,-0.00019481165103663045
2016-05-05 13:30:00,173.69290161132812,1,0.5029543817689945,1.0,0.0036588329158444566,0.0036588329158444566
2016-05-06 13:30:00,174.3284149169922,1,0.4400163792556544,0.0,0.0008262736101776191,-0.0005
2016-05-09 13:30:00,174.4724578857422,1,0.5194587322543047,0.0,0.012433984387401065,0.0
2016-05-10 13:30:00,176.641845703125,0,0.4747615254477251,0.0,-0.009354635292491587,0.0
2016-05-11 13:30:00,174.9894256591797,1,0.4197369645658593,0.0,0.00029037050317026747,0.0
2016-05-12 13:30:00,175.0402374267578,0,0.4644080814665006,0.0,-0.00871407827981796,0.0
2016-05-13 13:30:00,173.51492309570312,1,0.5129763550450667,0.0,0.009865475663049406,0.0
2016-05-16 13:30:00,175.2267303466797,0,0.4212101437493178,0.0,-0.009333871721547982,0.0
2016-05-17 13:30:00,173.5911865234375,1,0.5236364554673079,0.0,0.0002928851756502926,0.0
2016-05-18 13:30:00,173.64202880859375,0,0.5267769331777099,0.0,-0.0034645587920495435,0.0
2016-05-19 13:30:00,173.04043579101562,1,0.610738795123051,1.0,0.00631689702054028,0.005816897020540279
2016-05-20 13:30:00,174.13351440429688,0,0.5942029155579824,1.0,-0.0013625990995104198,-0.0013625990995104198
2016-05-23 13:30:00,173.896240234375,1,0.5881409632994401,1.0,0.012962441683666004,0.012962441683666004
2016-05-24 13:30:00,176.15036010742188,1,0.4959738871390475,1.0,0.006783065767282048,0.006783065767282048
2016-05-25 13:30:00,177.34519958496094,1,0.4369549843840319,0.0,0.0002865133519094343,-0.0005
2016-05-26 13:30:00,177.39601135253906,1,0.4382548696803147,0.0,0.004299393806461049,0.0
2016-05-27 13:30:00,178.15870666503906,0,0.6225791280502928,1.0,-0.0019024805904241937,-0.0024024805904241937
2016-05-31 13:30:00,177.81976318359375,1,0.5244925166973462,1.0,0.0020488954653996583,0.0020488954653996583
2016-06-01 13:30:00,178.18409729003906,1,0.6390603522115613,1.0,0.003043894856361584,0.003043894856361584
2016-06-02 13:30:00,178.72647094726562,0,0.5783951215118676,1.0,-0.0029868476254368836,-0.0029868476254368836
2016-06-03 13:30:00,178.19264221191406,1,0.5224264556162209,1.0,0.005088185655923283,0.005088185655923283
2016-06-06 13:30:00,179.0993194580078,1,0.44958719325535385,0.0,0.001561241608379671,-0.0005
2016-06-07 13:30:00,179.37893676757812,1,0.47654246697768554,0.0,0.0032599288622157108,0.0
2016-06-08 13:30:00,179.9636993408203,0,0.43018280681424076,0.0,-0.0013654283611781448,0.0
2016-06-09 13:30:00,179.7179718017578,0,0.5488772201051155,0.0,-0.009477927358955807,0.0
2016-06-10 13:30:00,178.01461791992188,0,0.47033741027538456,0.0,-0.007711570166751169,0.0
2016-06-13 13:30:00,176.641845703125,0,0.48519708239222303,0.0,-0.00196701910784014,0.0
2016-06-14 13:30:00,176.2943878173828,0,0.716093530670453,1.0,-0.0013935015569567222,-0.0018935015569567222
2016-06-15 13:30:00,176.04872131347656,1,0.5979077268422966,1.0,0.0029840011669743927,0.0029840011669743927
2016-06-16 13:30:00,176.5740509033203,0,0.6718502931856335,1.0,-0.003724089192519431,-0.003724089192519431
2016-06-17 13:30:00,175.91647338867188,1,0.574794305278084,1.0,0.006440097903852138,0.006440097903852138
2016-06-20 13:30:00,177.0493927001953,1,0.7154814944442015,1.0,0.0028385495646037207,0.0028385495646037207
2016-06-21 13:30:00,177.5519561767578,0,0.7045386364141608,1.0,-0.0016312243550106187,-0.0016312243550106187
2016-06-22 13:30:00,177.2623291015625,1,0.5507584197883781,1.0,0.013022567492096071,0.013022567492096071
2016-06-23 13:30:00,179.57073974609375,0,0.497998148407376,1.0,-0.03590928820255823,-0.03590928820255823
2016-06-24 13:30:00,173.1224822998047,0,0.5112143325387596,1.0,-0.017909429561981605,-0.017909429561981605
2016-06-27 13:30:00,170.02195739746094,1,0.7230437095641826,1.0,0.018036162070131256,0.018036162070131256
2016-06-28 13:30:00,173.0885009765625,1,0.3782961530904024,0.0,0.017027330474258084,-0.0005
2016-06-29 13:30:00,176.03573608398438,1,0.35643776528964083,0.0,0.013645522567241608,0.0
2016-06-30 13:30:00,178.43783569335938,1,0.47338139385625566,0.0,0.0021002895305684,0.0
2016-07-01 13:30:00,178.81260681152344,0,0.5433379622004713,0.0,-0.007192800066014304,0.0
2016-07-05 13:30:00,177.5264434814453,1,0.5488619860746712,0.0,0.005997572881667024,0.0
2016-07-06 13:30:00,178.59117126464844,0,0.461928819198758,0.0,-0.0006201218695828237,0.0
2016-07-07 13:30:00,178.4804229736328,1,0.4693460944530437,0.0,0.014890364475421025,0.0
2016-07-08 13:30:00,181.1380615234375,1,0.5778074630367875,1.0,0.0035268110760753313,0.0030268110760753313
2016-07-11 13:30:00,181.7769012451172,1,0.7844636303040368,1.0,0.007263703617522932,0.007263703617522932
2016-07-12 13:30:00,183.09727478027344,0,0.6055620099816191,1.0,-0.000139672917029654,-0.000139672917029654
2016-07-13 13:30:00,183.0717010498047,1,0.5156091548879445,1.0,0.0055836130446389465,0.0055836130446389465
2016-07-14 13:30:00,184.09390258789062,0,0.5125197975853608,1.0,-0.0013418398581390711,-0.0013418398581390711
2016-07-15 13:30:00,183.8468780517578,1,0.7362885797614898,1.0,0.002687285623237612,0.002687285623237612
2016-07-18 13:30:00,184.34092712402344,0,0.37713016306537195,0.0,-0.0010166404725714395,-0.0005
2016-07-19 13:30:00,184.1535186767578,1,0.6946772147703357,1.0,0.004162839613429226,0.0036628396134292256
2016-07-20 13:30:00,184.9201202392578,0,0.6592895324113619,1.0,-0.003776737623180315,-0.003776737623180315
2016-07-21 13:30:00,184.2217254638672,1,0.6186174969183722,1.0,0.004484826045884516,0.004484826045884516
2016-07-22 13:30:00,185.0479278564453,0,0.7428299124194152,1.0,-0.0027161031131329727,-0.0027161031131329727
2016-07-25 13:30:00,184.54531860351562,1,0.7056884786919504,1.0,0.00046153736757670316,0.00046153736757670316
2016-07-26 13:30:00,184.6304931640625,0,0.5637223975659,1.0,-0.00106091400092434,-0.00106091400092434
2016-07-27 13:30:00,184.4346160888672,1,0.4517561310498471,1.0,0.001154535986154448,0.001154535986154448
2016-07-28 13:30:00,184.64755249023438,1,0.5989173172666677,1.0,0.0016144037605956285,0.0016144037605956285
2016-07-29 13:30:00,184.94564819335938,0,0.6299822045853086,1.0,-0.000828671984666074,-0.000828671984666074
2016-08-01 13:30:00,184.79238891601562,0,0.6982370075000707,1.0,-0.006407469055503157,-0.006407469055503157
2016-08-02 13:30:00,183.60833740234375,1,0.6469381243427434,1.0,0.0029228063328745613,0.0029228063328745613
2016-08-03 13:30:00,184.14498901367188,1,0.6700521848558135,1.0,0.00106404258623094,0.00106404258623094
2016-08-04 13:30:00,184.34092712402344,1,0.5935742625786711,1.0,0.008178898262034773,0.008178898262034773
2016-08-05 13:30:00,185.8486328125,0,0.526210588603841,1.0,-0.00059607007550877,-0.00059607007550877
2016-08-08 13:30:00,185.73785400390625,1,0.416516593423371,0.0,0.0005964255869534973,-0.0005
2016-08-09 13:30:00,185.8486328125,0,0.32740187117990627,0.0,-0.0024750865697366065,0.0
2016-08-10 13:30:00,185.38864135742188,1,0.3365829049295749,0.0,0.0046406351469139295,0.0
2016-08-11 13:30:00,186.24896240234375,0,0.29871017580925185,0.0,-0.0008689160718504674,0.0
2016-08-12 13:30:00,186.08712768554688,1,0.39283148890253133,0.0,0.002883790830743971,0.0
2016-08-15 13:30:00,186.62376403808594,0,0.40311687643453953,0.0,-0.005157729706084968,0.0
2016-08-16 13:30:00,185.6612091064453,1,0.5124405033564328,0.0,0.0018810777207762808,0.0
2016-08-17 13:30:00,186.0104522705078,1,0.43051051340226476,0.0,0.0022439003342060726,0.0
2016-08-18 13:30:00,186.42784118652344,0,0.3107465643999763,0.0,-0.0014623005000518052,0.0
2016-08-19 13:30:00,186.1552276611328,0,0.6550179044234382,1.0,-4.565622794805435e-05,-0.0005456562279480544
2016-08-22 13:30:00,186.146728515625,1,0.6746947356977059,1.0,0.002013802089822825,0.002013802089822825
2016-08-23 13:30:00,186.52159118652344,0,0.6566454212917165,1.0,-0.0051152338795238395,-0.0051152338795238395
2016-08-24 13:30:00,185.56748962402344,0,0.44740966265129123,0.0,-0.0006884925860621838,-0.0005
2016-08-25 13:30:00,185.43972778320312,0,0.6315507771352847,1.0,-0.0018834889687120437,-0.0023834889687120438
2016-08-26 13:30:00,185.0904541015625,1,0.741062415881394,1.0,0.004924449022958521,0.004924449022958521
2016-08-29 13:30:00,186.00192260742188,0,0.6290703582629896,1.0,-0.0016485884699546371,-0.0016485884699546371
2016-08-30 13:30:00,185.69528198242188,0,0.6727876522532085,1.0,-0.002844024590200278,-0.002844024590200278
2016-08-31 13:30:00,185.1671600341797,1,0.6292453995836406,1.0,4.581744795983944e-05,4.581744795983944e-05
2016-09-01 13:30:00,185.17564392089844,1,0.6292453995836406,1.0,0.00450819736296415,0.00450819736296415
2016-09-02 13:30:00,186.0104522705078,1,0.585070188782508,1.0,0.0030224650074512915,0.0030224650074512915
2016-09-06 13:30:00,186.57266235351562,0,0.4133910788814891,0.0,-9.127172426515173e-05,-0.0005
2016-09-07 13:30:00,186.55563354492188,0,0.5073705176520829,0.0,-0.0022829828948046638,0.0
2016-09-08 13:30:00,186.12973022460938,0,0.6813693502754347,1.0,-0.023934928749312023,-0.024434928749312024
2016-09-09 13:30:00,181.6747283935547,1,0.4658861309379112,1.0,0.014347356658087174,0.014347356658087174
2016-09-12 13:30:00,184.28128051757812,0,0.3377610074503234,0.0,-0.014375520925708929,-0.0005
2016-09-13 13:30:00,181.63214111328125,0,0.7137740991500119,1.0,-0.0003753535531397789,-0.0008753535531397789
2016-09-14 13:30:00,181.56396484375,1,0.6060486542799175,1.0,0.009993128820496855,0.009993128820496855
2016-09-15 13:30:00,183.37835693359375,0,0.5975328510406325,1.0,-0.0038656555513433277,-0.0038656555513433277
2016-09-16 13:30:00,182.6694793701172,1,0.516471632288132,1.0,0.00018752985755154938,0.00018752985755154938
2016-09-19 13:30:00,182.7037353515625,1,0.5380239003451054,1.0,4.6852795032359396e-05,4.6852795032359396e-05
2016-09-20 13:30:00,182.71229553222656,1,0.5254710294230986,1.0,0.011245396678016828,0.011245396678016828
2016-09-21 13:30:00,184.7669677734375,1,0.7012117479901899,1.0,0.006301734725765007,0.006301734725765007
2016-09-22 13:30:00,185.9313201904297,0,0.7043373510723241,1.0,-0.005479436315955599,-0.005479436315955599
2016-09-23 13:30:00,184.9125213623047,0,0.6501340622222647,1.0,-0.008102206664280742,-0.008102206664280742
2016-09-26 13:30:00,183.41432189941406,1,0.5643135628294418,1.0,0.006207862221730753,0.006207862221730753
2016-09-27 13:30:00,184.5529327392578,1,0.5614685810710092,1.0,0.004963513015982635,0.004963513015982635
2016-09-28 13:30:00,185.46896362304688,0,0.6498850052359401,1.0,-0.009047219992210587,-0.009047219992210587
2016-09-29 13:30:00,183.79098510742188,1,0.5627819918917711,1.0,0.007546248104803643,0.007546248104803643
2016-09-30 13:30:00,185.17791748046875,0,0.4849349975079413,1.0,-0.0024042874729519603,-0.0024042874729519603
2016-10-03 13:30:00,184.73269653320312,0,0.5595299455520919,1.0,-0.0050976976109478045,-0.0050976976109478045
2016-10-04 13:30:00,183.79098510742188,1,0.5329357777672413,1.0,0.00442526587544001,0.00442526587544001
2016-10-05 13:30:00,184.60430908203125,1,0.512926136337125,1.0,0.000695473750370823,0.000695473750370823
2016-10-06 13:30:00,184.73269653320312,0,0.5071496193454539,1.0,-0.003429274608103605,-0.003429274608103605
2016-10-07 13:30:00,184.0991973876953,1,0.5007056546917336,1.0,0.005208483128023911,0.005208483128023911
2016-10-10 13:30:00,185.05807495117188,0,0.45645266002176266,1.0,-0.012629652820596582,-0.012629652820596582
2016-10-11 13:30:00,182.72085571289062,1,0.5133252653912154,1.0,0.0013120058683264713,0.0013120058683264713
2016-10-12 13:30:00,182.96058654785156,0,0.4939385138763344,1.0,-0.003275675211344309,-0.003275675211344309
2016-10-13 13:30:00,182.36126708984375,1,0.6133433823675922,1.0,0.0005165159596989266,0.0005165159596989266
2016-10-14 13:30:00,182.45545959472656,0,0.552431941598778,1.0,-0.0034724937300337766,-0.0034724937300337766
2016-10-17 13:30:00,181.82188415527344,1,0.6871134154716377,1.0,0.006262735632008409,0.006262735632008409
2016-10-18 13:30:00,182.96058654785156,1,0.5437498373152866,1.0,0.0026670269517421463,0.0026670269517421463
2016-10-19 13:30:00,183.44854736328125,0,0.6108628445074737,1.0,-0.0018666691509009459,-0.0018666691509009459
2016-10-20 13:30:00,183.10610961914062,1,0.5721983482999058,1.0,0.00046741503071401347,0.00046741503071401347
2016-10-21 13:30:00,183.1916961669922,1,0.6399924151488539,1.0,0.0042529138986298065,0.0042529138986298065
2016-10-24 13:30:00,183.97079467773438,0,0.5834262355603537,1.0,-0.0033506653141694986,-0.0033506653141694986
2016-10-25 13:30:00,183.3543701171875,0,0.7130050434884629,1.0,-0.0020077707702662595,-0.0020077707702662595
2016-10-26 13:30:00,182.98623657226562,0,0.7104874804120812,1.0,-0.002666903265176157,-0.002666903265176157
2016-10-27 13:30:00,182.49822998046875,0,0.6572494122227094,1.0,-0.0029553843730424356,-0.0029553843730424356
2016-10-28 13:30:00,181.95887756347656,1,0.7142677562511704,1.0,4.721230619364469e-05,4.721230619364469e-05
2016-10-31 13:30:00,181.96746826171875,0,0.7463546803741073,1.0,-0.007245363266031757,-0.007245363266031757
2016-11-01 13:30:00,180.6490478515625,0,0.7428896973974388,1.0,-0.006018405583707254,-0.006018405583707254
2016-11-02 13:30:00,179.56182861328125,0,0.7157689066631505,1.0,-0.004577250189585769,-0.004577250189585769
2016-11-03 13:30:00,178.73992919921875,0,0.636643408265051,1.0,-0.0011021948283662653,-0.0011021948283662653
2016-11-04 13:30:00,178.5429229736328,1,0.6308789328703047,1.0,0.022057537187668563,0.022057537187668563
2016-11-07 14:30:00,182.48114013671875,1,0.6650397948514235,1.0,0.004504023886779285,0.004504023886779285
2016-11-08 14:30:00,183.30303955078125,1,0.6368180748460182,1.0,0.010602060376853295,0.010602060376853295
2016-11-09 14:30:00,185.24642944335938,1,0.7491183701660121,1.0,0.002495241060566089,0.002495241060566089
2016-11-10 14:30:00,185.7086639404297,0,0.7115854885899202,1.0,-0.002304487296151181,-0.002304487296151181
2016-11-11 14:30:00,185.28070068359375,1,0.6417777597915189,1.0,0.000785254768435939,0.000785254768435939
2016-11-14 14:30:00,185.4261932373047,1,0.5694560234824814,1.0,0.007802854669208825,0.007802854669208825
2016-11-15 14:30:00,186.873046875,0,0.7667256495095318,1.0,-0.0018785143552921824,-0.0018785143552921824
2016-11-16 14:30:00,186.52200317382812,1,0.5032718552910828,1.0,0.005140746337545465,0.005140746337545465
2016-11-17 14:30:00,187.48086547851562,0,0.4446860946152119,0.0,-0.0022376144180078494,-0.0005
2016-11-18 14:30:00,187.0613555908203,1,0.42167917229111485,0.0,0.007551438900885721,0.0
2016-11-21 14:30:00,188.47393798828125,1,0.6239469203681259,1.0,0.0019529902780381914,0.0014529902780381914
2016-11-22 14:30:00,188.84202575683594,1,0.5409370702082837,1.0,0.0005443622069931653,0.0005443622069931653
2016-11-23 14:30:00,188.94482421875,1,0.5049374771765496,1.0,0.003715348396083229,0.003715348396083229
2016-11-25 14:30:00,189.64682006835938,0,0.23999116300937498,0.0,-0.004694781285950023,-0.0005
2016-11-28 14:30:00,188.7564697265625,1,0.4832368279591302,0.0,0.001950228708271995,0.0
2016-11-29 14:30:00,189.1245880126953,0,0.49840916330887525,0.0,-0.002398973283970429,0.0
2016-11-30 14:30:00,188.67088317871094,0,0.4040357066383297,0.0,-0.003675776310612444,0.0
2016-12-01 14:30:00,187.9773712158203,1,0.5316267363771137,0.0,0.0005011654491311468,0.0
2016-12-02 14:30:00,188.0715789794922,1,0.6295480063037763,1.0,0.006008701176970277,0.0055087011769702765
2016-12-05 14:30:00,189.20164489746094,1,0.45805134990021623,1.0,0.003167219631664775,0.003167219631664775
2016-12-06 14:30:00,189.80088806152344,1,0.5591280923382528,1.0,0.013080853275852844,0.013080853275852844
2016-12-07 14:30:00,192.2836456298828,1,0.4866996333102998,1.0,0.002448914617393605,0.002448914617393605
2016-12-08 14:30:00,192.75453186035156,1,0.4879045435759351,1.0,0.006040280197818992,0.006040280197818992
2016-12-09 14:30:00,193.9188232421875,0,0.44537280216978437,0.0,-0.00114787832930352,-0.0005
2016-12-12 14:30:00,193.69622802734375,1,0.6546351360917906,1.0,0.006674215594738797,0.006174215594738797
2016-12-13 14:30:00,194.98899841308594,0,0.5273980614092487,1.0,-0.008253983805520337,-0.008253983805520337
2016-12-14 14:30:00,193.3795623779297,1,0.5625139146497697,1.0,0.004116836602365392,0.004116836602365392
2016-12-15 14:30:00,194.17567443847656,0,0.48975527659720297,1.0,-0.0019560729140873923,-0.0019560729140873923
2016-12-16 14:30:00,193.7958526611328,1,0.4466074056656597,0.0,0.0021776915351670034,-0.0005
2016-12-19 14:30:00,194.21788024902344,1,0.43275922734112016,0.0,0.0038576355626844805,0.0
2016-12-20 14:30:00,194.96710205078125,0,0.4910270901613657,0.0,-0.002782890117241754,0.0
2016-12-21 14:30:00,194.42453002929688,0,0.5427995413836644,0.0,-0.001727306160523856,0.0
2016-12-22 14:30:00,194.0886993408203,1,0.6219911832159499,1.0,0.0014642529279358385,0.0009642529279358385
2016-12-23 14:30:00,194.37289428710938,1,0.550206890567171,1.0,0.0024810765415057556,0.0024810765415057556
2016-12-27 14:30:00,194.8551483154297,0,0.5067099428621504,1.0,-0.00826411721760656,-0.00826411721760656
2016-12-28 14:30:00,193.24484252929688,0,0.5547944755837898,1.0,-0.0002235383427083848,-0.0002235383427083848
2016-12-29 14:30:00,193.20164489746094,0,0.5681328825496296,1.0,-0.003654733189471293,-0.003654733189471293
2016-12-30 14:30:00,192.49554443359375,1,0.5306984681975152,1.0,0.007650180874341661,0.007650180874341661
2017-01-03 14:30:00,193.96817016601562,1,0.5487262696326259,1.0,0.00594915094504378,0.00594915094504378
2017-01-04 14:30:00,195.1221160888672,0,0.43860841099556497,0.0,-0.0007944462739187808,-0.0005
2017-01-05 14:30:00,194.96710205078125,1,0.4525534390466948,0.0,0.0035776549842361227,0.0
2017-01-06 14:30:00,195.6646270751953,0,0.307060570371866,0.0,-0.003300611857824709,0.0
2017-01-09 14:30:00,195.01881408691406,0,0.4103237793968754,0.0,0.0,0.0
2017-01-10 14:30:00,195.01881408691406,1,0.46110748568010895,0.0,0.0028261245640222032,0.0
2017-01-11 14:30:00,195.56996154785156,0,0.5091312400608028,0.0,-0.0025101286405818657,0.0
2017-01-12 14:30:00,195.0790557861328,1,0.5307401493439109,0.0,0.0022956344462026212,0.0
2017-01-13 14:30:00,195.52688598632812,0,0.30889405528742087,0.0,-0.0035237883417030824,0.0
2017-01-17 14:30:00,194.837890625,1,0.4779914987130647,0.0,0.002209979625489966,0.0
2017-01-18 14:30:00,195.2684783935547,0,0.5421263672635117,0.0,-0.0037043505508859154,0.0
2017-01-19 14:30:00,194.54513549804688,1,0.5780882693720227,1.0,0.003674044350812755,0.003174044350812755
2017-01-20 14:30:00,195.25990295410156,0,0.4809242701291074,1.0,-0.002602263281369588,-0.002602263281369588
2017-01-23 14:30:00,194.7517852783203,1,0.6477502108344712,1.0,0.006411688305481444,0.006411688305481444
2017-01-24 14:30:00,196.00047302246094,1,0.5892026378965606,1.0,0.008655682908181195,0.008655682908181195
2017-01-25 14:30:00,197.69699096679688,0,0.40488456652539045,0.0,-0.001045439775490986,-0.0005
2017-01-26 14:30:00,197.4903106689453,0,0.3816855663461979,0.0,-0.0015696849002045932,0.0
2017-01-27 14:30:00,197.18031311035156,0,0.42439072988729715,0.0,-0.006201939591913508,0.0
2017-01-30 14:30:00,195.95741271972656,0,0.41280117022039214,0.0,-8.767923726848981e-05,0.0
2017-01-31 14:30:00,195.9402313232422,1,0.42326060249005915,0.0,0.00039552566170342196,0.0
2017-02-01 14:30:00,196.01773071289062,1,0.5134859644065517,0.0,0.000658870961087521,0.0
2017-02-02 14:30:00,196.14688110351562,1,0.4811622241202866,0.0,0.006893052663613064,0.0
2017-02-03 14:30:00,197.49893188476562,0,0.3572070038879175,0.0,-0.0017879534492389881,0.0
2017-02-06 14:30:00,197.14581298828125,1,0.550370051575569,1.0,4.3962344703718514e-05,-0.0004560376552962815
2017-02-07 14:30:00,197.15447998046875,1,0.3486928575634914,0.0,0.0013102215078484303,-0.0005
2017-02-08 14:30:00,197.4127960205078,1,0.4849843803527779,0.0,0.005932841718875315,0.0
2017-02-09 14:30:00,198.58401489257812,1,0.32522390382471517,0.0,0.003946089877967518,0.0
2017-02-10 14:30:00,199.36764526367188,1,0.3867468017059659,0.0,0.005442623382432066,0.0
2017-02-13 14:30:00,200.45272827148438,1,0.5259161087348745,0.0,0.003995091677089002,0.0
2017-02-14 14:30:00,201.25355529785156,1,0.6351338185361077,1.0,0.005220422866838215,0.004720422866838214
2017-02-15 14:30:00,202.30418395996094,0,0.7079741602095582,1.0,-0.0008511709011633783,-0.0008511709011633783
2017-02-16 14:30:00,202.13198852539062,1,0.590567716097693,1.0,0.001576215214372123,0.001576215214372123
2017-02-17 14:30:00,202.45059204101562,1,0.21762303492724444,0.0,0.005955394872489084,-0.0005
2017-02-21 14:30:00,203.65626525878906,0,0.2810412469727993,0.0,-0.000888226758484767,0.0
2017-02-22 14:30:00,203.47537231445312,1,0.2516484723314054,0.0,0.0006772422748562157,0.0
2017-02-23 14:30:00,203.61317443847656,1,0.2554320771068826,0.0,0.001268660737457017,0.0
2017-02-24 14:30:00,203.87149047851562,1,0.2649012410105958,0.0,0.0015629160921679652,0.0
2017-02-27 14:30:00,204.19012451171875,0,0.246710015116883,0.0,-0.002699187643160794,0.0
2017-02-28 14:30:00,203.63897705078125,1,0.6175934091265431,1.0,0.013997633991633451,0.013497633991633451
2017-03-01 14:30:00,206.48944091796875,0,0.2537670791814549,0.0,-0.006297435830739828,-0.0005
2017-03-02 14:30:00,205.1890869140625,1,0.5277697732617875,0.0,0.0006296444364328746,0.0
2017-03-03 14:30:00,205.3182830810547,0,0.537647887664477,0.0,-0.002977911506755637,0.0
2017-03-06 14:30:00,204.7068634033203,0,0.5434029522369445,0.0,-0.0029869550299728154,0.0
2017-03-07 14:30:00,204.0954132080078,0,0.6404622765194261,1.0,-0.0018564405013099528,-0.0023564405013099528
2017-03-08 14:30:00,203.71652221679688,1,0.6110626212979903,1.0,0.0012678673268635698,0.0012678673268635698
2017-03-09 14:30:00,203.9748077392578,1,0.5357006271839938,1.0,0.0035044191993338636,0.0035044191993338636
2017-03-10 14:30:00,204.6896209716797,1,0.5692878177447137,1.0,0.0005048253987707252,0.0005048253987707252
2017-03-13 13:30:00,204.79295349121094,0,0.5515472476154597,1.0,-0.0038266008439861166,-0.0038266008439861166
2017-03-14 13:30:00,204.00929260253906,1,0.5328663541150279,1.0,0.008653433561060409,0.008653433561060409
2017-03-15 13:30:00,205.77467346191406,0,0.45452130151480197,1.0,-0.0019669798613325407,-0.0019669798613325407
2017-03-16 13:30:00,205.3699188232422,0,0.4212608813174923,0.0,-0.0017560579541475718,-0.0005
2017-03-17 13:30:00,205.00927734375,0,0.5420416364731124,0.0,-0.0010969456412748269,0.0
2017-03-20 13:30:00,204.78439331054688,0,0.5409324039188994,0.0,-0.012839669914125551,0.0
2017-03-21 13:30:00,202.155029296875,1,0.5465520152140777,0.0,0.0023531086546695335,0.0
2017-03-22 13:30:00,202.63072204589844,0,0.43771946351048197,0.0,-0.001066974346454641,0.0
2017-03-23 13:30:00,202.41452026367188,0,0.5536584883646388,1.0,-0.0007264743161892184,-0.0012264743161892184
2017-03-24 13:30:00,202.26747131347656,0,0.5850995354718025,1.0,-0.0010260413535175816,-0.0010260413535175816
2017-03-27 13:30:00,202.0599365234375,1,0.5836463724710135,1.0,0.007277038558547666,0.007277038558547666
2017-03-28 13:30:00,203.53033447265625,1,0.56668566429471,1.0,0.000934583362946606,0.000934583362946606
2017-03-29 13:30:00,203.72055053710938,1,0.5726006194368467,1.0,0.0031842487059050573,0.0031842487059050573
2017-03-30 13:30:00,204.36924743652344,0,0.41438935150993067,0.0,-0.0023275394718186293,-0.0005
2017-03-31 13:30:00,203.89356994628906,0,0.5000974382793981,0.0,-0.0017392125602877506,0.0
2017-04-03 13:30:00,203.53895568847656,1,0.5630847046163615,1.0,0.0006372979824995628,0.0001372979824995628
2017-04-04 13:30:00,203.66867065429688,0,0.4508882438823666,1.0,-0.0029728873215694174,-0.0029728873215694174
2017-04-05 13:30:00,203.0631866455078,1,0.4423772498795346,0.0,0.0028111769890311056,-0.0005
2017-04-06 13:30:00,203.634033203125,0,0.3424292997184412,0.0,-0.0010192306539501539,0.0
2017-04-07 13:30:00,203.42648315429688,1,0.43528615616845645,0.0,0.0005952703311895569,0.0
2017-04-10 13:30:00,203.54757690429688,0,0.43596304337937325,0.0,-0.0011897574262198507,0.0
2017-04-11 13:30:00,203.30540466308594,0,0.5806557095402715,1.0,-0.004382000571457656,-0.004882000571457656
2017-04-12 13:30:00,202.41452026367188,0,0.6475981219569505,1.0,-0.0064947723550478065,-0.0064947723550478065
2017-04-13 13:30:00,201.09988403320312,1,0.6086788216672234,1.0,0.008859739096560793,0.008859739096560793
2017-04-17 13:30:00,202.88157653808594,0,0.5413322895755427,1.0,-0.0029841200170246385,-0.0029841200170246385
2017-04-18 13:30:00,202.27615356445312,0,0.5663182556362367,1.0,-0.0018385877883613233,-0.0018385877883613233
2017-04-19 13:30:00,201.9042510986328,1,0.5965378096580433,1.0,0.008139134251617497,0.008139134251617497
2017-04-20 13:30:00,203.54757690429688,0,0.5263002252836497,1.0,-0.003186804734801263,-0.003186804734801263
2017-04-21 13:30:00,202.89891052246094,1,0.5951941137971418,1.0,0.010997893313192675,0.010997893313192675
2017-04-24 13:30:00,205.13037109375,1,0.4179472231366492,0.0,0.005818532540519339,-0.0005
2017-04-25 13:30:00,206.3239288330078,0,0.6774181124525609,1.0,-0.0006287696504382323,-0.0011287696504382323
2017-04-26 13:30:00,206.19419860839844,1,0.4395901220227911,0.0,0.0008386649945169022,-0.0005
2017-04-27 13:30:00,206.36712646484375,0,0.4856460412112405,0.0,-0.002179234152953513,0.0
2017-04-28 13:30:00,205.9174041748047,1,0.41574016509323297,0.0,0.00252019210369947,0.0
2017-05-01 13:30:00,206.4363555908203,1,0.4072269072844678,0.0,0.0003771893781165936,0.0
2017-05-02 13:30:00,206.51422119140625,0,0.4714935363100914,0.0,-0.0012148558502084184,0.0
2017-05-03 13:30:00,206.26333618164062,1,0.45667094016426574,0.0,0.0011743144567624153,0.0
2017-05-04 13:30:00,206.50555419921875,1,0.40419547165795616,0.0,0.003937031146599601,0.0
2017-05-05 13:30:00,207.31857299804688,0,0.4013077228792537,0.0,-0.00016714715647436762,0.0
2017-05-08 13:30:00,207.28392028808594,0,0.561797005627295,1.0,-0.0009175859150083454,-0.0014175859150083454
2017-05-09 13:30:00,207.09371948242188,1,0.5306121094936598,1.0,0.0017956698502088475,0.0017956698502088475
2017-05-10 13:30:00,207.46559143066406,0,0.5756531133894875,1.0,-0.002042736843731019,-0.002042736843731019
2017-05-11 13:30:00,207.0417938232422,0,0.573984761441195,1.0,-0.0016708317699917208,-0.0016708317699917208
2017-05-12 13:30:00,206.69586181640625,1,0.6547309040038103,1.0,0.005523393587193892,0.005523393587193892
2017-05-15 13:30:00,207.8375244140625,0,0.4799129651067985,1.0,-0.0009155088819778889,-0.0009155088819778889
2017-05-16 13:30:00,207.64724731445312,0,0.6244507725467515,1.0,-0.01774400607861193,-0.01774400607861193
2017-05-17 13:30:00,203.96275329589844,1,0.6276424579571224,1.0,0.004028382640316908,0.004028382640316908
2017-05-18 13:30:00,204.78439331054688,1,0.47537594251494736,1.0,0.006504480002980539,0.006504480002980539
2017-05-19 13:30:00,206.1164093017578,1,0.4709561307003123,1.0,0.005077344649059068,0.005077344649059068
2017-05-22 13:30:00,207.16293334960938,1,0.5078049484392381,1.0,0.0022125520103295493,0.0022125520103295493
2017-05-23 13:30:00,207.6212921142578,1,0.5174666810593703,1.0,0.0023330471256410856,0.0023330471256410856
2017-05-24 13:30:00,208.10568237304688,1,0.4473792177573524,0.0,0.004779294718579408,-0.0005
2017-05-25 13:30:00,209.10028076171875,0,0.3582473889476407,0.0,-0.0002068800043434349,0.0
2017-05-26 13:30:00,209.05702209472656,0,0.38629749521623286,0.0,-0.0008686378807717388,0.0
2017-05-30 13:30:00,208.87542724609375,0,0.42551873778391003,0.0,-0.0002485963038558747,0.0
2017-05-31 13:30:00,208.82350158691406,1,0.5033000571671361,0.0,0.007952529462479818,0.0
2017-06-01 13:30:00,210.4841766357422,1,0.6563233898479855,1.0,0.0033283334388116703,0.0028283334388116703
2017-06-02 13:30:00,211.1847381591797,0,0.6777270913500618,1.0,-0.0007373446762305447,-0.0007373446762305447
2017-06-05 13:30:00,211.02902221679688,0,0.48129937731372024,1.0,-0.0031968912793769455,-0.0031968912793769455
2017-06-06 13:30:00,210.35438537597656,1,0.3973139628785885,0.0,0.001850456829262992,-0.0005
2017-06-07 13:30:00,210.74363708496094,1,0.3779512917512247,0.0,0.0004922782403822268,0.0
2017-06-08 13:30:00,210.84738159179688,0,0.26936058127134405,0.0,-0.001517503065183945,0.0
2017-06-09 13:30:00,210.5274200439453,0,0.3523883249650292,0.0,-0.00020540511157218777,0.0
2017-06-12 13:30:00,210.4841766357422,1,0.3619631065311701,0.0,0.004889631514950699,0.0
2017-06-13 13:30:00,211.51336669921875,0,0.38797102253419335,0.0,-0.0012675176420853251,0.0
2017-06-14 13:30:00,211.24526977539062,0,0.47684383555092463,0.0,-0.001924347938518478,0.0
2017-06-15 13:30:00,210.83876037597656,1,0.5957513469648552,1.0,0.00021841821356050062,-0.0002815817864394994
2017-06-16 13:30:00,210.8848114013672,1,0.6885905298886092,1.0,0.008325068465090402,0.008325068465090402
2017-06-19 13:30:00,212.64044189453125,0,0.48009030193059604,1.0,-0.006743948809108002,-0.006743948809108002
2017-06-20 13:30:00,211.20640563964844,0,0.6531926398010185,1.0,-0.0002470086058549148,-0.0002470086058549148
2017-06-21 13:30:00,211.15423583984375,0,0.509373403683752,1.0,-0.00045294895204606167,-0.00045294895204606167
2017-06-22 13:30:00,211.05859375,1,0.4989910387742219,1.0,0.0011941929170291576,0.0011941929170291576
2017-06-23 13:30:00,211.31063842773438,1,0.5460063939781438,1.0,0.0006581240043113112,0.0006581240043113112
2017-06-26 13:30:00,211.44970703125,0,0.4940238085702664,1.0,-0.00805595902542211,-0.00805595902542211
2017-06-27 13:30:00,209.74627685546875,1,0.5813005864477052,1.0,0.00895042984353478,0.00895042984353478
2017-06-28 13:30:00,211.62359619140625,0,0.513329121704425,1.0,-0.008788976595512143,-0.008788976595512143
2017-06-29 13:30:00,209.76364135742188,1,0.5405916767623602,1.0,0.0018643972861125402,0.0018643972861125402
2017-06-30 13:30:00,210.15472412109375,1,0.5325841277238287,1.0,0.0016957459321702562,0.0016957459321702562
2017-07-03 13:30:00,210.51109313964844,1,0.5536500144282464,1.0,0.002312255206289082,0.002312255206289082
2017-07-05 13:30:00,210.9978485107422,0,0.48723333900361226,1.0,-0.009144591517690093,-0.009144591517690093
2017-07-06 13:30:00,209.068359375,1,0.5601069929864522,1.0,0.006484908518072263,0.006484908518072263
2017-07-07 13:30:00,210.4241485595703,1,0.550635106645248,1.0,0.0010741563833336354,0.0010741563833336354
2017-07-10 13:30:00,210.65017700195312,0,0.5206152505210124,1.0,-0.0007427652104248228,-0.0007427652104248228
2017-07-11 13:30:00,210.49371337890625,1,0.5427978044043414,1.0,0.007514580009041039,0.007514580009041039
2017-07-12 13:30:00,212.0754852294922,1,0.5567821708594555,1.0,0.001680387613726575,0.001680387613726575
2017-07-13 13:30:00,212.43185424804688,1,0.5240122921463635,1.0,0.004663863512066602,0.004663863512066602
2017-07-14 13:30:00,213.422607421875,0,0.3978993913992967,0.0,-0.00012175710009043605,-0.0005
2017-07-17 13:30:00,213.39662170410156,1,0.558435650717114,1.0,0.0005294182884272303,2.9418288427230255e-05
2017-07-18 13:30:00,213.5095977783203,1,0.5739054561103493,1.0,0.005413946620937526,0.005413946620937526
2017-07-19 13:30:00,214.66552734375,1,0.4958473645427278,1.0,0.0004453978868834696,0.0004453978868834696
2017-07-20 13:30:00,214.76113891601562,0,0.5627514884058387,1.0,-0.0008903991918483012,-0.0008903991918483012
2017-07-21 13:30:00,214.56991577148438,0,0.48545842178636195,1.0,-0.00024327882683428115,-0.00024327882683428115
2017-07-24 13:30:00,214.51771545410156,1,0.4602865101614195,1.0,0.0024311040767619474,0.0024311040767619474
2017-07-25 13:30:00,215.0392303466797,1,0.4244659070072116,0.0,4.051711188068907e-05,-0.0005
2017-07-26 13:30:00,215.04794311523438,0,0.25563540144183156,0.0,-0.0009295142925949129,0.0
2017-07-27 13:30:00,214.84805297851562,0,0.4566200134392337,0.0,-0.0011732009344699312,0.0
2017-07-28 13:30:00,214.5959930419922,0,0.5259431494610977,0.0,-0.0005673446004458294,0.0
2017-07-31 13:30:00,214.4742431640625,1,0.5696693086871192,1.0,0.0022291179204234624,0.0017291179204234623
2017-08-01 13:30:00,214.95233154296875,1,0.5585160932850914,1.0,0.0004851241375452009,0.0004851241375452009
2017-08-02 13:30:00,215.05661010742188,0,0.6364784472803346,1.0,-0.0019396975297911734,-0.0019396975297911734
2017-08-03 13:30:00,214.63946533203125,1,0.6773560252039678,1.0,0.0018219028149777383,0.0018219028149777383
2017-08-04 13:30:00,215.030517578125,1,0.6290539567345745,1.0,0.0018593211583113334,0.0018593211583113334
2017-08-07 13:30:00,215.43032836914062,0,0.607277293107697,1.0,-0.002460823935105605,-0.002460823935105605
2017-08-08 13:30:00,214.9001922607422,0,0.6198048105325054,1.0,-4.047232193760131e-05,-4.047232193760131e-05
2017-08-09 13:30:00,214.89149475097656,0,0.5715839333058782,1.0,-0.014115329057910353,-0.014115329057910353
2017-08-10 13:30:00,211.8582305908203,1,0.6788029511060645,1.0,0.0014768435894796372,0.0014768435894796372
2017-08-11 13:30:00,212.17111206054688,1,0.6565386102137596,1.0,0.009913162648475193,0.009913162648475193
2017-08-14 13:30:00,214.27439880371094,0,0.5113354754549975,1.0,-0.00012162914405200453,-0.00012162914405200453
2017-08-15 13:30:00,214.2483367919922,1,0.5694689009317603,1.0,0.0017441091536423148,0.0017441091536423148
2017-08-16 13:30:00,214.62200927734375,0,0.5536500144282464,1.0,-0.015590807216652847,-0.015590807216652847
2017-08-17 13:30:00,211.27587890625,0,0.6117713039604696,1.0,-0.0015630308324839914,-0.0015630308324839914
2017-08-18 13:30:00,210.94564819335938,1,0.5969929813193945,1.0,0.0007828111963845696,0.0007828111963845696
2017-08-21 13:30:00,211.11077880859375,1,0.6019784153595393,1.0,0.01045697703767079,0.01045697703767079
2017-08-22 13:30:00,213.318359375,0,0.5420994681107961,1.0,-0.00358532798780431,-0.00358532798780431
2017-08-23 13:30:00,212.5535430908203,0,0.5731855425402651,1.0,-0.0023307402797821952,-0.0023307402797821952
2017-08-24 13:30:00,212.05813598632812,1,0.5621227333359756,1.0,0.002336185321010875,0.002336185321010875
2017-08-25 13:30:00,212.5535430908203,1,0.5025903802264647,1.0,4.070378349196879e-05,4.070378349196879e-05
2017-08-28 13:30:00,212.56219482421875,1,0.5499993956647807,1.0,0.0011450434285231736,0.0011450434285231736
2017-08-29 13:30:00,212.8055877685547,1,0.5564241726677912,1.0,0.004737629214995431,0.004737629214995431
2017-08-30 13:30:00,213.81378173828125,1,0.519794797096653,1.0,0.006015771632470912,0.006015771632470912
2017-08-31 13:30:00,215.10003662109375,1,0.43592297375368405,0.0,0.001414293006722911,-0.0005
2017-09-01 13:30:00,215.4042510986328,0,0.5231046758123692,0.0,-0.007182115012021595,0.0
2017-09-05 13:30:00,213.85719299316406,1,0.5744711420406668,1.0,0.003413900977821127,0.002913900977821127
2017-09-06 13:30:00,214.5872802734375,0,0.4955665314534602,1.0,-0.00012152290888156614,-0.00012152290888156614
2017-09-07 13:30:00,214.5612030029297,0,0.5413708979108722,1.0,-0.0011748405200219247,-0.0011748405200219247
2017-09-08 13:30:00,214.3091278076172,1,0.6177725950726943,1.0,0.010666243834177358,0.010666243834177358
2017-09-11 13:30:00,216.59500122070312,1,0.6757616037196683,1.0,0.003370466728238597,0.003370466728238597
2017-09-12 13:30:00,217.3250274658203,1,0.4915037764753329,1.0,0.00047982768330512293,0.00047982768330512293
2017-09-13 13:30:00,217.42930603027344,0,0.5380038308974223,1.0,-0.00031952117159350646,-0.00031952117159350646
2017-09-14 13:30:00,217.35983276367188,1,0.4954352690359246,1.0,0.0013458155602983357,0.0013458155602983357
2017-09-15 13:30:00,217.65235900878906,1,0.5438289515142953,1.0,0.00212709350385043,0.00212709350385043
2017-09-18 13:30:00,218.11532592773438,1,0.5525977036601062,1.0,0.0010010209588282581,0.0010010209588282581
2017-09-19 13:30:00,218.3336639404297,1,0.43478851165691995,0.0,0.00036026994737126117,-0.0005
2017-09-20 13:30:00,218.41232299804688,0,0.4713864237040536,0.0,-0.0026794989754692633,0.0
2017-09-21 13:30:00,217.82708740234375,1,0.6651561188929753,1.0,0.00020062322090486084,-0.00029937677909513917
2017-09-22 13:30:00,217.87078857421875,0,0.6651798838231386,1.0,-0.00204469974885102,-0.00204469974885102
2017-09-25 13:30:00,217.42530822753906,1,0.5984987640699623,1.0,0.0006026309574898026,0.0006026309574898026
2017-09-26 13:30:00,217.55633544921875,1,0.6188779974017192,1.0,0.00389422695214936,0.00389422695214936
2017-09-27 13:30:00,218.40354919433594,1,0.5205090749442535,1.0,0.0011999333486802932,0.0011999333486802932
2017-09-28 13:30:00,218.66561889648438,1,0.5381615581286503,1.0,0.0035148882067370657,0.0035148882067370657
2017-09-29 13:30:00,219.4342041015625,1,0.5052322751992144,1.0,0.004338689534130191,0.004338689534130191
2017-10-02 13:30:00,220.38626098632812,1,0.5134968718761677,1.0,0.0021405178369331423,0.0021405178369331423
2017-10-03 13:30:00,220.85800170898438,1,0.6159748591207168,1.0,0.0011861145559497466,0.0011861145559497466
2017-10-04 13:30:00,221.11996459960938,1,0.5354742406812527,1.0,0.0059252029387526495,0.0059252029387526495
2017-10-05 13:30:00,222.43014526367188,0,0.5002207199500779,1.0,-0.0011389032530429999,-0.0011389032530429999
2017-10-06 13:30:00,222.17681884765625,0,0.5910740057494482,1.0,-0.001650964453339121,-0.001650964453339121
2017-10-09 13:30:00,221.8100128173828,1,0.580460780995963,1.0,0.0026381791926979314,0.0026381791926979314
2017-10-10 13:30:00,222.3951873779297,1,0.4805016421434339,1.0,0.0015711266725768613,0.0015711266725768613
2017-10-11 13:30:00,222.74459838867188,0,0.46644355894921274,1.0,-0.0014900885682010978,-0.0014900885682010978
2017-10-12 13:30:00,222.41268920898438,1,0.5540663778054322,1.0,0.0012173404048481107,0.0012173404048481107
2017-10-13 13:30:00,222.68344116210938,1,0.48114383921757586,1.0,0.0013337872252716654,0.0013337872252716654
2017-10-16 13:30:00,222.98045349121094,1,0.4095648391685591,0.0,0.0007046346373260626,-0.0005
2017-10-17 13:30:00,223.1375732421875,1,0.42477866416303334,0.0,0.0009788324909474344,0.0
2017-10-18 13:30:00,223.35598754882812,1,0.42477866416303334,0.0,0.0002736739214166395,0.0
2017-10-19 13:30:00,223.4171142578125,1,0.49128425452198915,0.0,0.005160408538147809,0.0
2017-10-20 13:30:00,224.57003784179688,0,0.4820534536129378,0.0,-0.0038894040002386276,0.0
2017-10-23 13:30:00,223.69659423828125,1,0.5491462937694043,0.0,0.0017571407718048881,0.0
2017-10-24 13:30:00,224.08966064453125,0,0.531940279260019,0.0,-0.0049498363741101725,0.0
2017-10-25 13:30:00,222.98045349121094,1,0.5644154606038159,1.0,0.0012923890220974954,0.0007923890220974954
2017-10-26 13:30:00,223.2686309814453,1,0.5499921422072646,1.0,0.008176319884462435,0.008176319884462435
2017-10-27 13:30:00,225.09414672851562,0,0.4524249312316763,1.0,-0.0037253834624590976,-0.0037253834624590976
2017-10-30 13:30:00,224.25558471679688,1,0.4951257260694333,1.0,0.001557956710889874,0.001557956710889874
2017-10-31 13:30:00,224.60496520996094,1,0.47907399390674876,1.0,0.0013222406336645953,0.0013222406336645953
2017-11-01 13:30:00,224.90194702148438,1,0.4172033187227582,0.0,0.0003881492952046983,-0.0005
2017-11-02 13:30:00,224.98924255371094,1,0.406498027750346,0.0,0.003339121777401699,0.0
2017-11-03 13:30:00,225.74050903320312,1,0.27703878776636504,0.0,0.0015475732604754988,0.0
2017-11-06 14:30:00,226.08985900878906,0,0.5731397344526901,1.0,-0.0006952812727251123,-0.0011952812727251123
2017-11-07 14:30:00,225.9326629638672,1,0.49586999285585115,1.0,0.0017010516101367834,0.0017010516101367834
2017-11-08 14:30:00,226.31698608398438,0,0.5004263886647421,1.0,-0.0036277863066860316,-0.0036277863066860316
2017-11-09 14:30:00,225.49595642089844,0,0.5457269535343786,1.0,-0.0003101886622389749,-0.0003101886622389749
2017-11-10 14:30:00,225.42601013183594,1,0.5374865506610849,1.0,0.0009299747744595521,0.0009299747744595521
2017-11-13 14:30:00,225.63565063476562,0,0.4988212667221073,1.0,-0.0023226077478326612,-0.0023226077478326612
2017-11-14 14:30:00,225.11158752441406,0,0.6200565902617312,1.0,-0.005005248793916173,-0.005005248793916173
2017-11-15 14:30:00,223.98484802246094,1,0.5808334967570252,1.0,0.008501151060581469,0.008501151060581469
2017-11-16 14:30:00,225.88897705078125,0,0.48597279528456266,1.0,-0.0029387605665008865,-0.0029387605665008865
2017-11-17 14:30:00,225.2251434326172,1,0.5813873430185921,1.0,0.001706192025869191,0.001706192025869191
2017-11-20 14:30:00,225.6094207763672,1,0.5656723788481614,1.0,0.006542744231373687,0.006542744231373687
2017-11-21 14:30:00,227.0855255126953,0,0.3886212645980157,0.0,-0.0008844748690002291,-0.0005
2017-11-22 14:30:00,226.88467407226562,1,0.3854161082041987,0.0,0.0023097543000880627,0.0
2017-11-24 14:30:00,227.40872192382812,0,0.22327264952749037,0.0,-0.0004992800999606972,0.0
2017-11-27 14:30:00,227.29518127441406,1,0.5010000508142923,0.0,0.010144859528557149,0.0
2017-11-28 14:30:00,229.60105895996094,0,0.6219258829689934,1.0,-0.0006087537594365866,-0.0011087537594365866
2017-11-29 14:30:00,229.46128845214844,1,0.7142214659078244,1.0,0.008754968670981356,0.008754968670981356
2017-11-30 14:30:00,231.47021484375,0,0.6628748011274848,1.0,-0.002075330502414263,-0.002075330502414263
2017-12-01 14:30:00,230.98983764648438,0,0.5233676015157245,1.0,-0.0012097250985093622,-0.0012097250985093622
2017-12-04 14:30:00,230.7104034423828,0,0.5779429318505321,1.0,-0.0035967980342644923,-0.0035967980342644923
2017-12-05 14:30:00,229.88058471679688,1,0.49086435852522586,1.0,0.0001898382883118721,0.0001898382883118721
2017-12-06 14:30:00,229.92422485351562,1,0.4934414265785643,1.0,0.0031531729429052913,0.0031531729429052913
2017-12-07 14:30:00,230.6492156982422,1,0.578990753794856,1.0,0.005452827688488426,0.005452827688488426
2017-12-08 14:30:00,231.9069061279297,1,0.5710022770380013,1.0,0.0030131756608047233,0.0030131756608047233
2017-12-11 14:30:00,232.60568237304688,1,0.4675327622040742,1.0,0.001764951378393942,0.001764951378393942
2017-12-12 14:30:00,233.01622009277344,0,0.5531220091757805,1.0,-0.00011243569572061407,-0.00011243569572061407
2017-12-13 14:30:00,232.99002075195312,0,0.4450785330008764,0.0,-0.0040861905711838675,-0.0005
2017-12-14 14:30:00,232.03797912597656,1,0.5338675204052911,0.0,0.00832730479657151,0.0
2017-12-15 14:30:00,233.97023010253906,1,0.5023503249484979,0.0,0.006341094414813897,0.0
2017-12-18 14:30:00,235.453857421875,0,0.5824811629067401,1.0,-0.0038400710686952166,-0.004340071068695217
2017-12-19 14:30:00,234.54969787597656,0,0.520556552127229,1.0,-0.0005244788568729009,-0.0005244788568729009
2017-12-20 14:30:00,234.4266815185547,1,0.527917800753565,1.0,0.0020599624288577534,0.0020599624288577534
2017-12-21 14:30:00,234.9095916748047,0,0.5236379205161206,1.0,-0.00026190261990310937,-0.00026190261990310937
2017-12-22 14:30:00,234.8480682373047,0,0.39314261148681195,0.0,-0.0011958284979868283,-0.0005
2017-12-26 14:30:00,234.56723022460938,1,0.549683236605631,0.0,0.0004865150314865563,0.0
2017-12-27 14:30:00,234.6813507080078,1,0.5753321181650538,1.0,0.0020571418465589186,0.0015571418465589186
2017-12-28 14:30:00,235.16412353515625,0,0.4490836832643704,0.0,-0.003770378327760504,-0.0005
2017-12-29 14:30:00,234.2774658203125,1,0.5738854138903644,1.0,0.007157470739125316,0.006657470739125315
2018-01-02 14:30:00,235.9542999267578,1,0.5097325042709048,1.0,0.006324893696453282,0.006324893696453282
2018-01-03 14:30:00,237.44668579101562,1,0.5634476386209891,1.0,0.004215070380339636,0.004215070380339636
2018-01-04 14:30:00,238.44754028320312,1,0.536819329443438,1.0,0.0066638945234045455,0.0066638945234045455
2018-01-05 14:30:00,240.03652954101562,1,0.49045090624806986,1.0,0.0018289325418787694,0.0018289325418787694
2018-01-08 14:30:00,240.4755401611328,1,0.7380710543987693,1.0,0.00226328942521814,0.00226328942521814
2018-01-09 14:30:00,241.01980590820312,0,0.6376296120619618,1.0,-0.001529868619327246,-0.001529868619327246
2018-01-10 14:30:00,240.6510772705078,1,0.6501780882760202,1.0,0.007295906763351123,0.007295906763351123
2018-01-11 14:30:00,242.40684509277344,1,0.4677884264838572,1.0,0.0065191083554303475,0.0065191083554303475
2018-01-12 14:30:00,243.98712158203125,0,0.4290954064264167,0.0,-0.003418274239928354,-0.0005
2018-01-16 14:30:00,243.15310668945312,1,0.4609560261511345,0.0,0.009531867713417297,0.0
2018-01-17 14:30:00,245.47080993652344,0,0.6226215046452637,1.0,-0.0016807798758948778,-0.0021807798758948778
2018-01-18 14:30:00,245.0582275390625,1,0.5581418942548468,1.0,0.004549214278135594,0.004549214278135594
2018-01-19 14:30:00,246.1730499267578,1,0.23468857253003741,0.0,0.008131308382337332,-0.0005
2018-01-22 14:30:00,248.1747589111328,1,0.13717469572286048,0.0,0.0021222449228162077,0.0
2018-01-23 14:30:00,248.70144653320312,0,0.14905676373716314,0.0,-0.00038787898421110967,0.0
2018-01-24 14:30:00,248.60498046875,1,0.20290464297637373,0.0,0.00042326026283379115,0.0
2018-01-25 14:30:00,248.710205078125,1,0.19345365173622014,0.0,0.011577798348314516,0.0
2018-01-26 14:30:00,251.5897216796875,0,0.15293071648191864,0.0,-0.006630081275172617,0.0
2018-01-29 14:30:00,249.92166137695312,0,0.3047318042517332,0.0,-0.010256692984727978,0.0
2018-01-30 14:30:00,247.35829162597656,1,0.49071195471637646,0.0,0.0004970120979912451,0.0
2018-01-31 14:30:00,247.48123168945312,0,0.5111258453650757,0.0,-0.0011357099389417424,0.0
2018-02-01 14:30:00,247.20016479492188,0,0.7088018797953328,1.0,-0.02176956157553067,-0.022269561575530672
2018-02-02 14:30:00,241.8187255859375,0,0.4847385241261815,1.0,-0.041822755314417814,-0.041822755314417814
2018-02-05 14:30:00,231.7052001953125,1,0.37067705107214016,0.0,0.019702230459573533,-0.0005
2018-02-06 14:30:00,236.2703094482422,0,0.4485310815814586,0.0,-0.005424751703525632,0.0
2018-02-07 14:30:00,234.9886016845703,0,0.37054204817726083,0.0,-0.03750876692419769,0.0
2018-02-08 14:30:00,226.17446899414062,1,0.42255772509169615,0.0,0.01502128173454409,0.0
2018-02-09 14:30:00,229.5718994140625,1,0.4211253001718338,0.0,0.014684925927324288,0.0
2018-02-12 14:30:00,232.94314575195312,1,0.4344911782693757,0.0,0.002487003609682681,0.0
2018-02-13 14:30:00,233.52247619628906,1,0.4134668240117038,0.0,0.01349622706395115,0.0
2018-02-14 14:30:00,236.6741485595703,1,0.5944311305288755,1.0,0.012760306980797775,0.012260306980797775
2018-02-15 14:30:00,239.69418334960938,1,0.5754398172733461,1.0,0.000293469856444295,0.000293469856444295
2018-02-16 14:30:00,239.7645263671875,0,0.6511130874149017,1.0,-0.006261738532322592,-0.006261738532322592
2018-02-20 14:30:00,238.26318359375,0,0.4830907377113032,1.0,-0.004974314138571967,-0.004974314138571967
2018-02-21 14:30:00,237.07798767089844,1,0.5818416125438826,1.0,0.00129579807561786,0.00129579807561786
2018-02-22 14:30:00,237.38519287109375,1,0.5607455699772982,1.0,0.015939679928542727,0.015939679928542727
2018-02-23 14:30:00,241.16903686523438,1,0.2485996547468334,0.0,0.011612214520563935,-0.0005
2018-02-26 14:30:00,243.96954345703125,0,0.4621943748866181,0.0,-0.012486437370987757,0.0
2018-02-27 14:30:00,240.92323303222656,0,0.39579419623633383,0.0,-0.01013006087410051,0.0
2018-02-28 14:30:00,238.482666015625,0,0.5383125938017624,0.0,-0.014540731451385902,0.0
2018-03-01 14:30:00,235.01495361328125,1,0.642242906458733,1.0,0.005154935027665397,0.004654935027665397
2018-03-02 14:30:00,236.2264404296875,1,0.4526781992788189,1.0,0.011557723441956158,0.011557723441956158
2018-03-05 14:30:00,238.95668029785156,1,0.4165713328740446,0.0,0.002535206141147661,-0.0005
2018-03-06 14:30:00,239.56248474121094,0,0.4573708998786354,0.0,-0.00036656128003331734,0.0
2018-03-07 14:30:00,239.47467041015625,1,0.5546281308616383,1.0,0.004839236273856962,0.004339236273856961
2018-03-08 14:30:00,240.633544921875,1,0.6136416250256691,1.0,0.017402169667270373,0.017402169667270373
2018-03-09 14:30:00,244.8210906982422,0,0.5570239154865612,1.0,-0.0012549397476221413,-0.0012549397476221413
2018-03-12 13:30:00,244.51385498046875,0,0.5763791052807701,1.0,-0.006462807483060273,-0.006462807483060273
2018-03-13 13:30:00,242.93360900878906,0,0.621724200165217,1.0,-0.005131431978989576,-0.005131431978989576
2018-03-14 13:30:00,241.68701171875,0,0.5300420602402419,1.0,-0.0010896383655739639,-0.0010896383655739639
2018-03-15 13:30:00,241.4236602783203,1,0.661162849167443,1.0,0.0010841906185845573,0.0010841906185845573
2018-03-16 13:30:00,241.68540954589844,0,0.5744920037051628,1.0,-0.013530192223734971,-0.013530192223734971
2018-03-19 13:30:00,238.4153594970703,1,0.629047471664149,1.0,0.001700502963591921,0.001700502963591921
2018-03-20 13:30:00,238.82078552246094,0,0.5844353603261676,1.0,-0.0019191943651666321,-0.0019191943651666321
2018-03-21 13:30:00,238.36244201660156,0,0.5357977550575316,1.0,-0.024996925676131987,-0.024996925676131987
2018-03-22 13:30:00,232.40411376953125,0,0.6134994855868797,1.0,-0.021314982316138154,-0.021314982316138154
2018-03-23 13:30:00,227.45042419433594,1,0.6452905211181983,1.0,0.02735923617240643,0.02735923617240643
2018-03-26 13:30:00,233.6732940673828,0,0.5632374535954374,1.0,-0.01701193540843937,-0.01701193540843937
2018-03-27 13:30:00,229.69805908203125,0,0.5413437583345156,1.0,-0.0029546632767998293,-0.0029546632767998293
2018-03-28 13:30:00,229.01937866210938,1,0.45216793329722543,1.0,0.012777654814633443,0.012777654814633443
2018-03-29 13:30:00,231.94570922851562,0,0.7808651951031024,1.0,-0.02158453038703112,-0.02158453038703112
2018-04-02 13:30:00,226.93927001953125,1,0.4329425400133196,0.0,0.012816845800343257,-0.0005
2018-04-03 13:30:00,229.84791564941406,1,0.7145468353434056,1.0,0.010699306321258817,0.010199306321258816
2018-04-04 13:30:00,232.30712890625,1,0.6138541903273806,1.0,0.007892026525700757,0.007892026525700757
2018-04-05 13:30:00,234.1405029296875,0,0.5537415684077871,1.0,-0.02228603462109746,-0.02228603462109746
2018-04-06 13:30:00,228.9224395751953,1,0.5118957459256158,1.0,0.004928658989228563,0.004928658989228563
2018-04-09 13:30:00,230.05072021484375,1,0.5090263430206681,1.0,0.015900331400890977,0.015900331400890977
2018-04-10 13:30:00,233.70860290527344,0,0.6111874063638478,1.0,-0.005242575455590592,-0.005242575455590592
2018-04-11 13:30:00,232.48336791992188,1,0.5926724161348372,1.0,0.008227274427787368,0.008227274427787368
2018-04-12 13:30:00,234.3960723876953,0,0.5419390089042506,1.0,-0.0029329394277767262,-0.0029329394277767262
2018-04-13 13:30:00,233.70860290527344,1,0.6174686266328304,1.0,0.008221814538172278,0.008221814538172278
2018-04-16 13:30:00,235.63011169433594,1,0.5106905295349107,1.0,0.010698372744136098,0.010698372744136098
2018-04-17 13:30:00,238.15097045898438,1,0.6351703485272259,1.0,0.0007399665621483642,0.0007399665621483642
2018-04-18 13:30:00,238.3271942138672,0,0.6381908807676552,1.0,-0.005547406298644697,-0.005547406298644697
2018-04-19 13:30:00,237.00509643554688,0,0.5219061095706518,1.0,-0.008479455093963195,-0.008479455093963195
2018-04-20 13:30:00,234.99542236328125,0,0.49105212836806034,1.0,-0.0001497987748576568,-0.0001497987748576568
2018-04-23 13:30:00,234.96022033691406,0,0.5138508727223493,1.0,-0.013467414339702444,-0.013467414339702444
2018-04-24 13:30:00,231.79591369628906,1,0.6626339037804357,1.0,0.0024715329369533467,0.0024715329369533467
2018-04-25 13:30:00,232.36880493164062,1,0.628325558518625,1.0,0.010165727179564765,0.010165727179564765
2018-04-26 13:30:00,234.7310028076172,1,0.6114827421134135,1.0,0.0009388733818442851,0.0009388733818442851
2018-04-27 13:30:00,234.95138549804688,0,0.5588276020188805,1.0,-0.007690462270715237,-0.007690462270715237
2018-04-30 13:30:00,233.14450073242188,1,0.6275783155213897,1.0,0.0017767107754134148,0.0017767107754134148
2018-05-01 13:30:00,233.55873107910156,0,0.5351631497972854,1.0,-0.006717732101482299,-0.006717732101482299
2018-05-02 13:30:00,231.98974609375,0,0.6034183845043408,1.0,-0.0022034796838660275,-0.0022034796838660275
2018-05-03 13:30:00,231.4785614013672,1,0.6669875148730854,1.0,0.012946320541108891,0.012946320541108891
2018-05-04 13:30:00,234.47535705566406,1,0.4846268408581526,1.0,0.003383447074778001,0.003383447074778001
2018-05-07 13:30:00,235.26869201660156,0,0.5512210146420584,1.0,0.0,0.0
2018-05-08 13:30:00,235.26869201660156,1,0.6196748635583048,1.0,0.009665812696366238,0.009665812696366238
2018-05-09 13:30:00,237.54275512695312,1,0.5881994352585356,1.0,0.00935057306835052,0.00935057306835052
2018-05-10 13:30:00,239.763916015625,1,0.6119939915090405,1.0,0.0030513261234144107,0.0030513261234144107
2018-05-11 13:30:00,240.49551391601562,1,0.6834191551816424,1.0,0.00047667950374563617,0.00047667950374563617
2018-05-14 13:30:00,240.6101531982422,0,0.5192657384426955,1.0,-0.006887092959964147,-0.006887092959964147
2018-05-15 13:30:00,238.9530487060547,1,0.6452256976694116,1.0,0.004204782022406484,0.004204782022406484
2018-05-16 13:30:00,239.95779418945312,0,0.5168406376164363,1.0,-0.0008448497043789249,-0.0008448497043789249
2018-05-17 13:30:00,239.75506591796875,0,0.611220615726619,1.0,-0.002499588228240923,-0.002499588228240923
2018-05-18 13:30:00,239.15577697753906,1,0.5464596058284931,1.0,0.007518384913259846,0.007518384913259846
2018-05-21 13:30:00,240.95384216308594,0,0.5847459414743948,1.0,-0.0027799113566832068,-0.0027799113566832068
2018-05-22 13:30:00,240.2840118408203,1,0.5383749852251561,1.0,0.0027507019795769416,0.0027507019795769416
2018-05-23 13:30:00,240.94496154785156,0,0.536098205887946,1.0,-0.002048691215623677,-0.002048691215623677
2018-05-24 13:30:00,240.4513397216797,0,0.4670523238442102,1.0,-0.0023821219898010337,-0.0023821219898010337
2018-05-25 13:30:00,239.87855529785156,0,0.6567859806824663,1.0,-0.01150102848597967,-0.01150102848597967
2018-05-29 13:30:00,237.1197052001953,1,0.49128905909424925,1.0,0.013344764569243273,0.013344764569243273
2018-05-30 13:30:00,240.2840118408203,0,0.5163083193575329,1.0,-0.006125957333637855,-0.006125957333637855
2018-05-31 13:30:00,238.81204223632812,1,0.5604941743507792,1.0,0.009817462202856841,0.009817462202856841
2018-06-01 13:30:00,241.1565704345703,1,0.44747605962669657,0.0,0.00475126067445486,-0.0005
2018-06-04 13:30:00,242.3023681640625,1,0.33630217541396745,0.0,0.0007278553871374882,0.0
2018-06-05 13:30:00,242.47872924804688,1,0.4902253300423689,0.0,0.008360725000166713,0.0
2018-06-06 13:30:00,244.5060272216797,0,0.6303557232861345,1.0,-0.00010821303889729794,-0.000608213038897298
2018-06-07 13:30:00,244.4795684814453,1,0.7004218568284829,1.0,0.002956021118930341,0.002956021118930341
2018-06-08 13:30:00,245.20225524902344,1,0.6211858620440761,1.0,0.0013299667228285905,0.0013299667228285905
2018-06-11 13:30:00,245.5283660888672,1,0.527136872004753,1.0,0.0012925901750842073,0.0012925901750842073
2018-06-12 13:30:00,245.84573364257812,0,0.4927954811933852,1.0,-0.0031910880422271193,-0.0031910880422271193
2018-06-13 13:30:00,245.06121826171875,1,0.6068643219443336,1.0,0.002517818436131858,0.002517818436131858
2018-06-14 13:30:00,245.67823791503906,0,0.5594876855437046,1.0,-0.0012757154642737412,-0.0012757154642737412
2018-06-15 13:30:00,245.3648223876953,0,0.5273464818497858,1.0,-0.0020568115043635427,-0.0020568115043635427
2018-06-18 13:30:00,244.8601531982422,0,0.5223105713425431,1.0,-0.003832517352764353,-0.003832517352764353
2018-06-19 13:30:00,243.92172241210938,1,0.5531993943210332,1.0,0.0017058420005837682,0.0017058420005837682
2018-06-20 13:30:00,244.3378143310547,0,0.4834152950509712,1.0,-0.006268686859981831,-0.006268686859981831
2018-06-21 13:30:00,242.80613708496094,1,0.5068245354222775,1.0,0.0018230272810575432,0.0018230272810575432
2018-06-22 13:30:00,243.248779296875,0,0.47403287198982386,1.0,-0.013612915480249344,-0.013612915480249344
2018-06-25 13:30:00,239.9374542236328,1,0.49773403047352993,1.0,0.002213991492661105,0.002213991492661105
2018-06-26 13:30:00,240.4686737060547,0,0.6695816992853576,1.0,-0.00828422229209258,-0.00828422229209258
2018-06-27 13:30:00,238.47657775878906,1,0.7002549083390136,1.0,0.005717393164069273,0.005717393164069273
2018-06-28 13:30:00,239.8400421142578,1,0.7396809948859641,1.0,0.0014401179476704051,0.0014401179476704051
2018-06-29 13:30:00,240.18544006347656,1,0.6921977007010235,1.0,0.002137694079326291,0.002137694079326291
2018-07-02 13:30:00,240.69888305664062,0,0.6880793749759292,1.0,-0.0035314085911881676,-0.0035314085911881676
2018-07-03 13:30:00,239.848876953125,1,0.6720502077090463,1.0,0.008158671282474605,0.008158671282474605
2018-07-05 13:30:00,241.80572509765625,1,0.47429621642707276,1.0,0.008457636723211648,0.008457636723211648
2018-07-06 13:30:00,243.850830078125,1,0.5590763421173933,1.0,0.009004500842500152,0.009004500842500152
2018-07-09 13:30:00,246.0465850830078,1,0.6352999352688581,1.0,0.0035982218566319446,0.0035982218566319446
2018-07-10 13:30:00,246.93191528320312,0,0.7315857131545114,1.0,-0.007314064881946636,-0.007314064881946636
2018-07-11 13:30:00,245.12583923339844,1,0.540633607722071,1.0,0.009065666071173872,0.009065666071173872
2018-07-12 13:30:00,247.3480682373047,1,0.5823654267070282,1.0,0.0007874053150351834,0.0007874053150351834
2018-07-13 13:30:00,247.54283142089844,0,0.6417359187075563,1.0,-0.0008941027865001505,-0.0008941027865001505
2018-07-16 13:30:00,247.32150268554688,1,0.5374579502941033,1.0,0.004045294365375263,0.004045294365375263
2018-07-17 13:30:00,248.32199096679688,1,0.5558479285956001,1.0,0.002103474062663091,0.002103474062663091
2018-07-18 13:30:00,248.84432983398438,0,0.5467460319877439,1.0,-0.0037710946758152675,-0.0037710946758152675
2018-07-19 13:30:00,247.90591430664062,0,0.506350726603646,1.0,-0.0011431200875595682,-0.0011431200875595682
2018-07-20 13:30:00,247.62252807617188,1,0.5292029613770414,1.0,0.0018594187028868614,0.0018594187028868614
2018-07-23 13:30:00,248.0829620361328,1,0.5794266471445157,1.0,0.0050319942995498135,0.0050319942995498135
2018-07-24 13:30:00,249.33131408691406,1,0.5300329443245609,1.0,0.008522490301053676,0.008522490301053676
2018-07-25 13:30:00,251.45623779296875,0,0.6304535362866074,1.0,-0.0023593647258316475,-0.0023593647258316475
2018-07-26 13:30:00,250.8629608154297,0,0.3377784531041757,0.0,-0.0067756228424161735,-0.0005
2018-07-27 13:30:00,249.1632080078125,0,0.5811950356299624,1.0,-0.005224089910319973,-0.005724089910319974
2018-07-30 13:30:00,247.86155700683594,1,0.6263119682908198,1.0,0.004929618000160785,0.004929618000160785
2018-07-31 13:30:00,249.0834197998047,0,0.5623686164936281,1.0,-0.00167030845695193,-0.00167030845695193
2018-08-01 13:30:00,248.66737365722656,1,0.6237294130901637,1.0,0.0054471881210051976,0.0054471881210051976
2018-08-02 13:30:00,250.02191162109375,1,0.5365959286998521,1.0,0.004284963793456553,0.004284963793456553
2018-08-03 13:30:00,251.09324645996094,1,0.47640639162638165,1.0,0.003667130195488477,0.003667130195488477
2018-08-06 13:30:00,252.0140380859375,1,0.6042376709747783,1.0,0.0033023750556431253,0.0033023750556431253
2018-08-07 13:30:00,252.84628295898438,0,0.5858272660327896,1.0,-0.00041990197781194283,-0.00041990197781194283
2018-08-08 13:30:00,252.7401123046875,0,0.585310891094511,1.0,-0.001366613103354064,-0.001366613103354064
2018-08-09 13:30:00,252.39471435546875,0,0.7011815547437066,1.0,-0.006700163352264088,-0.006700163352264088
2018-08-10 13:30:00,250.70362854003906,0,0.5133471518643782,1.0,-0.003743674800045449,-0.003743674800045449
2018-08-13 13:30:00,249.76507568359375,1,0.5993600799653144,1.0,0.0063808129269911085,0.0063808129269911085
2018-08-14 13:30:00,251.35877990722656,0,0.3316487352789743,0.0,-0.007467045111078097,-0.0005
2018-08-15 13:30:00,249.48187255859375,1,0.5195595399459081,0.0,0.008091232048060615,0.0
2018-08-16 13:30:00,251.50048828125,1,0.471588059577607,0.0,0.003520556794862184,0.0
2018-08-17 13:30:00,252.3859100341797,1,0.458346015703631,0.0,0.002139614469162554,0.0
2018-08-20 13:30:00,252.92591857910156,1,0.4610262988731804,0.0,0.0023457154555814874,0.0
2018-08-21 13:30:00,253.5192108154297,0,0.4502491265774191,0.0,-0.000593813827387768,0.0
2018-08-22 13:30:00,253.36866760253906,0,0.5885440289209265,1.0,-0.0013280521999432526,-0.0018280521999432526
2018-08-23 13:30:00,253.0321807861328,1,0.4052377976534778,0.0,0.006018615646639747,-0.0005
2018-08-24 13:30:00,254.55508422851562,1,0.5205620371502196,0.0,0.007895568787501084,0.0
2018-08-27 13:30:00,256.56494140625,1,0.568448572088982,1.0,0.0004830429445517037,-1.6957055448296298e-05
2018-08-28 13:30:00,256.6888732910156,1,0.5579692876016497,1.0,0.00538069505340566,0.00538069505340566
2018-08-29 13:30:00,258.0700378417969,0,0.5118012754821238,1.0,-0.004048394365524288,-0.004048394365524288
2018-08-30 13:30:00,257.0252685546875,1,0.5072766689386987,1.0,3.4314058410256365e-05,3.4314058410256365e-05
2018-08-31 13:30:00,257.0340881347656,0,0.3298720354100739,0.0,-0.0017224116422536184,-0.0005
2018-09-04 13:30:00,256.59136962890625,0,0.3342407268981963,0.0,-0.002691191445846841,0.0
2018-09-05 13:30:00,255.9008331298828,0,0.48178356351910945,0.0,-0.0030098295737743808,0.0
2018-09-06 13:30:00,255.130615234375,0,0.6391620393256493,1.0,-0.0019437520035597844,-0.0024437520035597844
2018-09-07 13:30:00,254.63470458984375,1,0.45167287090260055,1.0,0.0017387015857150967,0.0017387015857150967
2018-09-10 13:30:00,255.0774383544922,1,0.49996403762261854,1.0,0.003297350472624583,0.003297350472624583
2018-09-11 13:30:00,255.91851806640625,1,0.5896521944672749,1.0,0.0002423104010547128,0.0002423104010547128
2018-09-12 13:30:00,255.98052978515625,1,0.5563353557350562,1.0,0.0059146611158600315,0.0059146611158600315
2018-09-13 13:30:00,257.49456787109375,1,0.4574885251632642,1.0,0.0001716131469893245,0.0001716131469893245
2018-09-14 13:30:00,257.53875732421875,0,0.5320389068703774,1.0,-0.005294210353559592,-0.005294210353559592
2018-09-17 13:30:00,256.17529296875,1,0.38498108958422117,0.0,0.005426148438855138,-0.0005
2018-09-18 13:30:00,257.5653381347656,1,0.30126895277179766,0.0,0.001065533825574505,0.0
2018-09-19 13:30:00,257.83978271484375,1,0.3883667228362078,0.0,0.008103664219245799,0.0
2018-09-20 13:30:00,259.9292297363281,0,0.5265936586129027,0.0,-0.0009133110596111216,0.0
2018-09-21 13:30:00,259.69183349609375,0,0.6639004028129792,1.0,-0.003322137327074315,-0.003822137327074315
2018-09-24 13:30:00,258.8291015625,0,0.5156040942737445,1.0,-0.0009275687535136301,-0.0009275687535136301
2018-09-25 13:30:00,258.5890197753906,0,0.5753801892413709,1.0,-0.0029921714249635523,-0.0029921714249635523
2018-09-26 13:30:00,257.8152770996094,1,0.6820449985953171,1.0,0.002794122364448981,0.002794122364448981
2018-09-27 13:30:00,258.53564453125,1,0.4279923328514733,0.0,0.00010328510371482302,-0.0005
2018-09-28 13:30:00,258.5623474121094,1,0.5023198602211474,0.0,0.003474034032880935,0.0
2018-10-01 13:30:00,259.4606018066406,0,0.5271670191192606,0.0,-0.0005826860840472126,0.0
2018-10-02 13:30:00,259.3094177246094,1,0.6193727631004664,1.0,0.0005487786291973329,4.877862919733288e-05
2018-10-03 13:30:00,259.45172119140625,0,0.43732491628302816,0.0,-0.007815953347760196,-0.0005
2018-10-04 13:30:00,257.4238586425781,0,0.7063558647959117,1.0,-0.005597038148771882,-0.006097038148771883
2018-10-05 13:30:00,255.98304748535156,0,0.7055239371301593,1.0,0.0,0.0
2018-10-08 13:30:00,255.98304748535156,0,0.6848427485584853,1.0,-0.0014591587260570638,-0.0014591587260570638
2018-10-09 13:30:00,255.60952758789062,0,0.6627411355266182,1.0,-0.03166331435527514,-0.03166331435527514
2018-10-10 13:30:00,247.51608276367188,0,0.6637159366874826,1.0,-0.022026403202620948,-0.022026403202620948
2018-10-11 13:30:00,242.06419372558594,1,0.6099928956162137,1.0,0.013888560575731734,0.013888560575731734
2018-10-12 13:30:00,245.42611694335938,0,0.5343436853798086,1.0,-0.005617111302575251,-0.005617111302575251
2018-10-15 13:30:00,244.0475311279297,1,0.4842192354334377,1.0,0.021865962764926694,0.021865962764926694
2018-10-16 13:30:00,249.3838653564453,1,0.7982567594658345,1.0,0.00017798993258599793,0.00017798993258599793
2018-10-17 13:30:00,249.42825317382812,0,0.6779730658903568,1.0,-0.014440862984376523,-0.014440862984376523
2018-10-18 13:30:00,245.8262939453125,0,0.6331838713902569,1.0,-0.000542566350632101,-0.000542566350632101
2018-10-19 13:30:00,245.6929168701172,0,0.717874642792098,1.0,-0.004488647835440784,-0.004488647835440784
2018-10-22 13:30:00,244.590087890625,0,0.5487070980993226,1.0,-0.005090877694165052,-0.005090877694165052
2018-10-23 13:30:00,243.34490966796875,0,0.5895717203598184,1.0,-0.030298563091756825,-0.030298563091756825
2018-10-24 13:30:00,235.97190856933594,1,0.5862710169236967,1.0,0.017940458419537952,0.017940458419537952
2018-10-25 13:30:00,240.20535278320312,0,0.5389300127188644,1.0,-0.01758749056193143,-0.01758749056193143
2018-10-26 13:30:00,235.98074340820312,0,0.7389475590774794,1.0,-0.005540039032063793,-0.005540039032063793
2018-10-29 13:30:00,234.67340087890625,1,0.6741239024847528,1.0,0.014818893341264294,0.014818893341264294
2018-10-30 13:30:00,238.1510009765625,1,0.6021824742292657,1.0,0.010680466730533578,0.010680466730533578
2018-10-31 13:30:00,240.69456481933594,1,0.7443890452928815,1.0,0.010641771773696407,0.010641771773696407
2018-11-01 13:30:00,243.2559814453125,0,0.6015183033420508,1.0,-0.005922961852271702,-0.005922961852271702
2018-11-02 13:30:00,241.815185546875,1,0.6117413819660418,1.0,0.005517113001337837,0.005517113001337837
2018-11-05 14:30:00,243.14930725097656,1,0.48102313305665234,1.0,0.006328069731641017,0.006328069731641017
2018-11-06 14:30:00,244.68797302246094,1,0.5305167348889861,1.0,0.021408316392667492,0.021408316392667492
2018-11-07 14:30:00,249.92633056640625,0,0.3221668605714403,0.0,-0.0018147437489514084,-0.0005
2018-11-08 14:30:00,249.4727783203125,0,0.46857208054526284,0.0,-0.009768342025981536,0.0
2018-11-09 14:30:00,247.0358428955078,0,0.4812002480834843,0.0,-0.01868522788598037,0.0
2018-11-12 14:30:00,242.419921875,0,0.5697484944487484,1.0,-0.0018709993030882055,-0.0023709993030882055
2018-11-13 14:30:00,241.9663543701172,0,0.5396288114612072,1.0,-0.006836572734919777,-0.006836572734919777
2018-11-14 14:30:00,240.3121337890625,1,0.5338518062777238,1.0,0.010436408540528186,0.010436408540528186
2018-11-15 14:30:00,242.82012939453125,1,0.5368518571276593,1.0,0.0026008800097527818,0.0026008800097527818
2018-11-16 14:30:00,243.45167541503906,0,0.5743894624031611,1.0,-0.016914669640558766,-0.016914669640558766
2018-11-19 14:30:00,239.33377075195312,0,0.6444539275415643,1.0,-0.01850611457663509,-0.01850611457663509
2018-11-20 14:30:00,234.90463256835938,1,0.522556093275189,1.0,0.0034074042317133735,0.0034074042317133735
2018-11-21 14:30:00,235.70504760742188,0,0.47380831503818477,1.0,-0.006678441857878692,-0.006678441857878692
2018-11-23 14:30:00,234.1309051513672,1,0.4555159611891376,1.0,0.016144418115663806,0.016144418115663806
2018-11-26 14:30:00,237.9108123779297,1,0.6583036372367512,1.0,0.003364028465616009,0.003364028465616009
2018-11-27 14:30:00,238.71115112304688,1,0.4595404287818331,1.0,0.023025760260656725,0.023025760260656725
2018-11-28 14:30:00,244.20765686035156,0,0.47113159072177296,1.0,-0.0021853374882758736,-0.0021853374882758736
2018-11-29 14:30:00,243.67398071289062,1,0.4958242110957363,1.0,0.006095087497866247,0.006095087497866247
2018-11-30 14:30:00,245.15919494628906,1,0.6299500237908814,1.0,0.013241879052973582,0.013241879052973582
2018-12-03 14:30:00,248.4055633544922,0,0.5432821140186515,1.0,-0.032402516857543695,-0.032402516857543695
2018-12-04 14:30:00,240.35659790039062,0,0.5867430250454534,1.0,-0.0015169492655222605,-0.0015169492655222605
2018-12-06 14:30:00,239.9919891357422,0,0.48339667274529163,1.0,-0.023236350954961904,-0.023236350954961904
2018-12-07 14:30:00,234.4154510498047,1,0.6583282398122486,1.0,0.001897003323189539,0.001897003323189539
2018-12-10 14:30:00,234.86013793945312,1,0.5492147371402811,1.0,0.00022752383510327157,0.00022752383510327157
2018-12-11 14:30:00,234.91357421875,1,0.4716946406234271,1.0,0.005035369245255161,0.005035369245255161
2018-12-12 14:30:00,236.09645080566406,0,0.5159579608473401,1.0,-0.0003394986187712501,-0.0003394986187712501
2018-12-13 14:30:00,236.01629638671875,0,0.5475607956345468,1.0,-0.018464445985159617,-0.018464445985159617
2018-12-14 14:30:00,231.65838623046875,0,0.533891347352734,1.0,-0.019618476239306015,-0.019618476239306015
2018-12-17 14:30:00,227.1136016845703,0,0.4615240934699449,1.0,-0.0010962692647471517,-0.0010962692647471517
2018-12-18 14:30:00,226.8646240234375,0,0.516896780519874,1.0,-0.01497598837756764,-0.01497598837756764
2018-12-19 14:30:00,223.46710205078125,0,0.6283097214103149,1.0,-0.016277823223267207,-0.016277823223267207
2018-12-20 14:30:00,219.8295440673828,0,0.722758594369872,1.0,-0.02048949419470003,-0.02048949419470003
2018-12-21 14:30:00,215.32534790039062,0,0.6186688461618371,1.0,-0.026422872251845697,-0.026422872251845697
2018-12-24 14:30:00,209.63583374023438,1,0.6109956003722385,1.0,0.050524598626332295,0.050524598626332295
2018-12-26 14:30:00,220.22760009765625,1,0.6650799931397106,1.0,0.007677493182906003,0.007677493182906003
2018-12-27 14:30:00,221.91839599609375,0,0.7154627646171471,1.0,-0.001290116837293298,-0.001290116837293298
2018-12-28 14:30:00,221.63209533691406,1,0.5445742328238882,1.0,0.008758970211184547,0.008758970211184547
2018-12-31 14:30:00,223.5733642578125,1,0.6255544929853297,1.0,0.0010403284060773732,0.0010403284060773732
2019-01-02 14:30:00,223.8059539794922,0,0.5607993439043628,1.0,-0.023862734003634034,-0.023862734003634034
2019-01-03 14:30:00,218.46533203125,1,0.7175763496357468,1.0,0.03349545837552004,0.03349545837552004
2019-01-04 14:30:00,225.78292846679688,1,0.6575748218215554,1.0,0.007884686735271096,0.007884686735271096
2019-01-07 14:30:00,227.5631561279297,1,0.4385484645927541,0.0,0.009395263202749637,-0.0005
2019-01-08 14:30:00,229.701171875,1,0.27099981998277556,0.0,0.004673735938337087,0.0
2019-01-09 14:30:00,230.7747344970703,1,0.3681373963308675,0.0,0.003527691948712386,0.0
2019-01-10 14:30:00,231.58883666992188,1,0.4068607446537771,0.0,0.00038603434605355424,0.0
2019-01-11 14:30:00,231.67823791503906,0,0.4880970302666941,0.0,-0.0061007299813313765,0.0
2019-01-14 14:30:00,230.26483154296875,1,0.6472593026857305,1.0,0.011460683300557939,0.010960683300557938
2019-01-15 14:30:00,232.90382385253906,1,0.6511583983201248,1.0,0.0024199426281572567,0.0024199426281572567
2019-01-16 14:30:00,233.46743774414062,1,0.5691259111226444,1.0,0.007586669265270851,0.007586669265270851
2019-01-17 14:30:00,235.23867797851562,1,0.39710720540450295,0.0,0.013310066641144314,-0.0005
2019-01-18 14:30:00,238.36972045898438,0,0.417589915543931,0.0,-0.013510416662665836,0.0
2019-01-22 14:30:00,235.1492462158203,1,0.5339608389619824,0.0,0.002092306917623299,0.0
2019-01-23 14:30:00,235.64125061035156,1,0.607139065497124,1.0,0.0005312444452933995,3.1244445293399526e-05
2019-01-24 14:30:00,235.7664337158203,1,0.5098242927627635,1.0,0.008461873063619896,0.008461873063619896
2019-01-25 14:30:00,237.76145935058594,0,0.6663300047538477,1.0,-0.007600596459939046,-0.007600596459939046
2019-01-28 14:30:00,235.95433044433594,0,0.5450778690319527,1.0,-0.0013268662346429538,-0.0013268662346429538
2019-01-29 14:30:00,235.64125061035156,1,0.6341164896291426,1.0,0.01583087725591903,0.01583087725591903
2019-01-30 14:30:00,239.3716583251953,1,0.5141330595686033,1.0,0.008782619443643558,0.008782619443643558
2019-01-31 14:30:00,241.47396850585938,1,0.4158790394729422,0.0,0.00048113020480333724,-0.0005
2019-02-01 14:30:00,241.59014892578125,1,0.7043055081843352,1.0,0.007035813888742304,0.006535813888742303
2019-02-04 14:30:00,243.28993225097656,1,0.3902066741432319,0.0,0.004191730824073314,-0.0005
2019-02-05 14:30:00,244.3097381591797,0,0.2541506005538594,0.0,-0.0013183992613117201,0.0
2019-02-06 14:30:00,243.98764038085938,0,0.44636475063553294,0.0,-0.00953266090363869,0.0
2019-02-07 14:30:00,241.6617889404297,1,0.6336320241091269,1.0,0.0012216538331346616,0.0007216538331346616
2019-02-08 14:30:00,241.95701599121094,1,0.6981962101244578,1.0,0.0005543329888986204,0.0005543329888986204
2019-02-11 14:30:00,242.0911407470703,1,0.6194700403306557,1.0,0.01285951410229047,0.01285951410229047
2019-02-12 14:30:00,245.20431518554688,1,0.48353662029472394,1.0,0.003247040550202751,0.003247040550202751
2019-02-13 14:30:00,246.00050354003906,0,0.5433140009615306,1.0,-0.0022185365499043375,-0.0022185365499043375
2019-02-14 14:30:00,245.45474243164062,1,0.6362077334558404,1.0,0.01089740585083221,0.01089740585083221
2019-02-15 14:30:00,248.1295623779297,1,0.6931661494680503,1.0,0.0017304762886929392,0.0017304762886929392
2019-02-19 14:30:00,248.55894470214844,1,0.4702023692033546,1.0,0.002015646955206174,0.002015646955206174
2019-02-20 14:30:00,249.05995178222656,0,0.42453603510019333,0.0,-0.003555973685966274,-0.0005
2019-02-21 14:30:00,248.17430114746094,1,0.3074000473823542,0.0,0.006200247399973158,0.0
2019-02-22 14:30:00,249.71304321289062,1,0.3048413401077006,0.0,0.0013613037523416693,0.0
2019-02-25 14:30:00,250.052978515625,0,0.34411329659555256,0.0,-0.0007156076300237624,0.0
2019-02-26 14:30:00,249.87403869628906,0,0.330104172421245,0.0,-0.0004298430392022379,0.0
2019-02-27 14:30:00,249.76663208007812,0,0.31315987191336253,0.0,-0.001862273047118057,0.0
2019-02-28 14:30:00,249.30149841308594,1,0.4597484136493059,0.0,0.006243885886488387,0.0
2019-03-01 14:30:00,250.8581085205078,0,0.5251577840980849,0.0,-0.00363759962827781,0.0
2019-03-04 14:30:00,249.94558715820312,0,0.6285947300155936,1.0,-0.0013601593217860142,-0.0018601593217860142
2019-03-05 14:30:00,249.60562133789062,0,0.667701852673597,1.0,-0.006056918158369173,-0.006056918158369173
2019-03-06 14:30:00,248.09378051757812,0,0.4551329795845824,1.0,-0.008365298048339076,-0.008365298048339076
2019-03-07 14:30:00,246.01840209960938,0,0.6391180623276833,1.0,-0.0020000543321113673,-0.0020000543321113673
2019-03-08 14:30:00,245.52635192871094,1,0.4445073681474904,0.0,0.014501067845227311,-0.0005
2019-03-11 13:30:00,249.0867462158203,1,0.4680455660425291,0.0,0.0037711001045139803,0.0
2019-03-12 13:30:00,250.0260772705078,1,0.4820632138916369,0.0,0.006618999519642399,0.0
2019-03-13 13:30:00,251.68099975585938,0,0.5337466843465003,0.0,-0.0006397413485471626,0.0
2019-03-14 13:30:00,251.51998901367188,1,0.5108829630574475,0.0,0.0049408461032878215,0.0
2019-03-15 13:30:00,252.76271057128906,1,0.47640481679100455,0.0,0.0036257043969121217,0.0
2019-03-18 13:30:00,253.6791534423828,1,0.6198547391459124,1.0,0.0002482388544995384,-0.0002517611455004616
2019-03-19 13:30:00,253.74212646484375,0,0.669441102920721,1.0,-0.0030101789353743635,-0.0030101789353743635
2019-03-20 13:30:00,252.9783172607422,1,0.5309039343133015,1.0,0.01129458278020512,0.01129458278020512
2019-03-21 13:30:00,255.83560180664062,0,0.47010349797049594,1.0,-0.019246182344471174,-0.019246182344471174
2019-03-22 13:30:00,250.9117431640625,0,0.5513442040704732,1.0,-0.0007520181525481062,-0.0007520181525481062
2019-03-25 13:30:00,250.72305297851562,1,0.5709132545080552,1.0,0.007454209888319907,0.007454209888319907
2019-03-26 13:30:00,252.5919952392578,0,0.5186866042950581,1.0,-0.005229532745486876,-0.005229532745486876
2019-03-27 13:30:00,251.27105712890625,1,0.5899026076555145,1.0,0.0037909675538794207,0.0037909675538794207
2019-03-28 13:30:00,252.22361755371094,1,0.5644013007977166,1.0,0.00630524629959095,0.00630524629959095
2019-03-29 13:30:00,253.81394958496094,1,0.3984397572308056,0.0,0.011859058620528495,-0.0005
2019-04-01 13:30:00,256.8239440917969,1,0.5966847586411403,1.0,0.0004896854142546481,-1.0314585745351944e-05
2019-04-02 13:30:00,256.94970703125,1,0.5668789803659949,1.0,0.0015740413467038028,0.0015740413467038028
2019-04-03 13:30:00,257.3541564941406,1,0.6737022018385439,1.0,0.002653272905512205,0.002653272905512205
2019-04-04 13:30:00,258.0369873046875,1,0.5833813309307584,1.0,0.00484036390661724,0.00484036390661724
2019-04-05 13:30:00,259.2859802246094,1,0.5212055926015057,1.0,0.0007625687609511544,0.0007625687609511544
2019-04-08 13:30:00,259.48370361328125,0,0.5771604835934094,1.0,-0.005125275763334325,-0.005125275763334325
2019-04-09 13:30:00,258.1537780761719,1,0.6921466690735677,1.0,0.0034108494874740547,0.0034108494874740547
2019-04-10 13:30:00,259.0343017578125,0,0.48034517948477357,1.0,-0.0002774493416380919,-0.0002774493416380919
2019-04-11 13:30:00,258.9624328613281,1,0.5802409724842884,1.0,0.006766339672679145,0.006766339672679145
2019-04-12 13:30:00,260.71466064453125,0,0.6090232503397974,1.0,-0.0006547975921615823,-0.0006547975921615823
2019-04-15 13:30:00,260.5439453125,1,0.4714931233609578,1.0,0.0006552266329831191,0.0006552266329831191
2019-04-16 13:30:00,260.71466064453125,0,0.43155056302416867,0.0,-0.0024471216413530783,-0.0005
2019-04-17 13:30:00,260.07666015625,1,0.4105015664395875,0.0,0.001969211676995819,0.0
2019-04-18 13:30:00,260.58880615234375,1,0.3401582014351977,0.0,0.0008616960304599353,0.0
2019-04-22 13:30:00,260.8133544921875,1,0.6619086475209071,1.0,0.008991927765034102,0.008491927765034102
2019-04-23 13:30:00,263.1585693359375,0,0.3870038572966857,0.0,-0.0022194828357984253,-0.0005
2019-04-24 13:30:00,262.5744934082031,0,0.3887714106231509,0.0,-0.0006157571773541815,0.0
2019-04-25 13:30:00,262.4128112792969,1,0.5581228645848859,1.0,0.004656378263660166,0.004156378263660165
2019-04-26 13:30:00,263.63470458984375,1,0.506379330590504,1.0,0.0015682766389983893,0.0015682766389983893
2019-04-29 13:30:00,264.04815673828125,1,0.5590133172899671,1.0,0.0005103827523915694,0.0005103827523915694
2019-04-30 13:30:00,264.18292236328125,0,0.5874339268465275,1.0,-0.00751668121023763,-0.00751668121023763
2019-05-01 13:30:00,262.1971435546875,0,0.722020055687754,1.0,-0.0021588337362814514,-0.0021588337362814514
2019-05-02 13:30:00,261.631103515625,1,0.5826071070884697,1.0,0.009787676096752573,0.009787676096752573
2019-05-03 13:30:00,264.1918640136719,0,0.5460246149731405,1.0,-0.0041153794039739955,-0.0041153794039739955
2019-05-06 13:30:00,263.1046142578125,0,0.46160486014979213,1.0,-0.016699236737555245,-0.016699236737555245
2019-05-07 13:30:00,258.7109680175781,0,0.6674545262667892,1.0,-0.001389334352194238,-0.001389334352194238
2019-05-08 13:30:00,258.3515319824219,0,0.5690142563286829,1.0,-0.0030257523834813504,-0.0030257523834813504
2019-05-09 13:30:00,257.56982421875,1,0.5063625715105787,1.0,0.00502307569814775,0.00502307569814775
2019-05-10 13:30:00,258.8636169433594,0,0.6009903306633038,1.0,-0.025129965506399565,-0.025129965506399565
2019-05-13 13:30:00,252.35838317871094,1,0.4723863645466461,1.0,0.009043411823242975,0.009043411823242975
2019-05-14 13:30:00,254.64056396484375,1,0.5877247574509982,1.0,0.005857578718854173,0.005857578718854173
2019-05-15 13:30:00,256.13214111328125,1,0.602645157326549,1.0,0.00926135758419755,0.00926135758419755
2019-05-16 13:30:00,258.5042724609375,0,0.5494291760073665,1.0,-0.006465015509992789,-0.006465015509992789
2019-05-17 13:30:00,256.8330383300781,0,0.5682298151843184,1.0,-0.006612360762152103,-0.006612360762152103
2019-05-20 13:30:00,255.134765625,1,0.43264850904673935,0.0,0.009015991854794958,-0.0005
2019-05-21 13:30:00,257.43505859375,0,0.4491029710573725,0.0,-0.0030718504553067794,0.0
2019-05-22 13:30:00,256.6442565917969,0,0.622878635308259,1.0,-0.01221848197305997,-0.01271848197305997
2019-05-23 13:30:00,253.50845336914062,1,0.5670327077690734,1.0,0.0022682170925241163,0.0022682170925241163
2019-05-24 13:30:00,254.08346557617188,0,0.5777291264981914,1.0,-0.009300239604401073,-0.009300239604401073
2019-05-28 13:30:00,251.72042846679688,0,0.6035568305585631,1.0,-0.006710958219043106,-0.006710958219043106
2019-05-29 13:30:00,250.03114318847656,1,0.643666506949229,1.0,0.0027312271463253435,0.0027312271463253435
2019-05-30 13:30:00,250.7140350341797,0,0.538177752393801,1.0,-0.013475123997347627,-0.013475123997347627
2019-05-31 13:30:00,247.33563232421875,0,0.5986746468140725,1.0,-0.0025431558551131106,-0.0025431558551131106
2019-06-03 13:30:00,246.7066192626953,1,0.5629406305694648,1.0,0.02170716342887391,0.02170716342887391
2019-06-04 13:30:00,252.06192016601562,1,0.6191777335037625,1.0,0.008661775771484415,0.008661775771484415
2019-06-05 13:30:00,254.24522399902344,1,0.6642065224385371,1.0,0.006502676864990731,0.006502676864990731
2019-06-06 13:30:00,255.89849853515625,1,0.6707870157549196,1.0,0.010006819090878416,0.010006819090878416
2019-06-07 13:30:00,258.459228515625,1,0.7301961078119871,1.0,0.004589221734493609,0.004589221734493609
2019-06-10 13:30:00,259.6453552246094,0,0.6904329510680088,1.0,-0.00024200584410616344,-0.00024200584410616344
2019-06-11 13:30:00,259.58251953125,0,0.7334287548404805,1.0,-0.0017653421114507406,-0.0017653421114507406
2019-06-12 13:30:00,259.124267578125,1,0.6513486031494473,1.0,0.004126023556280334,0.004126023556280334
2019-06-13 13:30:00,260.19342041015625,0,0.5883005065049054,1.0,-0.0011050879789369361,-0.0011050879789369361
2019-06-14 13:30:00,259.9058837890625,1,0.4687631156667942,1.0,0.0003804336850075085,0.0003804336850075085
2019-06-17 13:30:00,260.0047607421875,1,0.4870745113240694,1.0,0.010470858828738105,0.010470858828738105
2019-06-18 13:30:00,262.72723388671875,1,0.7188648996215863,1.0,0.0022572768225421758,0.0022572768225421758
2019-06-19 13:30:00,263.3202819824219,1,0.6117001659303635,1.0,0.009554291086528721,0.009554291086528721
2019-06-20 13:30:00,265.83612060546875,0,0.3837906221656116,0.0,-0.0014533485448949834,-0.0005
2019-06-21 13:30:00,265.44976806640625,0,0.3664484352396597,0.0,-0.0012244980546679551,0.0
2019-06-24 13:30:00,265.1247253417969,0,0.37938154744497,0.0,-0.009808109413789068,0.0
2019-06-25 13:30:00,262.52435302734375,0,0.5374989576720259,0.0,-0.000997280060745842,0.0
2019-06-26 13:30:00,262.2625427246094,1,0.5737193132188545,1.0,0.0035460369830921934,0.0030460369830921934
2019-06-27 13:30:00,263.1925354003906,1,0.562455388266983,1.0,0.0051453493057342925,0.0051453493057342925
2019-06-28 13:30:00,264.5467529296875,1,0.5949108173452227,1.0,0.009078788113698666,0.009078788113698666
2019-07-01 13:30:00,266.9485168457031,1,0.5650260178596946,1.0,0.0026042116206599353,0.0026042116206599353
2019-07-02 13:30:00,267.6437072753906,1,0.5576316792823699,1.0,0.007995303158475409,0.007995303158475409
2019-07-03 13:30:00,269.7835998535156,0,0.6033872120291107,1.0,-0.0011380875400963664,-0.0011380875400963664
2019-07-05 13:30:00,269.4765625,0,0.6476788052743401,1.0,-0.005494547806801364,-0.005494547806801364
2019-07-08 13:30:00,267.99591064453125,1,0.45851249756884677,1.0,0.0012464571170240912,0.0012464571170240912
2019-07-09 13:30:00,268.3299560546875,1,0.5985956618345117,1.0,0.00477808930109247,0.00477808930109247
2019-07-10 13:30:00,269.612060546875,1,0.6294938013273582,1.0,0.00234417941722187,0.00234417941722187
2019-07-11 13:30:00,270.24407958984375,1,0.412395116377497,0.0,0.004477176416809003,-0.0005
2019-07-12 13:30:00,271.4540100097656,1,0.3812667421961683,0.0,0.00033220891950036524,0.0
2019-07-15 13:30:00,271.544189453125,0,0.4954293672764836,0.0,-0.003225233649061132,0.0
2019-07-16 13:30:00,270.66839599609375,0,0.3997490189643429,0.0,-0.006804399283728446,0.0
2019-07-17 13:30:00,268.82666015625,1,0.5824895431620246,1.0,0.003660270417050304,0.003160270417050304
2019-07-18 13:30:00,269.8106384277344,0,0.3812192399182677,0.0,-0.005554704108230224,-0.0005
2019-07-19 13:30:00,268.3119201660156,1,0.57713135246368,1.0,0.002456652576277696,0.001956652576277696
2019-07-22 13:30:00,268.9710693359375,1,0.30734323817514886,0.0,0.007149823614386985,-0.0005
2019-07-23 13:30:00,270.8941650390625,1,0.538385530296022,0.0,0.004699628013239199,0.0
2019-07-24 13:30:00,272.1672668457031,0,0.5373824084165384,0.0,-0.004777326636898116,0.0
2019-07-25 13:30:00,270.8670349121094,1,0.5685883466549781,1.0,0.006700150330602339,0.006200150330602339
2019-07-26 13:30:00,272.681884765625,0,0.5991206943691814,1.0,-0.001820991937541705,-0.001820991937541705
2019-07-29 13:30:00,272.1853332519531,0,0.49616132087669407,1.0,-0.002455104396035024,-0.002455104396035024
2019-07-30 13:30:00,271.51708984375,0,0.46573381756941445,1.0,-0.010940116029183544,-0.010940116029183544
2019-07-31 13:30:00,268.5466613769531,0,0.5733214547232821,1.0,-0.008708101162568815,-0.008708101162568815
2019-08-01 13:30:00,266.2081298828125,0,0.5507502929500311,1.0,-0.007529426438374953,-0.007529426438374953
2019-08-02 13:30:00,264.2037353515625,0,0.50697820628797,1.0,-0.030073134884864183,-0.030073134884864183
2019-08-05 13:30:00,256.25830078125,1,0.537606113381391,1.0,0.0140228641602691,0.0140228641602691
2019-08-06 13:30:00,259.8517761230469,1,0.4624806266066069,1.0,0.0005906170920992881,0.0005906170920992881
2019-08-07 13:30:00,260.0052490234375,1,0.4801395131378895,1.0,0.019620528619511246,0.019620528619511246
2019-08-08 13:30:00,265.106689453125,0,0.653796428341079,1.0,-0.006811775182640423,-0.006811775182640423
2019-08-09 13:30:00,263.30084228515625,0,0.6854334320996389,1.0,-0.012173380087396102,-0.012173380087396102
2019-08-12 13:30:00,260.0955810546875,1,0.43169981849317657,0.0,0.015551674728951026,-0.0005
2019-08-13 13:30:00,264.1405029296875,0,0.5247061302470057,0.0,-0.02956724137054556,0.0
2019-08-14 13:30:00,256.3305969238281,1,0.3744580903578334,0.0,0.0026413662528257387,0.0
2019-08-15 13:30:00,257.0076599121094,1,0.6996476982172318,1.0,0.01475522485144487,0.01425522485144487
2019-08-16 13:30:00,260.79986572265625,1,0.5433513057153226,1.0,0.012048130738869789,0.012048130738869789
2019-08-19 13:30:00,263.9420166015625,0,0.537322380245516,1.0,-0.007662982324128098,-0.007662982324128098
2019-08-20 13:30:00,261.91943359375,1,0.574080179265758,1.0,0.008135319745493641,0.008135319745493641
2019-08-21 13:30:00,264.05023193359375,0,0.638057886445242,1.0,-0.00030766037345952846,-0.00030766037345952846
2019-08-22 13:30:00,263.968994140625,0,0.6377804074582127,1.0,-0.02568748919042152,-0.02568748919042152
2019-08-23 13:30:00,257.18829345703125,1,0.5288054914256789,1.0,0.011058260613469262,0.011058260613469262
2019-08-26 13:30:00,260.0323486328125,0,0.552972941700583,1.0,-0.003923368158164631,-0.003923368158164631
2019-08-27 13:30:00,259.01214599609375,1,0.6241929976861105,1.0,0.007041689298493914,0.007041689298493914
2019-08-28 13:30:00,260.8360290527344,1,0.6102689143951089,1.0,0.012772439694281434,0.012772439694281434
2019-08-29 13:30:00,264.16754150390625,0,0.573694055175924,1.0,-0.0004440726125725103,-0.0004440726125725103
2019-08-30 13:30:00,264.05023193359375,0,0.568390015729677,1.0,-0.005847280719171732,-0.005847280719171732
2019-09-03 13:30:00,262.5062561035156,1,0.5811621401469272,1.0,0.01135075719572809,0.01135075719572809
2019-09-04 13:30:00,265.48590087890625,1,0.5292221740289024,1.0,0.01285519232153054,0.01285519232153054
2019-09-05 13:30:00,268.8987731933594,1,0.5022458829562131,1.0,0.0007720789556562302,0.0007720789556562302
2019-09-06 13:30:00,269.10638427734375,1,0.7164975393229753,1.0,0.0005033976791768424,0.0005033976791768424
2019-09-09 13:30:00,269.2418518066406,0,0.5833065381479454,1.0,-0.00023451357475423595,-0.00023451357475423595
2019-09-10 13:30:00,269.1787109375,1,0.6056701507250478,1.0,0.007110636557236205,0.007110636557236205
2019-09-11 13:30:00,271.0927429199219,1,0.6158475516594367,1.0,0.003464079871514203,0.003464079871514203
2019-09-12 13:30:00,272.0318298339844,0,0.7392173230559548,1.0,-0.0006636796594636785,-0.0006636796594636785
2019-09-13 13:30:00,271.8512878417969,0,0.67219221246779,1.0,-0.003089013128951268,-0.003089013128951268
2019-09-16 13:30:00,271.01153564453125,1,0.6318502953095079,1.0,0.002532062925243217,0.002532062925243217
2019-09-17 13:30:00,271.69775390625,1,0.5662739986040246,1.0,0.0005983381766490048,0.0005983381766490048
2019-09-18 13:30:00,271.8603210449219,0,0.638700053643676,1.0,-6.690375591622555e-05,-6.690375591622555e-05
2019-09-19 13:30:00,271.8421325683594,0,0.5994362248006736,1.0,-0.004724664204308948,-0.004724664204308948
2019-09-20 13:30:00,270.5577697753906,0,0.7190771314942346,1.0,-0.00023483930145118403,-0.00023483930145118403
2019-09-23 13:30:00,270.4942321777344,0,0.6662768026420898,1.0,-0.007846513052606974,-0.007846513052606974
2019-09-24 13:30:00,268.3717956542969,1,0.7077183462666713,1.0,0.005914596156223251,0.005914596156223251
2019-09-25 13:30:00,269.9591064453125,0,0.6823060872557756,1.0,-0.0020833097822523516,-0.0020833097822523516
2019-09-26 13:30:00,269.3966979980469,0,0.7410703722247011,1.0,-0.005387086918730133,-0.005387086918730133
2019-09-27 13:30:00,267.9454345703125,1,0.49505136440631536,1.0,0.004637908090581844,0.004637908090581844
2019-09-30 13:30:00,269.1881408691406,0,0.5866506439586134,1.0,-0.011894670718170741,-0.011894670718170741
2019-10-01 13:30:00,265.9862365722656,0,0.6117054833115634,1.0,-0.017664970099830923,-0.017664970099830923
2019-10-02 13:30:00,261.28759765625,1,0.6338314442556124,1.0,0.008192834464238574,0.008192834464238574
2019-10-03 13:30:00,263.42828369140625,1,0.668396691056435,1.0,0.013531945832365055,0.013531945832365055
2019-10-04 13:30:00,266.99298095703125,0,0.4820493676270837,1.0,-0.004314407441638468,-0.004314407441638468
2019-10-07 13:30:00,265.841064453125,0,0.6382341667165442,1.0,-0.01552482585396986,-0.01552482585396986
2019-10-08 13:30:00,261.71392822265625,1,0.49338903507762977,1.0,0.009496443614516181,0.009496443614516181
2019-10-09 13:30:00,264.19927978515625,1,0.5455689652009056,1.0,0.0067636701680735545,0.0067636701680735545
2019-10-10 13:30:00,265.9862365722656,1,0.5321032898215219,1.0,0.010366531636605947,0.010366531636605947
2019-10-11 13:30:00,268.74359130859375,0,0.596403358035316,1.0,-0.0011135349112385562,-0.0011135349112385562
2019-10-14 13:30:00,268.4443359375,1,0.6169422613011394,1.0,0.009900204447645722,0.009900204447645722
2019-10-15 13:30:00,271.10198974609375,0,0.6422748129908529,1.0,-0.0016060165678501992,-0.0016060165678501992
2019-10-16 13:30:00,270.6665954589844,1,0.5185931364196923,1.0,0.002949644968099241,0.002949644968099241
2019-10-17 13:30:00,271.4649658203125,0,0.6771024947678088,1.0,-0.004378010838005042,-0.004378010838005042
2019-10-18 13:30:00,270.2764892578125,1,0.5748697939471853,1.0,0.006779488777632459,0.006779488777632459
2019-10-21 13:30:00,272.10882568359375,0,0.5714597495059808,1.0,-0.0032666544196565672,-0.0032666544196565672
2019-10-22 13:30:00,271.2199401855469,1,0.5453514771806379,1.0,0.0029093085835067978,0.0029093085835067978
2019-10-23 13:30:00,272.0090026855469,1,0.6282304460819663,1.0,0.0016344314847511754,0.0016344314847511754
2019-10-24 13:30:00,272.4535827636719,1,0.6431520026383523,1.0,0.00409464457989972,0.00409464457989972
2019-10-25 13:30:00,273.5691833496094,1,0.6208360972871392,1.0,0.0056367943339785676,0.0056367943339785676
2019-10-28 13:30:00,275.1112365722656,0,0.6010567471286605,1.0,-0.0002968437061313667,-0.0002968437061313667
2019-10-29 13:30:00,275.0295715332031,1,0.616498925405763,1.0,0.003067408079009626,0.003067408079009626
2019-10-30 13:30:00,275.8731994628906,0,0.5624512874489063,1.0,-0.0026633294294915455,-0.0026633294294915455
2019-10-31 13:30:00,275.1384582519531,1,0.4139567379145985,0.0,0.00926391264518922,-0.0005
2019-11-01 13:30:00,277.68731689453125,1,0.5199938845099188,0.0,0.004017800132714022,0.0
2019-11-04 14:30:00,278.8030090332031,0,0.6123244045223385,1.0,-0.001106195537848409,-0.001606195537848409
2019-11-05 14:30:00,278.4945983886719,1,0.5337794345724257,1.0,0.00022781786536962834,0.00022781786536962834
2019-11-06 14:30:00,278.55804443359375,1,0.4890631097721812,1.0,0.0035168425215741372,0.0035168425215741372
2019-11-07 14:30:00,279.5376892089844,1,0.5344504460366015,1.0,0.0024661865517832116,0.0024661865517832116
2019-11-08 14:30:00,280.2270812988281,0,0.6288546313243719,1.0,-0.0019100502358785354,-0.0019100502358785354
2019-11-11 14:30:00,279.69183349609375,1,0.6486503272234047,1.0,0.002108251203335465,0.002108251203335465
2019-11-12 14:30:00,280.281494140625,1,0.48927308911847467,1.0,0.0003238147335486996,0.0003238147335486996
2019-11-13 14:30:00,280.37225341796875,1,0.5819446569346706,1.0,0.0014556061353803162,0.0014556061353803162
2019-11-14 14:30:00,280.7803649902344,1,0.5449313383493282,1.0,0.007236475925348929,0.007236475925348929
2019-11-15 14:30:00,282.8122253417969,1,0.555980931269343,1.0,0.0007373323804376053,0.0007373323804376053
2019-11-18 14:30:00,283.020751953125,0,0.6260081937821733,1.0,-0.0002885478838527966,-0.0002885478838527966
2019-11-19 14:30:00,282.9390869140625,0,0.5748731666915008,1.0,-0.0037183373981862777,-0.0037183373981862777
2019-11-20 14:30:00,281.88702392578125,0,0.5699825043927512,1.0,-0.001608985897176951,-0.001608985897176951
2019-11-21 14:30:00,281.4334716796875,1,0.595418998270013,1.0,0.0022237012920824917,0.0022237012920824917
2019-11-22 14:30:00,282.0592956542969,1,0.5067348033510499,1.0,0.007750051690453619,0.007750051690453619
2019-11-25 14:30:00,284.2452697753906,1,0.5618556762458093,1.0,0.002265800128385287,0.002265800128385287
2019-11-26 14:30:00,284.8893127441406,1,0.557453173319306,1.0,0.004457511756778221,0.004457511756778221
2019-11-27 14:30:00,286.1592102050781,0,0.5641252608841187,1.0,-0.003708382279151934,-0.003708382279151934
2019-11-29 14:30:00,285.0980224609375,0,0.46093330589671416,1.0,-0.008495099384591809,-0.008495099384591809
2019-12-02 14:30:00,282.67608642578125,0,0.5676150875925686,1.0,-0.006706338196190487,-0.006706338196190487
2019-12-03 14:30:00,280.7803649902344,1,0.6083732890245165,1.0,0.006170133700903024,0.006170133700903024
2019-12-04 14:30:00,282.5128173828125,1,0.49871087720603585,1.0,0.0017979169052151356,0.0017979169052151356
2019-12-05 14:30:00,283.020751953125,1,0.49646160040156173,1.0,0.009134330469707574,0.009134330469707574
2019-12-06 14:30:00,285.60595703125,0,0.5141733862398524,1.0,-0.00314433487599175,-0.00314433487599175
2019-12-09 14:30:00,284.7079162597656,0,0.5034426675950147,1.0,-0.0011149807558095137,-0.0011149807558095137
2019-12-10 14:30:00,284.3904724121094,1,0.32739197384363916,0.0,0.0028386376213433984,-0.0005
2019-12-11 14:30:00,285.19775390625,1,0.48288141367309395,0.0,0.008618822602874499,0.0
2019-12-12 14:30:00,287.65582275390625,1,0.5809160996180164,1.0,0.000599517966761054,9.951796676105394e-05
2019-12-13 14:30:00,287.8282775878906,1,0.6014638744712051,1.0,0.006869809512893843,0.006869809512893843
2019-12-16 14:30:00,289.80560302734375,1,0.5630208126694298,1.0,0.00021924212987101122,0.00021924212987101122
2019-12-17 14:30:00,289.869140625,1,0.5171300711020236,1.0,6.243135709138592e-05,6.243135709138592e-05
2019-12-18 14:30:00,289.8872375488281,1,0.46571794401979844,1.0,0.00409894699719171,0.00409894699719171
2019-12-19 14:30:00,291.0754699707031,1,0.36489210070338346,0.0,0.00438448007912795,-0.0005
2019-12-20 14:30:00,292.3516845703125,1,0.4882670823737355,0.0,0.0015272793320932898,0.0
2019-12-23 14:30:00,292.7981872558594,1,0.3921333500371176,0.0,3.1372431303910986e-05,0.0
2019-12-24 14:30:00,292.807373046875,1,0.3660839094744456,0.0,0.0053231404965568,0.0
2019-12-26 14:30:00,294.36602783203125,0,0.3297181364107543,0.0,-0.0002475692494110504,0.0
2019-12-27 14:30:00,294.29315185546875,0,0.675817710771154,1.0,-0.005513201881743313,-0.006013201881743313
2019-12-30 14:30:00,292.670654296875,1,0.41303978066213426,0.0,0.0024291383149019907,-0.0005
2019-12-31 14:30:00,293.381591796875,1,0.6274310202797467,1.0,0.009351925744638168,0.008851925744638167
2020-01-02 14:30:00,296.1252746582031,0,0.4716535782778439,1.0,-0.0075721654387679305,-0.0075721654387679305
2020-01-03 14:30:00,293.8829650878906,1,0.590989025610395,1.0,0.0038149703056826745,0.0038149703056826745
2020-01-06 14:30:00,295.0041198730469,0,0.5727939031294907,1.0,-0.002811922792640087,-0.002811922792640087
2020-01-07 14:30:00,294.1745910644531,1,0.6200996757952939,1.0,0.0053297298317871444,0.0053297298317871444
2020-01-08 14:30:00,295.7424621582031,1,0.5473944925182765,1.0,0.006780595670840883,0.006780595670840883
2020-01-09 14:30:00,297.7477722167969,0,0.5979287904384336,1.0,-0.002877847085854368,-0.002877847085854368
2020-01-10 14:30:00,296.8908996582031,1,0.529767424305036,1.0,0.0068774071618902255,0.0068774071618902255
2020-01-13 14:30:00,298.9327392578125,0,0.5585132726335595,1.0,-0.0015244867299315512,-0.0015244867299315512
2020-01-14 14:30:00,298.4770202636719,1,0.631282445337907,1.0,0.0022599060681489647,0.0022599060681489647
2020-01-15 14:30:00,299.15155029296875,1,0.5440668190794782,1.0,0.008318407018221174,0.008318407018221174
2020-01-16 14:30:00,301.6400146484375,1,0.48526375380855596,1.0,0.0031124609728312436,0.0031124609728312436
2020-01-17 14:30:00,302.578857421875,0,0.36273544256313067,0.0,-0.001958364901969767,-0.0005
2020-01-21 14:30:00,301.9862976074219,1,0.47579357477280865,0.0,0.00012086317732507013,0.0
2020-01-22 14:30:00,302.0227966308594,1,0.36906548748062834,0.0,0.001146848898767372,0.0
2020-01-23 14:30:00,302.3691711425781,0,0.38841110350596564,0.0,-0.008893087053706838,0.0
2020-01-24 14:30:00,299.68017578125,0,0.6761815701638584,1.0,-0.016029458488460158,-0.016529458488460158
2020-01-27 14:30:00,294.87646484375,1,0.6985484731305469,1.0,0.010479159042700248,0.010479159042700248
2020-01-28 14:30:00,297.9665222167969,0,0.4392791785485538,0.0,-0.0008257058981435694,-0.0005
2020-01-29 14:30:00,297.7204895019531,1,0.5054890556696988,0.0,0.003245383086101894,0.0
2020-01-30 14:30:00,298.68670654296875,0,0.6149562861683764,1.0,-0.01815861387016693,-0.01865861387016693
2020-01-31 14:30:00,293.2629699707031,1,0.5087619295553447,1.0,0.007429101669875093,0.007429101669875093
2020-02-03 14:30:00,295.441650390625,1,0.5264027893197386,1.0,0.015241247007550474,0.015241247007550474
2020-02-04 14:30:00,299.9445495605469,1,0.3323745506367024,0.0,0.011547748032447736,-0.0005
2020-02-05 14:30:00,303.4082336425781,1,0.6327203406894079,1.0,0.00336498968374932,0.00286498968374932
2020-02-06 14:30:00,304.42919921875,0,0.6156853133802035,1.0,-0.005329538182208937,-0.005329538182208937
2020-02-07 14:30:00,302.8067321777344,1,0.53200374350388,1.0,0.007465352787151325,0.007465352787151325
2020-02-10 14:30:00,305.0672912597656,1,0.6089479309482128,1.0,0.0017331161227815972,0.0017331161227815972
2020-02-11 14:30:00,305.59600830078125,1,0.6908718940085872,1.0,0.00644262850055477,0.00644262850055477
2020-02-12 14:30:00,307.5648498535156,0,0.6251883066830699,1.0,-0.0010667489557995014,-0.0010667489557995014
2020-02-13 14:30:00,307.23675537109375,1,0.6531431030058937,1.0,0.0016019811802969741,0.0016019811802969741
2020-02-14 14:30:00,307.72894287109375,0,0.4673915936756988,1.0,-0.0025769407978966097,-0.0025769407978966097
2020-02-18 14:30:00,306.9359436035156,1,0.626163987895971,1.0,0.0047809250585397756,0.0047809250585397756
2020-02-19 14:30:00,308.40338134765625,0,0.6574298230649845,1.0,-0.004108052416037511,-0.004108052416037511
2020-02-20 14:30:00,307.1364440917969,0,0.4389467610498944,0.0,-0.01029833627890886,-0.0005
2020-02-21 14:30:00,303.97344970703125,0,0.5993387941967888,1.0,-0.03316526450911306,-0.03366526450911306
2020-02-24 14:30:00,293.89208984375,0,0.5582560622459114,1.0,-0.030302102041731782,-0.030302102041731782
2020-02-25 14:30:00,284.9865417480469,0,0.4927754084771635,1.0,-0.0036782378725180864,-0.0036782378725180864
2020-02-26 14:30:00,283.93829345703125,0,0.6130643012138473,1.0,-0.044911646383472226,-0.044911646383472226
2020-02-27 14:30:00,271.1861572265625,0,0.5003540335589336,1.0,-0.004201670269995295,-0.004201670269995295
2020-02-28 14:30:00,270.0467224121094,1,0.5647943659114302,1.0,0.04330678273695532,0.04330678273695532
2020-03-02 14:30:00,281.7415771484375,0,0.6999723506050453,1.0,-0.028632680640217845,-0.028632680640217845
2020-03-03 14:30:00,273.674560546875,1,0.7280333300861487,1.0,0.04203320157256529,0.04203320157256529
2020-03-04 14:30:00,285.177978515625,0,0.4090872345867829,0.0,-0.03324168791932802,-0.0005
2020-03-05 14:30:00,275.69818115234375,0,0.683219775724098,1.0,-0.016531294062327118,-0.017031294062327118
2020-03-06 14:30:00,271.1405334472656,0,0.7321628222236253,1.0,-0.0780946371714265,-0.0780946371714265
2020-03-09 13:30:00,249.96591186523438,1,0.7208173989184716,1.0,0.05174509268414651,0.05174509268414651
2020-03-10 13:30:00,262.9004211425781,0,0.6540115593857454,1.0,-0.04874858976860652,-0.04874858976860652
2020-03-11 13:30:00,250.0843963623047,0,0.7208173989184716,1.0,-0.0956769903910002,-0.0956769903910002
2020-03-12 13:30:00,226.15707397460938,1,0.7208173989184716,1.0,0.08548615079651567,0.08548615079651567
2020-03-13 13:30:00,245.49037170410156,0,0.610015947153804,1.0,-0.10942348293562276,-0.10942348293562276
2020-03-16 13:30:00,218.62796020507812,1,0.5901291779667838,1.0,0.05399182663430668,0.05399182663430668
2020-03-17 13:30:00,230.4320831298828,0,0.510245266043111,1.0,-0.05063279069094484,-0.05063279069094484
2020-03-18 13:30:00,218.76466369628906,1,0.5481717711116246,1.0,0.0021247180626353668,0.0021247180626353668
2020-03-19 13:30:00,219.22947692871094,0,0.4779298913033839,1.0,-0.04309401901788512,-0.04309401901788512
2020-03-20 13:30:00,209.78199768066406,0,0.5366602657795255,1.0,-0.025568156815041432,-0.025568156815041432
2020-03-23 13:30:00,204.4182586669922,1,0.6312926486634169,1.0,0.09060328415351337,0.09060328415351337
2020-03-24 13:30:00,222.93922424316406,1,0.5063918563274636,1.0,0.01497014656195228,0.01497014656195228
2020-03-25 13:30:00,226.2766571044922,1,0.4776700205191006,1.0,0.05838973699778949,0.05838973699778949
2020-03-26 13:30:00,239.4888916015625,0,0.4387227887663326,0.0,-0.02978551837434562,-0.0005
2020-03-27 13:30:00,232.3555908203125,1,0.5919863183098201,1.0,0.03247558258473915,0.03197558258473915
2020-03-30 13:30:00,239.90147399902344,0,0.4510325501866274,1.0,-0.014905309269075406,-0.014905309269075406
2020-03-31 13:30:00,236.32566833496094,0,0.6333875848206824,1.0,-0.04500498746145287,-0.04500498746145287
2020-04-01 13:30:00,225.68983459472656,1,0.4801792845141795,1.0,0.023075276004172585,0.023075276004172585
2020-04-02 13:30:00,230.89768981933594,0,0.4425382196242738,0.0,-0.014453964816937948,-0.0005
2020-04-03 13:30:00,227.560302734375,1,0.5133651725615123,0.0,0.06716594051842795,0.0
2020-04-06 13:30:00,242.8446044921875,1,0.43969917634135164,0.0,0.0010196628804006735,0.0
2020-04-07 13:30:00,243.09222412109375,1,0.4903072769634471,0.0,0.033568589415095884,0.0
2020-04-08 13:30:00,251.2524871826172,1,0.38080296913278433,0.0,0.015217098079731484,0.0
2020-04-09 13:30:00,255.07582092285156,0,0.33990534683602563,0.0,-0.009130059499364962,0.0
2020-04-13 13:30:00,252.74696350097656,1,0.3056633708755805,0.0,0.02949289197522953,0.0
2020-04-14 13:30:00,260.2012023925781,0,0.2964560286284023,0.0,-0.02124820539994443,0.0
2020-04-15 13:30:00,254.67239379882812,1,0.33160091421850907,0.0,0.0048244449890084695,0.0
2020-04-16 13:30:00,255.9010467529297,1,0.3870503115707058,0.0,0.02701533999919259,0.0
2020-04-17 13:30:00,262.8143005371094,0,0.4031017916781021,0.0,-0.017617717067977656,0.0
2020-04-20 13:30:00,258.1841125488281,0,0.45565012217577117,0.0,-0.0303633718301638,0.0
2020-04-21 13:30:00,250.3447723388672,1,0.5050752223571889,0.0,0.022194489472068923,0.0
2020-04-22 13:30:00,255.9010467529297,0,0.5450086570873955,0.0,-7.179174241123132e-05,0.0
2020-04-23 13:30:00,255.88267517089844,1,0.6428699666109536,1.0,0.01393855652577436,0.013438556525774359
2020-04-24 13:30:00,259.4493103027344,1,0.570050813756418,1.0,0.014418755921655091,0.014418755921655091
2020-04-27 13:30:00,263.19024658203125,0,0.5125445528139434,1.0,-0.004598445911269899,-0.004598445911269899
2020-04-28 13:30:00,261.97998046875,1,0.5074953132497708,1.0,0.02617827821111396,0.02617827821111396
2020-04-29 13:30:00,268.8381652832031,0,0.1160432191015636,0.0,-0.009310513027782408,-0.0005
2020-04-30 13:30:00,266.33514404296875,0,0.2678128300544302,0.0,-0.026473341606252587,0.0
2020-05-01 13:30:00,259.28436279296875,1,0.4330903369566364,0.0,0.002757929105026591,0.0
2020-05-04 13:30:00,259.99945068359375,1,0.45842307890555506,0.0,0.009239568424193267,0.0
2020-05-05 13:30:00,262.4017333984375,0,0.44449238521780143,0.0,-0.006778951383865306,0.0
2020-05-06 13:30:00,260.6229248046875,1,0.7953327600046051,1.0,0.012067083118074029,0.011567083118074029
2020-05-07 13:30:00,263.76788330078125,1,0.6343467494827361,1.0,0.016545942877743913,0.016545942877743913
2020-05-08 13:30:00,268.1321716308594,1,0.3282340565407546,0.0,0.00020520921836686412,-0.0005
2020-05-11 13:30:00,268.18719482421875,0,0.4766476277402041,0.0,-0.019931365170384296,0.0
2020-05-12 13:30:00,262.84185791015625,0,0.39985429693348096,0.0,-0.017686114228563476,0.0
2020-05-13 13:30:00,258.1932067871094,1,0.5037956949260572,0.0,0.011967294980482768,0.0
2020-05-14 13:30:00,261.2830810546875,1,0.6554585381922821,1.0,0.004596737759825054,0.004096737759825053
2020-05-15 13:30:00,262.484130859375,1,0.5995232455906679,1.0,0.03045989573402408,0.03045989573402408
2020-05-18 13:30:00,270.4793701171875,0,0.37307041449433376,0.0,-0.010271161182561217,-0.0005
2020-05-19 13:30:00,267.70123291015625,1,0.6157237405648536,1.0,0.016988078249582816,0.016488078249582816
2020-05-20 13:30:00,272.24896240234375,0,0.2238830792214109,0.0,-0.00690389274630554,-0.0005
2020-05-21 13:30:00,270.369384765625,1,0.5043151553037052,0.0,0.001898760466773064,0.0
2020-05-22 13:30:00,270.88275146484375,1,0.5715383121001143,1.0,0.0123208062471174,0.0118208062471174
2020-05-26 13:30:00,274.2202453613281,1,0.45497181294353783,1.0,0.014878613664967233,0.014878613664967233
2020-05-27 13:30:00,278.3002624511719,0,0.09906707573627273,0.0,-0.0018446504315058343,-0.0005
2020-05-28 13:30:00,277.7868957519531,1,0.19523312897299705,0.0,0.004455798563936408,0.0
2020-05-29 13:30:00,279.024658203125,1,0.17495799994448027,0.0,0.004042073349462161,0.0
2020-06-01 13:30:00,280.1524963378906,1,0.15572417346414222,0.0,0.008280031986799274,0.0
2020-06-02 13:30:00,282.47216796875,1,0.19760952214448022,0.0,0.013308379558965022,0.0
2020-06-03 13:30:00,286.2314147949219,0,0.11744104242194234,0.0,-0.002626547954731051,0.0
2020-06-04 13:30:00,285.4796142578125,1,0.20948990601521084,0.0,0.025629113218785804,0.0
2020-06-05 13:30:00,292.79620361328125,1,0.1076121010629562,0.0,0.012087744177664561,0.0
2020-06-08 13:30:00,296.33544921875,0,0.1414347038720698,0.0,-0.007456808838431694,0.0
2020-06-09 13:30:00,294.125732421875,0,0.1336481033615627,0.0,-0.005580046798518201,0.0
2020-06-10 13:30:00,292.4844970703125,0,0.21361244866261206,0.0,-0.05764872604008375,0.0
2020-06-11 13:30:00,275.6231384277344,1,0.6432839741249943,1.0,0.011975483022479194,0.011475483022479194
2020-06-12 13:30:00,278.9238586425781,1,0.6174766753878045,1.0,0.009335566939981055,0.009335566939981055
2020-06-15 13:30:00,281.52777099609375,1,0.6078926257186268,1.0,0.01924791725880115,0.01924791725880115
2020-06-16 13:30:00,286.94659423828125,0,0.48535279510519236,1.0,-0.004153928258219586,-0.004153928258219586
2020-06-17 13:30:00,285.754638671875,1,0.5456758105177512,1.0,0.00038510796265711633,0.00038510796265711633
2020-06-18 13:30:00,285.86468505859375,0,0.4547512231089869,1.0,-0.005715039711914338,-0.005715039711914338
2020-06-19 13:30:00,284.23095703125,1,0.5455453029490398,1.0,0.0064150797536526305,0.0064150797536526305
2020-06-22 13:30:00,286.0543212890625,1,0.47809826279464873,1.0,0.004603865309468436,0.004603865309468436
2020-06-23 13:30:00,287.37127685546875,0,0.49020871854785014,1.0,-0.02550872492800471,-0.02550872492800471
2020-06-24 13:30:00,280.0408020019531,1,0.5565538145252312,1.0,0.010720461899069722,0.010720461899069722
2020-06-25 13:30:00,283.04296875,0,0.4777863848901635,1.0,-0.023751470659269414,-0.023751470659269414
2020-06-26 13:30:00,276.3202819824219,1,0.5989570273030292,1.0,0.014697503319633709,0.014697503319633709
2020-06-29 13:30:00,280.3815002441406,1,0.4633255014880993,1.0,0.012809412224663808,0.012809412224663808
2020-06-30 13:30:00,283.9730224609375,1,0.4870450828019578,1.0,0.0070049868740453825,0.0070049868740453825
2020-07-01 13:30:00,285.9622497558594,1,0.6792274113734843,1.0,0.0055071223663507585,0.0055071223663507585
2020-07-02 13:30:00,287.5370788574219,1,0.5304544056705445,1.0,0.015436931484401173,0.015436931484401173
2020-07-06 13:30:00,291.97576904296875,0,0.4911472866565234,1.0,-0.010313602499806063,-0.010313602499806063
2020-07-07 13:30:00,288.9644470214844,1,0.6744985051847867,1.0,0.0076488149960496354,0.0076488149960496354
2020-07-08 13:30:00,291.1746826171875,0,0.754279598490076,1.0,-0.005693092240273034,-0.005693092240273034
2020-07-09 13:30:00,289.5169982910156,1,0.6671802909961368,1.0,0.010210613738343977,0.010210613738343977
2020-07-10 13:30:00,292.47314453125,0,0.5600708372654268,1.0,-0.008659127524061505,-0.008659127524061505
2020-07-13 13:30:00,289.9405822753906,1,0.47316277195822787,1.0,0.012958945551061918,0.012958945551061918
2020-07-14 13:30:00,293.6979064941406,1,0.38886783883018256,0.0,0.009187446286029965,-0.0005
2020-07-15 13:30:00,296.396240234375,0,0.5021165507420374,0.0,-0.00329355152511579,0.0
2020-07-16 13:30:00,295.4200439453125,1,0.7017466152089802,1.0,0.0028987666115307675,0.0023987666115307675
2020-07-17 13:30:00,296.2763977050781,1,0.6863069523372968,1.0,0.008081982739662763,0.008081982739662763
2020-07-20 13:30:00,298.6708984375,1,0.5768695208889433,1.0,0.0021275491353294207,0.0021275491353294207
2020-07-21 13:30:00,299.30633544921875,1,0.31910775175603506,0.0,0.005691973730763689,-0.0005
2020-07-22 13:30:00,301.0099792480469,0,0.4442928211469392,0.0,-0.011931774690411512,0.0
2020-07-23 13:30:00,297.41839599609375,0,0.4492591529878104,0.0,-0.006440206176892893,0.0
2020-07-24 13:30:00,295.5029602050781,1,0.614762385853903,1.0,0.007292440463693151,0.00679244046369315
2020-07-27 13:30:00,297.65789794921875,0,0.6798323759878967,1.0,-0.00634213598308897,-0.00634213598308897
2020-07-28 13:30:00,295.7701110839844,1,0.6410878608675943,1.0,0.012298444199449143,0.012298444199449143
2020-07-29 13:30:00,299.4076232910156,0,0.6591259266552382,1.0,-0.0035679379520250354,-0.0035679379520250354
2020-07-30 13:30:00,298.33935546875,1,0.6843456085147841,1.0,0.00790201784290967,0.00790201784290967
2020-07-31 13:30:00,300.69683837890625,1,0.58446477463838,1.0,0.006952336664287184,0.006952336664287184
2020-08-03 13:30:00,302.7873840332031,1,0.5844041798888036,1.0,0.0038629324683772115,0.0038629324683772115
2020-08-04 13:30:00,303.95703125,1,0.6557649176344283,1.0,0.006210703063755485,0.006210703063755485
2020-08-05 13:30:00,305.8448181152344,1,0.5765577083069747,1.0,0.00668444568971438,0.00668444568971438
2020-08-06 13:30:00,307.88922119140625,1,0.23426128510708044,0.0,0.0007179167153175126,-0.0005
2020-08-07 13:30:00,308.1102600097656,1,0.31835535776229607,0.0,0.0029889590663061405,0.0
2020-08-10 13:30:00,309.03118896484375,0,0.250748568884192,0.0,-0.008254616132551074,0.0
2020-08-11 13:30:00,306.4802551269531,1,0.40155765004278476,0.0,0.013942204048793538,0.0
2020-08-12 13:30:00,310.7532653808594,0,0.2259325635131922,0.0,-0.001807662615736061,0.0
2020-08-13 13:30:00,310.1915283203125,1,0.28885507324491067,0.0,2.941652181398524e-05,0.0
2020-08-14 13:30:00,310.2006530761719,1,0.37960827338652825,0.0,0.0031768909028393466,0.0
2020-08-17 13:30:00,311.1861267089844,1,0.37802755349741757,0.0,0.002160058299802925,0.0
2020-08-18 13:30:00,311.8583068847656,0,0.4346607030777875,0.0,-0.004163334221550463,0.0
2020-08-19 13:30:00,310.5599365234375,1,0.3773186958634619,0.0,0.0031134696771795145,0.0
2020-08-20 13:30:00,311.52685546875,1,0.32449605268913784,0.0,0.003547080988139717,0.0
2020-08-21 13:30:00,312.6318664550781,1,0.35110665959695203,0.0,0.010133614516764977,0.0
2020-08-24 13:30:00,315.7999572753906,1,0.410716211193453,0.0,0.0034989886581473506,0.0
2020-08-25 13:30:00,316.9049377441406,1,0.3905410166938583,0.0,0.0100258649056304,0.0
2020-08-26 13:30:00,320.0821838378906,1,0.3957727936088775,0.0,0.0021864044201751476,0.0
2020-08-27 13:30:00,320.7820129394531,1,0.43466862010177393,0.0,0.0064594722769644175,0.0
2020-08-28 13:30:00,322.8540954589844,0,0.24581885055149896,0.0,-0.003622551736256585,0.0
2020-08-31 13:30:00,321.6845397949219,1,0.4641622264326167,0.0,0.009418308144448773,0.0
2020-09-01 13:30:00,324.7142639160156,1,0.2936469413105518,0.0,0.014464245486261351,0.0
2020-09-02 13:30:00,329.4110107421875,0,0.08888430789387049,0.0,-0.034414413746718164,0.0
2020-09-03 13:30:00,318.07452392578125,0,0.3849558557888054,0.0,-0.008164609707343562,0.0
2020-09-04 13:30:00,315.4775695800781,0,0.5439480467902342,0.0,-0.027322961520256817,0.0
2020-09-08 13:30:00,306.8577880859375,1,0.41631489338266753,0.0,0.01974755935187611,0.0
2020-09-09 13:30:00,312.91748046875,0,0.5865972527505209,1.0,-0.017364009799408553,-0.017864009799408553
2020-09-10 13:30:00,307.4839782714844,1,0.5460126094541814,1.0,0.0005092483004793813,0.0005092483004793813
2020-09-11 13:30:00,307.64056396484375,1,0.43631531589823824,0.0,0.013171419711557553,-0.0005
2020-09-14 13:30:00,311.692626953125,1,0.6225452170805782,1.0,0.005052213022237906,0.004552213022237905
2020-09-15 13:30:00,313.2673645019531,0,0.68976110426526,1.0,-0.003968964880671444,-0.003968964880671444
2020-09-16 13:30:00,312.0240173339844,0,0.5381540358377375,1.0,-0.008794841126665287,-0.008794841126665287
2020-09-17 13:30:00,309.2798156738281,0,0.4165689165213455,0.0,-0.011512676376816966,-0.0005
2020-09-18 13:30:00,305.71917724609375,0,0.4576545632688533,0.0,-0.011129682487363013,0.0
2020-09-21 13:30:00,302.3166198730469,1,0.5824985786145468,1.0,0.010184517728143216,0.009684517728143216
2020-09-22 13:30:00,305.39556884765625,0,0.6390508513297833,1.0,-0.02319109777138506,-0.02319109777138506
2020-09-23 13:30:00,298.3131103515625,1,0.52837409242472,1.0,0.0026656439345424943,0.0026656439345424943
2020-09-24 13:30:00,299.1083068847656,1,0.6416275310883556,1.0,0.016166827242553694,0.016166827242553694
2020-09-25 13:30:00,303.9439392089844,1,0.612338053503528,1.0,0.01660924321021806,0.01660924321021806
2020-09-28 13:30:00,308.9922180175781,0,0.4797334225776464,1.0,-0.005446092797304791,-0.005446092797304791
2020-09-29 13:30:00,307.3094177246094,1,0.6739595631925733,1.0,0.0075821891247345174,0.0075821891247345174
2020-09-30 13:30:00,309.6394958496094,1,0.4792276650855034,1.0,0.006419799518384339,0.006419799518384339
2020-10-01 13:30:00,311.6273193359375,0,0.5809038189885439,1.0,-0.009494091116167724,-0.009494091116167724
2020-10-02 13:30:00,308.668701171875,1,0.5993697589517001,1.0,0.01773293590876257,0.01773293590876257
2020-10-05 13:30:00,314.1423034667969,0,0.555058673027887,1.0,-0.014216109382187314,-0.014216109382187314
2020-10-06 13:30:00,309.6764221191406,1,0.6207744546450998,1.0,0.01740678988481581,0.01740678988481581
2020-10-07 13:30:00,315.06689453125,1,0.4869074604867083,1.0,0.008862553990115485,0.008862553990115485
2020-10-08 13:30:00,317.85919189453125,1,0.5256487327496728,1.0,0.008930153874809,0.008930153874809
2020-10-09 13:30:00,320.6977233886719,1,0.4453212738805026,0.0,0.016087455035735942,-0.0005
2020-10-12 13:30:00,325.85693359375,0,0.1703710047302593,0.0,-0.006526230417094325,0.0
2020-10-13 13:30:00,323.7303161621094,0,0.5044576806929161,0.0,-0.006283374002344466,0.0
2020-10-14 13:30:00,321.6961975097656,0,0.6340598653446305,1.0,-0.001235706159206873,-0.001735706159206873
2020-10-15 13:30:00,321.2986755371094,0,0.6328830098573642,1.0,-0.0006043702149869379,-0.0006043702149869379
2020-10-16 13:30:00,321.1044921875,0,0.6805151188060676,1.0,-0.015203262664570172,-0.015203262664570172
2020-10-19 13:30:00,316.22265625,1,0.529408354741077,1.0,0.0040055070534754655,0.0040055070534754655
2020-10-20 13:30:00,317.4892883300781,0,0.41011501485476537,0.0,-0.0018924420451639223,-0.0005
2020-10-21 13:30:00,316.8884582519531,1,0.524059160968365,0.0,0.005484985700322964,0.0
2020-10-22 13:30:00,318.6265869140625,1,0.5976787203155073,1.0,0.0033950606641894865,0.0028950606641894865
2020-10-23 13:30:00,319.7083435058594,0,0.48072235318520007,1.0,-0.01847978699916375,-0.01847978699916375
2020-10-26 13:30:00,313.8002014160156,0,0.558609918189108,1.0,-0.0034475699494437295,-0.0034475699494437295
2020-10-27 13:30:00,312.7183532714844,0,0.5931723955813322,1.0,-0.03417875498126066,-0.03417875498126066
2020-10-28 13:30:00,302.030029296875,1,0.416421756386102,0.0,0.010163667080263394,-0.0005
2020-10-29 13:30:00,305.0997619628906,0,0.46011434892198416,0.0,-0.01042519691655186,0.0
2020-10-30 13:30:00,301.9190368652344,1,0.48058903126224267,0.0,0.011208716055125523,0.0
2020-11-02 14:30:00,305.30316162109375,1,0.5693220332703676,1.0,0.017655730498089994,0.017155730498089994
2020-11-03 14:30:00,310.6935119628906,1,0.6386885845264653,1.0,0.02234921501786946,0.02234921501786946
2020-11-04 14:30:00,317.63726806640625,1,0.5747047002371781,1.0,0.019502537292697353,0.019502537292697353
2020-11-05 14:30:00,323.8320007324219,0,0.4158154365828274,0.0,-0.00022815242617624243,-0.0005
2020-11-06 14:30:00,323.75811767578125,1,0.6501890409157641,1.0,0.012565763142778241,0.01206576314277824
2020-11-09 14:30:00,327.8263854980469,0,0.30181948775181155,0.0,-0.0014665504274491425,-0.0005
2020-11-10 14:30:00,327.3456115722656,1,0.36163419116278767,0.0,0.007428638392476428,0.0
2020-11-11 14:30:00,329.77734375,0,0.2539503940560661,0.0,-0.009700870171635678,0.0
2020-11-12 14:30:00,326.5782165527344,1,0.4046680410798806,0.0,0.01384427988522896,0.0
2020-11-13 14:30:00,331.0994567871094,1,0.16350860485186045,0.0,0.012482456511458073,0.0
2020-11-16 14:30:00,335.2323913574219,0,0.1447721818493751,0.0,-0.005378294467084155,0.0
2020-11-17 14:30:00,333.4294128417969,0,0.18089829363665982,0.0,-0.012034617097214206,0.0
2020-11-18 14:30:00,329.4167175292969,1,0.3456134883100652,0.0,0.004210081832799695,0.0
2020-11-19 14:30:00,330.8035888671875,0,0.5094115253411966,0.0,-0.006847930011812053,0.0
2020-11-20 14:30:00,328.53826904296875,1,0.44979342681109247,0.0,0.00599458903230321,0.0
2020-11-23 14:30:00,330.5077209472656,1,0.5553864959718331,1.0,0.016113551177890928,0.015613551177890928
2020-11-24 14:30:00,335.8333740234375,0,0.4523504895652239,1.0,-0.0015415388563387866,-0.0015415388563387866
2020-11-25 14:30:00,335.315673828125,1,0.5504474892128255,1.0,0.002784769482464977,0.002784769482464977
2020-11-27 14:30:00,336.24945068359375,0,0.47288661938905424,1.0,-0.004427120818585761,-0.004427120818585761
2020-11-30 14:30:00,334.7608337402344,1,0.6028531593965973,1.0,0.010937383055821481,0.010937383055821481
2020-12-01 14:30:00,338.4222412109375,1,0.5234215421445856,1.0,0.0021038070521270935,0.0021038070521270935
2020-12-02 14:30:00,339.13421630859375,0,0.5124237977024673,1.0,-0.00027283975613601186,-0.00027283975613601186
2020-12-03 14:30:00,339.04168701171875,1,0.45431235082555393,1.0,0.008617860507350361,0.008617860507350361
2020-12-04 14:30:00,341.9635009765625,0,0.471611102668272,1.0,-0.002055069582150182,-0.002055069582150182
2020-12-07 14:30:00,341.2607421875,1,0.2880516328374624,0.0,0.002926375943980597,-0.0005
2020-12-08 14:30:00,342.2593994140625,0,0.28528440979229464,0.0,-0.008968845373171774,0.0
2020-12-09 14:30:00,339.1897277832031,0,0.44011658765080675,0.0,-0.00032713819132346167,0.0
2020-12-10 14:30:00,339.0787658691406,0,0.5523104180241118,1.0,-0.001172628797239672,-0.001672628797239672
2020-12-11 14:30:00,338.68115234375,0,0.589753545757448,1.0,-0.004477422042937107,-0.004477422042937107
2020-12-14 14:30:00,337.16473388671875,1,0.6052356077629026,1.0,0.013519741742873626,0.013519741742873626
2020-12-15 14:30:00,341.7231140136719,1,0.5230548530894227,1.0,0.0015693565298868783,0.0015693565298868783
2020-12-16 14:30:00,342.2593994140625,1,0.6953657070128062,1.0,0.005591986415525607,0.005591986415525607
2020-12-17 14:30:00,344.1733093261719,0,0.6588067186349448,1.0,-0.003992952215892576,-0.003992952215892576
2020-12-18 14:30:00,342.7990417480469,0,0.5809432020951487,1.0,-0.003575142490691796,-0.003575142490691796
2020-12-21 14:30:00,341.573486328125,0,0.4930918569518329,1.0,-0.0016855659234428222,-0.0016855659234428222
2020-12-22 14:30:00,340.99774169921875,1,0.5885805891508535,1.0,0.0008986188601314282,0.0008986188601314282
2020-12-23 14:30:00,341.3041687011719,1,0.5636150505268838,1.0,0.003890340137636006,0.003890340137636006
2020-12-24 14:30:00,342.6319580078125,1,0.5985076157517787,1.0,0.008590796557411018,0.008590796557411018
2020-12-28 14:30:00,345.575439453125,0,0.5886336886445998,1.0,-0.0019076608097482461,-0.0019076608097482461
2020-12-29 14:30:00,344.91619873046875,1,0.4364658803655835,0.0,0.0014265346594923844,-0.0005
2020-12-30 14:30:00,345.4082336425781,1,0.45404909333791327,0.0,0.005080958448224315,0.0
2020-12-31 14:30:00,347.1632385253906,0,0.38328539674312034,0.0,-0.013614109545268982,0.0
2021-01-04 14:30:00,342.4369201660156,1,0.5632595226062618,1.0,0.006887459759505665,0.006387459759505665
2021-01-05 14:30:00,344.7954406738281,1,0.6436044583098988,1.0,0.00597844428569827,0.00597844428569827
2021-01-06 14:30:00,346.8567810058594,1,0.5977001358706077,1.0,0.014857375233408465,0.014857375233408465
2021-01-07 14:30:00,352.0101623535156,1,0.5271044859751404,1.0,0.0056978661459639035,0.0056978661459639035
2021-01-08 14:30:00,354.015869140625,0,0.3659860546020766,0.0,-0.006740806689980783,-0.0005
2021-01-11 14:30:00,351.6295166015625,1,0.677461667582009,1.0,0.000211157664736783,-0.000288842335263217
2021-01-12 14:30:00,351.7037658691406,1,0.6481422647875192,1.0,0.002692928336348155,0.002692928336348155
2021-01-13 14:30:00,352.65087890625,0,0.570617608569244,1.0,-0.003502005596562885,-0.003502005596562885
2021-01-14 14:30:00,351.4158935546875,0,0.6286638851805387,1.0,-0.007292450775479686,-0.007292450775479686
2021-01-15 14:30:00,348.85321044921875,1,0.5287153541590773,1.0,0.007851741484856234,0.007851741484856234
2021-01-19 14:30:00,351.5923156738281,1,0.5278639031247462,1.0,0.01383867010584261,0.01383867010584261
2021-01-20 14:30:00,356.4578857421875,1,0.6023510216276606,1.0,0.0009117829062879057,0.0009117829062879057
2021-01-21 14:30:00,356.78289794921875,0,0.6445836414405436,1.0,-0.003539284968294587,-0.003539284968294587
2021-01-22 14:30:00,355.5201416015625,1,0.5932528972239719,1.0,0.003943626282052026,0.003943626282052026
2021-01-25 14:30:00,356.92218017578125,0,0.5693675968684472,1.0,-0.0015606689201587143,-0.0015606689201587143
2021-01-26 14:30:00,356.3651428222656,0,0.5657920116418668,1.0,-0.024440599782159955,-0.024440599782159955
2021-01-27 14:30:00,347.6553649902344,1,0.6259256536469539,1.0,0.008600179898632154,0.008600179898632154
2021-01-28 14:30:00,350.645263671875,0,0.528633947956485,1.0,-0.020019592784786377,-0.020019592784786377
2021-01-29 14:30:00,343.62548828125,1,0.42945412251575554,0.0,0.01664541133507158,-0.0005
2021-02-01 14:30:00,349.34527587890625,1,0.5195896890754452,0.0,0.014140220798777303,0.0
2021-02-02 14:30:00,354.28509521484375,1,0.4902534329933038,0.0,0.000786272007734512,0.0
2021-02-03 14:30:00,354.56365966796875,1,0.5761677850388228,1.0,0.011365821388284125,0.010865821388284125
2021-02-04 14:30:00,358.59356689453125,1,0.666473625163545,1.0,0.003936038229866989,0.003936038229866989
2021-02-05 14:30:00,360.0050048828125,1,0.6325767460720013,1.0,0.007221799691505382,0.007221799691505382
2021-02-08 14:30:00,362.6048889160156,0,0.5871140655747,1.0,-0.000665806137552627,-0.000665806137552627
2021-02-09 14:30:00,362.36346435546875,0,0.6442183725854163,1.0,-0.0004356604546802423,-0.0004356604546802423
2021-02-10 14:30:00,362.2055969238281,1,0.6517284421358176,1.0,0.001614912703971516,0.001614912703971516
2021-02-11 14:30:00,362.79052734375,1,0.6870430001654207,1.0,0.004939804440137641,0.004939804440137641
2021-02-12 14:30:00,364.5826416015625,0,0.3122181448677191,0.0,-0.0008657661515651949,-0.0005
2021-02-16 14:30:00,364.2669982910156,1,0.6071762220025456,1.0,0.00022938429585517284,-0.0002706157041448272
2021-02-17 14:30:00,364.3505554199219,0,0.5943794441320281,1.0,-0.004256037692816017,-0.004256037692816017
2021-02-18 14:30:00,362.79986572265625,0,0.6071476158470704,1.0,-0.0017660330481604758,-0.0017660330481604758
2021-02-19 14:30:00,362.1591491699219,0,0.4684803340511594,1.0,-0.007691684774653873,-0.007691684774653873
2021-02-22 14:30:00,359.37353515625,1,0.5012885410874538,1.0,0.0012145939453558352,0.0012145939453558352
2021-02-23 14:30:00,359.8100280761719,1,0.588952868909432,1.0,0.011019184911607027,0.011019184911607027
2021-02-24 14:30:00,363.77484130859375,0,0.5753779740680707,1.0,-0.02409587309715444,-0.02409587309715444
2021-02-25 14:30:00,355.0093688964844,0,0.5459948614263435,1.0,-0.005152520681130923,-0.005152520681130923
2021-02-26 14:30:00,353.18017578125,1,0.5375720926567732,1.0,0.02424002471958886,0.02424002471958886
2021-03-01 14:30:00,361.74127197265625,0,0.49092282754594424,1.0,-0.0078029023908304795,-0.0078029023908304795
2021-03-02 14:30:00,358.91864013671875,0,0.5512525267560747,1.0,-0.013245845650123322,-0.013245845650123322
2021-03-03 14:30:00,354.1644592285156,0,0.5005066053459817,1.0,-0.012374904795333763,-0.012374904795333763
2021-03-04 14:30:00,349.7817077636719,1,0.44036439081327233,0.0,0.01839648350712597,-0.0005
2021-03-05 14:30:00,356.2164611816406,0,0.35113034426223216,0.0,-0.004978710218144333,0.0
2021-03-08 14:30:00,354.4429626464844,1,0.49542079173279796,0.0,0.014277550765270597,0.0
2021-03-09 14:30:00,359.5035400390625,1,0.47154046516999315,0.0,0.006224505976632599,0.0
2021-03-10 14:30:00,361.74127197265625,1,0.5727834816176732,1.0,0.010139335614396394,0.009639335614396394
2021-03-11 14:30:00,365.4090881347656,1,0.7360007111014032,1.0,0.001346698709048244,0.001346698709048244
2021-03-12 14:30:00,365.90118408203125,1,0.6359112589474032,1.0,0.005963627568318142,0.005963627568318142
2021-03-15 13:30:00,368.0832824707031,0,0.6295442937968401,1.0,-0.001261467100747371,-0.001261467100747371
2021-03-16 13:30:00,367.61895751953125,1,0.6038811885531423,1.0,0.0034098895430219045,0.0034098895430219045
2021-03-17 13:30:00,368.87249755859375,0,0.6454190279880067,1.0,-0.014549506610869956,-0.014549506610869956
2021-03-18 13:30:00,363.5055847167969,0,0.577944282686949,1.0,-0.0018504198222351054,-0.0018504198222351054
2021-03-19 13:30:00,362.83294677734375,1,0.544882639567451,1.0,0.007985072304448337,0.007985072304448337
2021-03-22 13:30:00,365.7301940917969,0,0.5017989082139477,1.0,-0.007870915878152362,-0.007870915878152362
2021-03-23 13:30:00,362.8515625,0,0.5687228794972857,1.0,-0.005083633868015913,-0.005083633868015913
2021-03-24 13:30:00,361.0069580078125,1,0.6481369369244203,1.0,0.005626031110760987,0.005626031110760987
2021-03-25 13:30:00,363.0379943847656,1,0.5692594351196323,1.0,0.01611478922924614,0.01611478922924614
2021-03-26 13:30:00,368.8882751464844,0,0.5268837277765126,1.0,-0.0005053057517576676,-0.0005053057517576676
2021-03-29 13:30:00,368.7018737792969,0,0.5623322805293702,1.0,-0.0026529548223777066,-0.0026529548223777066
2021-03-30 13:30:00,367.7237243652344,1,0.6078748931003723,1.0,0.004053505307367367,0.004053505307367367
2021-03-31 13:30:00,369.21429443359375,1,0.6043185267073249,1.0,0.010799101435940317,0.010799101435940317
2021-04-01 13:30:00,373.20147705078125,1,0.6616020349194446,1.0,0.014352854093681477,0.014352854093681477
2021-04-05 13:30:00,378.5579833984375,0,0.3048636067009544,0.0,-0.0005905073187436605,-0.0005
2021-04-06 13:30:00,378.3344421386719,1,0.5440597235942662,0.0,0.0011575942205952483,0.0
2021-04-07 13:30:00,378.77239990234375,1,0.5390763753887186,0.0,0.004746522088102223,0.0
2021-04-08 13:30:00,380.57025146484375,1,0.2680437741984622,0.0,0.007270262697820495,0.0
2021-04-09 13:30:00,383.33709716796875,1,0.3359220213588585,0.0,0.00036453552569470915,0.0
2021-04-12 13:30:00,383.4768371582031,1,0.4888244375898152,0.0,0.0029636865041844374,0.0
2021-04-13 13:30:00,384.61334228515625,0,0.415118275177873,0.0,-0.0034152952350271493,0.0
2021-04-14 13:30:00,383.2997741699219,1,0.28144040376602014,0.0,0.010742544148404143,0.0
2021-04-15 13:30:00,387.4173889160156,1,0.16852077377055222,0.0,0.003342367674938229,0.0
2021-04-16 13:30:00,388.7122802734375,0,0.3062527597590156,0.0,-0.004912884370374848,0.0
2021-04-19 13:30:00,386.8025817871094,0,0.6341512421732531,1.0,-0.007321566260849233,-0.007821566260849233
2021-04-20 13:30:00,383.9705810546875,1,0.52827189730745,1.0,0.009462048325108219,0.009462048325108219
2021-04-21 13:30:00,387.6037292480469,0,0.6524622056262394,1.0,-0.00913298237406368,-0.00913298237406368
2021-04-22 13:30:00,384.0637512207031,1,0.6349061094764343,1.0,0.010842271685159277,0.010842271685159277
2021-04-23 13:30:00,388.2278747558594,1,0.6299965269462124,1.0,0.0020878121528746796,0.0020878121528746796
2021-04-26 13:30:00,389.0384216308594,0,0.5835341474304682,1.0,-0.00021564148320862842,-0.00021564148320862842
2021-04-27 13:30:00,388.95452880859375,0,0.5673318317051449,1.0,-0.0002874793786113994,-0.0002874793786113994
2021-04-28 13:30:00,388.84271240234375,1,0.6030499939691525,1.0,0.006372748535937278,0.006372748535937278
2021-04-29 13:30:00,391.3207092285156,0,0.5367831926314658,1.0,-0.006570563349010405,-0.006570563349010405
2021-04-30 13:30:00,388.74951171875,1,0.6061739597653121,1.0,0.002156918404489616,0.002156918404489616
2021-05-03 13:30:00,389.5880126953125,0,0.6223530848529417,1.0,-0.006169346436869172,-0.006169346436869172
2021-05-04 13:30:00,387.18450927734375,1,0.6234613140336898,1.0,0.00031291227374352637,0.00031291227374352637
2021-05-05 13:30:00,387.3056640625,1,0.6573983643625387,1.0,0.00798551314797491,0.00798551314797491
2021-05-06 13:30:00,390.39849853515625,1,0.5694637042514044,1.0,0.007278204596446569,0.007278204596446569
2021-05-07 13:30:00,393.2398986816406,0,0.5780741802661289,1.0,-0.00990246152998464,-0.00990246152998464
2021-05-10 13:30:00,389.3458557128906,0,0.49985572721954485,1.0,-0.008924928780455699,-0.008924928780455699
2021-05-11 13:30:00,385.8709716796875,0,0.618508364435381,1.0,-0.021245280452254045,-0.021245280452254045
2021-05-12 13:30:00,377.67303466796875,1,0.6288430348573198,1.0,0.01201251819105198,0.01201251819105198
2021-05-13 13:30:00,382.2098388671875,1,0.6354439707983276,1.0,0.015355328206426933,0.015355328206426933
2021-05-14 13:30:00,388.07879638671875,0,0.5299839870862753,1.0,-0.00254447623674503,-0.00254447623674503
2021-05-17 13:30:00,387.0913391113281,0,0.5683303860351012,1.0,-0.008615515559543319,-0.008615515559543319
2021-05-18 13:30:00,383.75634765625,0,0.5615740492602485,1.0,-0.002621963322573251,-0.002621963322573251
2021-05-19 13:30:00,382.7501525878906,1,0.5721454371781056,1.0,0.010757970227453395,0.010757970227453395
2021-05-20 13:30:00,386.8677673339844,0,0.5524491250043726,1.0,-0.0008186555007252405,-0.0008186555007252405
2021-05-21 13:30:00,386.5510559082031,1,0.4994895686437114,1.0,0.010194209057668324,0.010194209057668324
2021-05-24 13:30:00,390.49163818359375,0,0.5214260643055675,1.0,-0.002218648085322905,-0.002218648085322905
2021-05-25 13:30:00,389.6252746582031,1,0.5921874106735684,1.0,0.001984532131883432,0.001984532131883432
2021-05-26 13:30:00,390.39849853515625,1,0.4934884910600591,1.0,0.0005249137429530482,0.0005249137429530482
2021-05-27 13:30:00,390.6034240722656,1,0.4878293555184079,1.0,0.0017887706766304134,0.0017887706766304134
2021-05-28 13:30:00,391.3021240234375,0,0.5501767434647922,1.0,-0.0008808948987489851,-0.0008808948987489851
2021-06-01 13:30:00,390.9574279785156,1,0.5187399171836413,1.0,0.0015728021457988017,0.0015728021457988017
2021-06-02 13:30:00,391.57232666015625,0,0.6021875989355898,1.0,-0.0037115457965144483,-0.0037115457965144483
2021-06-03 13:30:00,390.1189880371094,1,0.6594670952641114,1.0,0.009146144705105996,0.009146144705105996
2021-06-04 13:30:00,393.68707275390625,0,0.6527009584444012,1.0,-0.0009705947239522228,-0.0009705947239522228
2021-06-07 13:30:00,393.3049621582031,1,0.6172828744457051,1.0,0.00021322462912065632,0.00021322462912065632
2021-06-08 13:30:00,393.3888244628906,0,0.38816438717384055,0.0,-0.001492021490136386,-0.0005
2021-06-09 13:30:00,392.8018798828125,1,0.34606870106471815,0.0,0.004648547640601519,0.0
2021-06-10 13:30:00,394.6278381347656,1,0.4449514671697175,0.0,0.001652364655466032,0.0
2021-06-11 13:30:00,395.2799072265625,1,0.4989939242400174,0.0,0.002239253298119692,0.0
2021-06-14 13:30:00,396.1650390625,0,0.5054164132700059,0.0,-0.0018342205421607582,0.0
2021-06-15 13:30:00,395.4383850097656,0,0.44581677558370736,0.0,-0.005583310341900294,0.0
2021-06-16 13:30:00,393.23052978515625,0,0.5561184985665455,1.0,-0.0003316938005233361,-0.0008316938005233361
2021-06-17 13:30:00,393.10009765625,0,0.5157659564718032,1.0,-0.013490380948713687,-0.013490380948713687
2021-06-18 13:30:00,387.7970275878906,1,0.6087377362034387,1.0,0.014315907200983968,0.014315907200983968
2021-06-21 13:30:00,393.34869384765625,1,0.5753123102145897,1.0,0.005346238144189996,0.005346238144189996
2021-06-22 13:30:00,395.4516296386719,0,0.39340368071086756,0.0,-0.0012052638032917784,-0.0005
2021-06-23 13:30:00,394.9750061035156,1,0.43024272356513105,0.0,0.005915608071088929,0.0
2021-06-24 13:30:00,397.3115234375,1,0.425198877303745,0.0,0.0035521645729230666,0.0
2021-06-25 13:30:00,398.72283935546875,1,0.5428327527648031,0.0,0.0020159429330250944,0.0
2021-06-28 13:30:00,399.5266418457031,1,0.6526096027918931,1.0,0.0005378985095048083,3.789850950480832e-05
2021-06-29 13:30:00,399.7415466308594,1,0.5700149583179718,1.0,0.0008417609308870588,0.0008417609308870588
2021-06-30 13:30:00,400.0780334472656,1,0.6245384564269371,1.0,0.005536639618873185,0.005536639618873185
2021-07-01 13:30:00,402.2931213378906,1,0.5775685718599999,1.0,0.007643558909604886,0.007643558909604886
2021-07-02 13:30:00,405.3680725097656,0,0.5156757711477112,1.0,-0.001821637884105498,-0.001821637884105498
2021-07-06 13:30:00,404.629638671875,1,0.6739880704846447,1.0,0.0035341533508350675,0.0035341533508350675
2021-07-07 13:30:00,406.0596618652344,0,0.5120756369916907,1.0,-0.00814789801982796,-0.00814789801982796
2021-07-08 13:30:00,402.7511291503906,1,0.6009792709740334,1.0,0.010674643824301278,0.010674643824301278
2021-07-09 13:30:00,407.05035400390625,1,0.5924766385545248,1.0,0.00358188562706907,0.00358188562706907
2021-07-12 13:30:00,408.50836181640625,0,0.574799569504765,1.0,-0.003408934198575464,-0.003408934198575464
2021-07-13 13:30:00,407.11578369140625,1,0.549658916563216,1.0,0.0014922374716743736,0.0014922374716743736
2021-07-14 13:30:00,407.7232971191406,0,0.5961623066326173,1.0,-0.0034157225931767954,-0.0034157225931767954
2021-07-15 13:30:00,406.33062744140625,0,0.531790856971997,1.0,-0.007843470368936734,-0.007843470368936734
2021-07-16 13:30:00,403.1435852050781,0,0.572878060298263,1.0,-0.01476782085733841,-0.01476782085733841
2021-07-19 13:30:00,397.1900329589844,1,0.5813143599079958,1.0,0.014330329417555188,0.014330329417555188
2021-07-20 13:30:00,402.88189697265625,1,0.6113783825854996,1.0,0.008096422003518677,0.008096422003518677
2021-07-21 13:30:00,406.143798828125,1,0.5212213110149015,1.0,0.002094147207954089,0.002094147207954089
2021-07-22 13:30:00,406.99432373046875,1,0.5840650131451435,1.0,0.010287941489413477,0.010287941489413477
2021-07-23 13:30:00,411.18145751953125,1,0.6976243603147377,1.0,0.002454801591913691,0.002454801591913691
2021-07-26 13:30:00,412.1908264160156,0,0.6301088161100884,1.0,-0.004557452322256461,-0.004557452322256461
2021-07-27 13:30:00,410.3122863769531,0,0.6134308353345124,1.0,-0.00041003746119505635,-0.00041003746119505635
2021-07-28 13:30:00,410.14404296875,1,0.5510902952091952,1.0,0.004147221643501231,0.004147221643501231
2021-07-29 13:30:00,411.8450012207031,0,0.5999537270728434,1.0,-0.004856344083886133,-0.004856344083886133
2021-07-30 13:30:00,409.8449401855469,0,0.5718899429857334,1.0,-0.0020981698981495933,-0.0020981698981495933
2021-08-02 13:30:00,408.9850158691406,1,0.5691285433689001,1.0,0.008135583001489088,0.008135583001489088
2021-08-03 13:30:00,412.3123474121094,0,0.4878998050398127,1.0,-0.00491893395810461,-0.00491893395810461
2021-08-04 13:30:00,410.2842102050781,1,0.629004493207433,1.0,0.006332920094199723,0.006332920094199723
2021-08-05 13:30:00,412.88250732421875,1,0.5612650627838491,1.0,0.0016524094977623527,0.0016524094977623527
2021-08-06 13:30:00,413.56475830078125,0,0.5196738131342943,1.0,-0.000813551667725565,-0.000813551667725565
2021-08-09 13:30:00,413.2283020019531,1,0.5430942936989739,1.0,0.001243956629899623,0.001243956629899623
2021-08-10 13:30:00,413.7423400878906,1,0.39681221455457205,0.0,0.002484748488826405,-0.0005
2021-08-11 13:30:00,414.7703857421875,1,0.3320075081274776,0.0,0.0029971608091001745,0.0
2021-08-12 13:30:00,416.0135192871094,1,0.42640048911046147,0.0,0.0018196981777562904,0.0
2021-08-13 13:30:00,416.7705383300781,1,0.5611606246942712,1.0,0.0023547352489836637,0.0018547352489836637
2021-08-16 13:30:00,417.7519226074219,0,0.42943826309944944,0.0,-0.006555240580046862,-0.0005
2021-08-17 13:30:00,415.0134582519531,0,0.5630673613388006,1.0,-0.010945013446050145,-0.011445013446050145
2021-08-18 13:30:00,410.47113037109375,1,0.5292644299180322,1.0,0.0015483648788081616,0.0015483648788081616
2021-08-19 13:30:00,411.106689453125,1,0.5664187907455684,1.0,0.007957156422646827,0.007957156422646827
2021-08-20 13:30:00,414.3779296875,1,0.6042485950318028,1.0,0.008796291386514499,0.008796291386514499
2021-08-23 13:30:00,418.0229187011719,1,0.5397676196568891,1.0,0.00158763010780949,0.00158763010780949
2021-08-24 13:30:00,418.68658447265625,1,0.5325956911731572,1.0,0.0020984696114048074,0.0020984696114048074
2021-08-25 13:30:00,419.565185546875,0,0.5944243734346174,1.0,-0.005903342897659036,-0.005903342897659036
2021-08-26 13:30:00,417.0883483886719,1,0.49874096842990445,1.0,0.008940927044707392,0.008940927044707392
2021-08-27 13:30:00,420.8175048828125,1,0.5961751248500177,1.0,0.004397814893061014,0.004397814893061014
2021-08-30 13:30:00,422.6681823730469,0,0.5721741661030898,1.0,-0.0014818060170580516,-0.0014818060170580516
2021-08-31 13:30:00,422.0418701171875,1,0.5919085896640894,1.0,0.000531329187789531,0.000531329187789531
2021-09-01 13:30:00,422.26611328125,1,0.6018633141939891,1.0,0.0030767193839971174,0.0030767193839971174
2021-09-02 13:30:00,423.5653076171875,0,0.6353488307242986,1.0,-0.00024280609490845428,-0.00024280609490845428
2021-09-03 13:30:00,423.46246337890625,0,0.6018633141939891,1.0,-0.003575521450029817,-0.003575521450029817
2021-09-07 13:30:00,421.9483642578125,0,0.44798144411572954,0.0,-0.0012181764687333452,-0.0005
2021-09-08 13:30:00,421.4343566894531,0,0.5204387370457644,0.0,-0.004280295369273546,0.0
2021-09-09 13:30:00,419.6304931640625,0,0.6555960800230587,1.0,-0.00788446808875809,-0.00838446808875809
2021-09-10 13:30:00,416.3219299316406,1,0.5923496627891445,1.0,0.0025592952137571956,0.0025592952137571956
2021-09-13 13:30:00,417.3874206542969,0,0.5614855583366771,1.0,-0.0053965975311309755,-0.0053965975311309755
2021-09-14 13:30:00,415.13494873046875,1,0.5514811703393476,1.0,0.00835255560810877,0.00835255560810877
2021-09-15 13:30:00,418.6023864746094,0,0.583616742306325,1.0,-0.0015851407507733173,-0.0015851407507733173
2021-09-16 13:30:00,417.9388427734375,0,0.5623804313543925,1.0,-0.009741059158730692,-0.009741059158730692
2021-09-17 13:30:00,413.86767578125,0,0.5181629205348268,1.0,-0.01667419281006044,-0.01667419281006044
2021-09-20 13:30:00,406.9667663574219,0,0.7478477121458955,1.0,-0.0009446974077511605,-0.0009446974077511605
2021-09-21 13:30:00,406.5823059082031,1,0.7505180435537906,1.0,0.009754941289385588,0.009754941289385588
2021-09-22 13:30:00,410.5484924316406,1,0.7169306554509663,1.0,0.012149764811969721,0.012149764811969721
2021-09-23 13:30:00,415.53656005859375,1,0.5369039166398696,1.0,0.0016474370207124611,0.0016474370207124611
2021-09-24 13:30:00,416.22113037109375,0,0.6006356266809861,1.0,-0.002860896033312188,-0.002860896033312188
2021-09-27 13:30:00,415.0303649902344,0,0.5875070153995727,1.0,-0.02015189288893182,-0.02015189288893182
2021-09-28 13:30:00,406.6667175292969,1,0.5312289857806485,1.0,0.0016829941942815285,0.0016829941942815285
2021-09-29 13:30:00,407.35113525390625,0,0.5623200829551382,1.0,-0.01222213049035814,-0.01222213049035814
2021-09-30 13:30:00,402.3724365234375,1,0.5952185587998688,1.0,0.011884164812278275,0.011884164812278275
2021-10-01 13:30:00,407.154296875,0,0.5848013908288657,1.0,-0.0128960984683133,-0.0128960984683133
2021-10-04 13:30:00,401.9035949707031,1,0.6872786142168981,1.0,0.010405041862772135,0.010405041862772135
2021-10-05 13:30:00,406.0854187011719,1,0.5998151388223804,1.0,0.004155830257856152,0.004155830257856152
2021-10-06 13:30:00,407.7730407714844,1,0.4655082301026169,1.0,0.008645846734302243,0.008645846734302243
2021-10-07 13:30:00,411.298583984375,0,0.6091449814232633,1.0,-0.0018237153784192994,-0.0018237153784192994
2021-10-08 13:30:00,410.5484924316406,0,0.5372825943150799,1.0,-0.007239802590573219,-0.007239802590573219
2021-10-11 13:30:00,407.5762023925781,0,0.5219973958580635,1.0,-0.002461615502936332,-0.002461615502936332
2021-10-12 13:30:00,406.5729064941406,1,0.5690659295062873,1.0,0.0035976512358979473,0.0035976512358979473
2021-10-13 13:30:00,408.0356140136719,1,0.5706685666908401,1.0,0.01682059870411834,0.01682059870411834
2021-10-14 13:30:00,414.8990173339844,1,0.5451502532629354,1.0,0.00761602573103537,0.00761602573103537
2021-10-15 13:30:00,418.05889892578125,1,0.6640759998567923,1.0,0.0029602990126107454,0.0029602990126107454
2021-10-18 13:30:00,419.2964782714844,1,0.5537302661847424,1.0,0.007715051202346723,0.007715051202346723
2021-10-19 13:30:00,422.5313720703125,1,0.5928314463359198,1.0,0.0039276998720452205,0.0039276998720452205
2021-10-20 13:30:00,424.1909484863281,1,0.5932103840406581,1.0,0.002608150324078018,0.002608150324078018
2021-10-21 13:30:00,425.29730224609375,0,0.6109485982529412,1.0,-0.0010361547693759077,-0.0010361547693759077
2021-10-22 13:30:00,424.85662841796875,1,0.6678782321483802,1.0,0.005362634539943567,0.005362634539943567
2021-10-25 13:30:00,427.1349792480469,1,0.4918272884269378,1.0,0.0009002341251749257,0.0009002341251749257
2021-10-26 13:30:00,427.5195007324219,0,0.517249846520668,1.0,-0.004430236393724862,-0.004430236393724862
2021-10-27 13:30:00,425.62548828125,1,0.654025956021908,1.0,0.009648885314696543,0.009648885314696543
2021-10-28 13:30:00,429.7322998046875,1,0.5952071910437843,1.0,0.00202904981213603,0.00202904981213603
2021-10-29 13:30:00,430.604248046875,1,0.6072111104982543,1.0,0.0017204770503840283,0.0017204770503840283
2021-11-01 13:30:00,431.3450927734375,1,0.38442627559507353,0.0,0.004042714199965491,-0.0005
2021-11-02 13:30:00,433.0888977050781,1,0.27415748168981563,0.0,0.006105363247762341,0.0
2021-11-03 13:30:00,435.7330627441406,1,0.2930104295064542,0.0,0.004712601486710266,0.0
2021-11-04 13:30:00,437.7864990234375,1,0.24143302187745116,0.0,0.0034696168552568185,0.0
2021-11-05 13:30:00,439.3054504394531,1,0.17637104070492257,0.0,0.0008536896530715321,0.0
2021-11-08 14:30:00,439.68048095703125,0,0.5543150438460032,1.0,-0.003305303853214814,-0.003805303853214814
2021-11-09 14:30:00,438.2272033691406,0,0.603586801357558,1.0,-0.008044872957749027,-0.008044872957749027
2021-11-10 14:30:00,434.70172119140625,1,0.6873794331002493,1.0,0.00032349768391659595,0.00032349768391659595
2021-11-11 14:30:00,434.84234619140625,1,0.45816108464355043,1.0,0.0075468207612172655,0.0075468207612172655
2021-11-12 14:30:00,438.1240234375,1,0.5840551961925289,1.0,0.0003424941879774934,0.0003424941879774934
2021-11-15 14:30:00,438.2740783691406,1,0.5445606630551286,1.0,0.003957771423538148,0.003957771423538148
2021-11-16 14:30:00,440.0086669921875,0,0.544649745843635,1.0,-0.002429290083563851,-0.002429290083563851
2021-11-17 14:30:00,438.93975830078125,1,0.539794717425823,1.0,0.003396398209074558,0.003396398209074558
2021-11-18 14:30:00,440.4305725097656,0,0.5182734794738055,1.0,-0.0017881061630350414,-0.0017881061630350414
2021-11-19 14:30:00,439.6430358886719,0,0.34159078015062655,0.0,-0.002815380547698032,-0.0005
2021-11-22 14:30:00,438.4052734375,1,0.6823874856296774,1.0,0.0013260090170561512,0.0008260090170561511
2021-11-23 14:30:00,438.9866027832031,1,0.49744665128614945,1.0,0.002669917710558467,0.002669917710558467
2021-11-24 14:30:00,440.1586608886719,0,0.5657596626698399,1.0,-0.022303150934274374,-0.022303150934274374
2021-11-26 14:30:00,430.34173583984375,1,0.6025846518407707,1.0,0.01226669223379906,0.01226669223379906
2021-11-29 14:30:00,435.62060546875,0,0.5160372757293965,1.0,-0.019457608633516088,-0.019457608633516088
2021-11-30 14:30:00,427.14447021484375,0,0.5253385854274008,1.0,-0.011107284804171225,-0.011107284804171225
2021-12-01 14:30:00,422.4000549316406,1,0.6276922532787237,1.0,0.01531622427382584,0.01531622427382584
2021-12-02 14:30:00,428.86962890625,0,0.6794842238497466,1.0,-0.008701221074203791,-0.008701221074203791
2021-12-03 14:30:00,425.137939453125,1,0.5480655536442393,1.0,0.011843295345892457,0.011843295345892457
2021-12-06 14:30:00,430.1729736328125,1,0.6629161867631637,1.0,0.02068493920363279,0.02068493920363279
2021-12-07 14:30:00,439.0710754394531,1,0.4327940782129198,0.0,0.0026477880318311886,-0.0005
2021-12-08 14:30:00,440.233642578125,0,0.554661612552277,1.0,-0.006751272878115944,-0.007251272878115944
2021-12-09 14:30:00,437.2615051269531,1,0.6051255650567586,1.0,0.009413055456779729,0.009413055456779729
2021-12-10 14:30:00,441.3774719238281,0,0.6764288744438868,1.0,-0.008858154952995023,-0.008858154952995023
2021-12-13 14:30:00,437.4676818847656,0,0.5881949439244559,1.0,-0.006880112028364804,-0.006880112028364804
2021-12-14 14:30:00,434.4578552246094,1,0.5628256856899265,1.0,0.015625110852070856,0.015625110852070856
2021-12-15 14:30:00,441.2463073730469,0,0.5393492898291061,1.0,-0.008818460837475728,-0.008818460837475728
2021-12-16 14:30:00,437.3551940917969,0,0.541849668167775,1.0,-0.010642892056557551,-0.010642892056557551
2021-12-17 14:30:00,432.7004699707031,0,0.53276249634443,1.0,-0.010633322634207909,-0.010633322634207909
2021-12-20 14:30:00,428.09942626953125,1,0.5578907958759727,1.0,0.017758887570411108,0.017758887570411108
2021-12-21 14:30:00,435.7019958496094,1,0.38845528369471305,0.0,0.009998891230092344,-0.0005
2021-12-22 14:30:00,440.05853271484375,1,0.540021614656643,0.0,0.006221983908557105,0.0
2021-12-23 14:30:00,442.79656982421875,1,0.5912401264817377,1.0,0.014151981748858233,0.013651981748858233
2021-12-27 14:30:00,449.0630187988281,0,0.32947695574475666,0.0,-0.0008169951852194934,-0.0005
2021-12-28 14:30:00,448.6961364746094,1,0.561605064838684,1.0,0.0012791375836358476,0.0007791375836358476
2021-12-29 14:30:00,449.27008056640625,0,0.6921202590741724,1.0,-0.0027646976751705132,-0.0027646976751705132
2021-12-30 14:30:00,448.0279846191406,0,0.5902007818656211,1.0,-0.0025201313182000584,-0.0025201313182000584
2021-12-31 14:30:00,446.8988952636719,1,0.6432986978416609,1.0,0.005790091397948283,0.005790091397948283
2022-01-03 14:30:00,449.4864807128906,0,0.6154694725034658,1.0,-0.00033505846006320894,-0.00033505846006320894
2022-01-04 14:30:00,449.33587646484375,0,0.6078365988194586,1.0,-0.019202058593690063,-0.019202058593690063
2022-01-05 14:30:00,440.70770263671875,0,0.5929822494237813,1.0,-0.0009395399661106252,-0.0009395399661106252
2022-01-06 14:30:00,440.29364013671875,0,0.530050593268259,1.0,-0.003953272151278386,-0.003953272151278386
2022-01-07 14:30:00,438.55303955078125,0,0.5404375907407669,1.0,-0.0012444934089307358,-0.0012444934089307358
2022-01-10 14:30:00,438.00726318359375,1,0.6126885322224075,1.0,0.00910809188732209,0.00910809188732209
2022-01-11 14:30:00,441.9966735839844,1,0.5259073163551115,1.0,0.0027035877825754007,0.0027035877825754007
2022-01-12 14:30:00,443.191650390625,0,0.4673750486158559,1.0,-0.013778546729957819,-0.013778546729957819
2022-01-13 14:30:00,437.0851135253906,1,0.5829549237938687,1.0,0.00040900952039835126,0.00040900952039835126
2022-01-14 14:30:00,437.2638854980469,0,0.6016963524082282,1.0,-0.017709613510025646,-0.017709613510025646
2022-01-18 14:30:00,429.5201110839844,0,0.5284850361295014,1.0,-0.010383519432108357,-0.010383519432108357
2022-01-19 14:30:00,425.0601806640625,0,0.4849284276975657,1.0,-0.011067984111854612,-0.011067984111854612
2022-01-20 14:30:00,420.3556213378906,0,0.6311113222879281,1.0,-0.01963066782835432,-0.01963066782835432
2022-01-21 14:30:00,412.103759765625,1,0.5940240929739022,1.0,0.004246725518179506,0.004246725518179506
2022-01-24 14:30:00,413.8538513183594,0,0.574460465660542,1.0,-0.01220898237120227,-0.01220898237120227
2022-01-25 14:30:00,408.8011169433594,0,0.6069839928255681,1.0,-0.002508809799042111,-0.002508809799042111
2022-01-26 14:30:00,407.7755126953125,0,0.5952686541768586,1.0,-0.004938037663257844,-0.004938037663257844
2022-01-27 14:30:00,405.76190185546875,1,0.599760742436205,1.0,0.02483550323307626,0.02483550323307626
2022-01-28 14:30:00,415.8392028808594,1,0.44218312729946657,0.0,0.018011085833862017,-0.0005
2022-01-31 14:30:00,423.32891845703125,1,0.6933741639249416,1.0,0.0067570227086311,0.006257022708631099
2022-02-01 14:30:00,426.1893615722656,1,0.6481541343811051,1.0,0.009714026256226749,0.009714026256226749
2022-02-02 14:30:00,430.3293762207031,0,0.5123448813989417,1.0,-0.023505015554534214,-0.023505015554534214
2022-02-03 14:30:00,420.2144775390625,1,0.6151923182571429,1.0,0.004702101471736109,0.004702101471736109
2022-02-04 14:30:00,422.19036865234375,0,0.41656870689222936,0.0,-0.0032091895424817274,-0.0005
2022-02-07 14:30:00,420.8354797363281,1,0.6220148990154691,1.0,0.008227883854726725,0.007727883854726725
2022-02-08 14:30:00,424.2980651855469,1,0.5061819135705102,1.0,0.014635989372095315,0.014635989372095315
2022-02-09 14:30:00,430.5080871582031,0,0.41213797180928985,0.0,-0.017965619492717355,-0.0005
2022-02-10 14:30:00,422.77374267578125,0,0.5013820459563227,0.0,-0.019718626046219545,0.0
2022-02-11 14:30:00,414.4372253417969,0,0.5501901207299613,1.0,-0.0032692995482640486,-0.0037692995482640486
2022-02-14 14:30:00,413.0823059082031,1,0.5873434538589798,1.0,0.016126767071903192,0.016126767071903192
2022-02-15 14:30:00,419.7439880371094,1,0.5282291324947068,1.0,0.0011208963448250397,0.0011208963448250397
2022-02-16 14:30:00,420.2144775390625,0,0.4980901739180051,1.0,-0.02136156869762551,-0.02136156869762551
2022-02-17 14:30:00,411.238037109375,0,0.44921711085853366,0.0,-0.006474960980889066,-0.0005
2022-02-18 14:30:00,408.5752868652344,0,0.4565957292447315,0.0,-0.010731618414580923,0.0
2022-02-22 14:30:00,404.19061279296875,0,0.6213666827289899,1.0,-0.017738584371284838,-0.01823858437128484
2022-02-23 14:30:00,397.0208435058594,1,0.5380452216012784,1.0,0.015048988134050978,0.015048988134050978
2022-02-24 14:30:00,402.99560546875,1,0.5245266860664115,1.0,0.02206414667983303,0.02206414667983303
2022-02-25 14:30:00,411.8873596191406,0,0.6500327924722964,1.0,-0.0025585466103814625,-0.0025585466103814625
2022-02-28 14:30:00,410.8335266113281,0,0.5875389018006465,1.0,-0.015230356599403971,-0.015230356599403971
2022-03-01 14:30:00,404.5763854980469,1,0.7251566077697073,1.0,0.018396173720176323,0.018396173720176323
2022-03-02 14:30:00,412.01904296875,0,0.4343718735073941,0.0,-0.004978431291218999,-0.0005
2022-03-03 14:30:00,409.96783447265625,0,0.6621774871791902,1.0,-0.008124565555635455,-0.008624565555635455
2022-03-04 14:30:00,406.63702392578125,0,0.5549466144268203,1.0,-0.029479202580594444,-0.029479202580594444
2022-03-07 14:30:00,394.6496887207031,0,0.7208015351188748,1.0,-0.007581804998050945,-0.007581804998050945
2022-03-08 14:30:00,391.65753173828125,1,0.63078110419952,1.0,0.026811083889662246,0.026811083889662246
2022-03-09 14:30:00,402.1582946777344,0,0.6745503450408409,1.0,-0.004515810268431508,-0.004515810268431508
2022-03-10 14:30:00,400.34222412109375,0,0.624184121148308,1.0,-0.012714875441497742,-0.012714875441497742
2022-03-11 14:30:00,395.2519226074219,0,0.7077236097313059,1.0,-0.007308509402109364,-0.007308509402109364
2022-03-14 13:30:00,392.36322021484375,1,0.5018556291044629,1.0,0.02199050506348388,0.02199050506348388
2022-03-15 13:30:00,400.9914855957031,1,0.43241630165973016,0.0,0.022174345222325975,-0.0005
2022-03-16 13:30:00,409.8832092285156,1,0.6309253046403036,1.0,0.012511007141435604,0.012011007141435603
2022-03-17 13:30:00,415.0112609863281,1,0.35365318977746857,0.0,0.010952718965218988,-0.0005
2022-03-18 13:30:00,419.5567626953125,0,0.4823130889729832,0.0,-0.00029255087781265843,0.0
2022-03-21 13:30:00,419.43402099609375,1,0.5860286927947782,1.0,0.011701530571782026,0.011201530571782026
2022-03-22 13:30:00,424.342041015625,0,0.5525316490525303,1.0,-0.012878393422721901,-0.012878393422721901
2022-03-23 13:30:00,418.877197265625,1,0.522776966567738,1.0,0.015074129185339569,0.015074129185339569
2022-03-24 13:30:00,425.19140625,1,0.24045946854998446,0.0,0.004883700700052396,-0.0005
2022-03-25 13:30:00,427.2679138183594,1,0.5725018039816006,1.0,0.0071129938720986274,0.006612993872098627
2022-03-28 13:30:00,430.30706787109375,1,0.5885570810512003,1.0,0.012371011627977824,0.012371011627977824
2022-03-29 13:30:00,435.6304016113281,0,0.34089081251119785,0.0,-0.0061748948509524615,-0.0005
2022-03-30 13:30:00,432.9404296875,0,0.5591266320838565,1.0,-0.015391434391008096,-0.015891434391008097
2022-03-31 13:30:00,426.27685546875,1,0.6312690008445855,1.0,0.0028340721522539525,0.0028340721522539525
2022-04-01 13:30:00,427.4849548339844,1,0.6510754159295008,1.0,0.008566781985528626,0.008566781985528626
2022-04-04 13:30:00,431.1471252441406,0,0.5592759422932236,1.0,-0.012631381651066143,-0.012631381651066143
2022-04-05 13:30:00,425.7011413574219,0,0.7265900716943523,1.0,-0.009999301043953635,-0.009999301043953635
2022-04-06 13:30:00,421.4444274902344,1,0.5879236539843573,1.0,0.005038924637421172,0.005038924637421172
2022-04-07 13:30:00,423.56805419921875,0,0.5780863897370835,1.0,-0.00267401987308169,-0.00267401987308169
2022-04-08 13:30:00,422.4354248046875,0,0.6880728686207457,1.0,-0.017092239446961477,-0.017092239446961477
2022-04-11 13:30:00,415.2150573730469,0,0.6362199112521263,1.0,-0.003705046543866275,-0.003705046543866275
2022-04-12 13:30:00,413.6766662597656,1,0.42361344267877243,0.0,0.011453257925999383,-0.0005
2022-04-13 13:30:00,418.41461181640625,0,0.5705097941972302,1.0,-0.012451597704259743,-0.012951597704259743
2022-04-14 13:30:00,413.2046813964844,1,0.560946265591354,1.0,0.0004113031633710129,0.0004113031633710129
2022-04-18 13:30:00,413.3746337890625,1,0.5106802209716629,1.0,0.016142530412403877,0.016142530412403877
2022-04-19 13:30:00,420.04754638671875,0,0.5262781954283188,1.0,-0.0007416385125439406,-0.0007416385125439406
2022-04-20 13:30:00,419.73602294921875,0,0.4826416471800304,1.0,-0.014953565931433266,-0.014953565931433266
2022-04-21 13:30:00,413.45947265625,0,0.5575053264795913,1.0,-0.027439283626507938,-0.027439283626507938
2022-04-22 13:30:00,402.11444091796875,1,0.5096818010401122,1.0,0.005797676254503559,0.005797676254503559
2022-04-25 13:30:00,404.4457702636719,0,0.6454078041149875,1.0,-0.028960726193908548,-0.028960726193908548
2022-04-26 13:30:00,392.73272705078125,1,0.5481733122624873,1.0,0.002811859073533318,0.002811859073533318
2022-04-27 13:30:00,393.8370361328125,1,0.5249345687247935,1.0,0.025259328527641234,0.025259328527641234
2022-04-28 13:30:00,403.78509521484375,0,0.6634602397327615,1.0,-0.03695567229955188,-0.03695567229955188
2022-04-29 13:30:00,388.8629455566406,1,0.485505224946116,1.0,0.006019496853815864,0.006019496853815864
2022-05-02 13:30:00,391.2037048339844,1,0.4292876946968574,0.0,0.004584068149662279,-0.0005
2022-05-03 13:30:00,392.99700927734375,1,0.5198956380951056,0.0,0.030452814417700758,0.0
2022-05-04 13:30:00,404.9648742675781,0,0.688120544157637,1.0,-0.03554272383137491,-0.03604272383137491
2022-05-05 13:30:00,390.5713195800781,0,0.5226480140258101,1.0,-0.005968867127912336,-0.005968867127912336
2022-05-06 13:30:00,388.24005126953125,0,0.5784992109214252,1.0,-0.032017355966309946,-0.032017355966309946
2022-05-09 13:30:00,375.80963134765625,1,0.6738564410863229,1.0,0.0023106850200536044,0.0023106850200536044
2022-05-10 13:30:00,376.6780090332031,0,0.5211641477499668,1.0,-0.015886189604864653,-0.015886189604864653
2022-05-11 13:30:00,370.69403076171875,0,0.6861779728366303,1.0,-0.0010440522200639846,-0.0010440522200639846
2022-05-12 13:30:00,370.3070068359375,1,0.6850855907291263,1.0,0.023908005623764828,0.023908005623764828
2022-05-13 13:30:00,379.1603088378906,0,0.7103536224952808,1.0,-0.004057685226360408,-0.004057685226360408
2022-05-16 13:30:00,377.6217956542969,1,0.6023343824350386,1.0,0.020570537480025575,0.020570537480025575
2022-05-17 13:30:00,385.3896789550781,0,0.6429991193839663,1.0,-0.04031160121088506,-0.04031160121088506
2022-05-18 13:30:00,369.85400390625,0,0.7049378241180844,1.0,-0.006124820287777166,-0.006124820287777166
2022-05-19 13:30:00,367.5887145996094,1,0.6172892228350493,1.0,0.0004366073739074938,0.0004366073739074938
2022-05-20 13:30:00,367.74920654296875,1,0.5442463374398017,1.0,0.018710074996643344,0.018710074996643344
2022-05-23 13:30:00,374.62982177734375,0,0.59708334501743,1.0,-0.007633756304033845,-0.007633756304033845
2022-05-24 13:30:00,371.7699890136719,1,0.6484546302634638,1.0,0.008835051323825338,0.008835051323825338
2022-05-25 13:30:00,375.0545959472656,1,0.5756511785914844,1.0,0.01998130317778446,0.01998130317778446
2022-05-26 13:30:00,382.5486755371094,1,0.35573553017342696,0.0,0.024549045479764997,-0.0005
2022-05-27 13:30:00,391.93988037109375,0,0.295031123596973,0.0,-0.005611034606480048,0.0
2022-05-31 13:30:00,389.7406921386719,0,0.5533198901606564,1.0,-0.00808846714942102,-0.00858846714942102
2022-06-01 13:30:00,386.5882873535156,1,0.6413324870726493,1.0,0.019043356245892706,0.019043356245892706
2022-06-02 13:30:00,393.9502258300781,0,0.24843260548709623,0.0,-0.016411390506176238,-0.0005
2022-06-03 13:30:00,387.4849548339844,1,0.56399383308243,1.0,0.003044788076528082,0.002544788076528082
2022-06-06 13:30:00,388.6647644042969,1,0.5786880255087372,1.0,0.009592198098473448,0.009592198098473448
2022-06-07 13:30:00,392.3929138183594,0,0.544753573036052,1.0,-0.01087220020079438,-0.01087220020079438
2022-06-08 13:30:00,388.1267395019531,0,0.48918102417974507,1.0,-0.02378280718315895,-0.02378280718315895
2022-06-09 13:30:00,378.89599609375,0,0.34860156321420216,0.0,-0.0289954689495463,-0.0005
2022-06-10 13:30:00,367.90972900390625,0,0.627198847802847,1.0,-0.037968371054738936,-0.03846837105473894
2022-06-13 13:30:00,353.9407958984375,0,0.4985622009860691,1.0,-0.0030134682631351994,-0.0030134682631351994
2022-06-14 13:30:00,352.87420654296875,1,0.49828227217836896,1.0,0.014256616502559716,0.014256616502559716
2022-06-15 13:30:00,357.9049987792969,0,0.5674834167831633,1.0,-0.03309623066703471,-0.03309623066703471
2022-06-16 13:30:00,346.0596923828125,1,0.6102654727399918,1.0,0.0021557919956147753,0.0021557919956147753
2022-06-17 13:30:00,346.80572509765625,1,0.5591855214426155,1.0,0.025173682455234214,0.025173682455234214
2022-06-21 13:30:00,355.5361022949219,0,0.5281034129557013,1.0,-0.001813014996214224,-0.001813014996214224
2022-06-22 13:30:00,354.8915100097656,1,0.6818969944403728,1.0,0.009802576900934223,0.009802576900934223
2022-06-23 13:30:00,358.370361328125,1,0.5667393310410073,1.0,0.03179387349826457,0.03179387349826457
2022-06-24 13:30:00,369.76434326171875,0,0.4200325378691289,0.0,-0.0038196869409969914,-0.0005
2022-06-27 13:30:00,368.3519592285156,0,0.5989401760149387,1.0,-0.020432791387883342,-0.020932791387883343
2022-06-28 13:30:00,360.82550048828125,0,0.6013729882267438,1.0,-0.0008146467256394674,-0.0008146467256394674
2022-06-29 13:30:00,360.53155517578125,0,0.40341689640653444,0.0,-0.008124244851276052,-0.0005
2022-06-30 13:30:00,357.6025085449219,1,0.5626511248092096,1.0,0.010576451330650105,0.010076451330650105
2022-07-01 13:30:00,361.3846740722656,1,0.42521294090240597,0.0,0.0018887246784773382,-0.0005
2022-07-05 13:30:00,362.0672302246094,1,0.5148490692468777,0.0,0.0033774663127847937,0.0
2022-07-06 13:30:00,363.29010009765625,1,0.5185720338435922,0.0,0.014977121693103834,0.0
2022-07-07 13:30:00,368.73114013671875,0,0.38228754104938,0.0,-0.0008225890790560797,0.0
2022-07-08 13:30:00,368.4278259277344,0,0.6091142519087847,1.0,-0.011423596307784445,-0.011923596307784445
2022-07-11 13:30:00,364.21905517578125,0,0.6192377647818839,1.0,-0.008848964325125053,-0.008848964325125053
2022-07-12 13:30:00,360.99609375,0,0.4750014536941468,1.0,-0.0052516163501595825,-0.0052516163501595825
2022-07-13 13:30:00,359.10028076171875,0,0.44144115915933635,0.0,-0.0024286568247908757,-0.0005
2022-07-14 13:30:00,358.2281494140625,1,0.46905989704779355,0.0,0.019105126584327392,0.0
2022-07-15 13:30:00,365.0721435546875,0,0.39489783059659217,0.0,-0.008256926288448319,0.0
2022-07-18 13:30:00,362.0577697753906,1,0.5927146405223601,1.0,0.02701908789084606,0.02651908789084606
2022-07-19 13:30:00,371.8402404785156,1,0.46351295105436197,1.0,0.0063733635816964895,0.0063733635816964895
2022-07-20 13:30:00,374.2101135253906,1,0.6013573670238506,1.0,0.010183233449819529,0.010183233449819529
2022-07-21 13:30:00,378.0207824707031,0,0.6142590030070767,1.0,-0.009278286847041461,-0.009278286847041461
2022-07-22 13:30:00,374.5133972167969,1,0.5562503038648645,1.0,0.0012150369273931094,0.0012150369273931094
2022-07-25 13:30:00,374.96844482421875,0,0.6838549637044015,1.0,-0.011830992288901943,-0.011830992288901943
2022-07-26 13:30:00,370.5321960449219,1,0.4876293766596817,1.0,0.025966431604272255,0.025966431604272255
2022-07-27 13:30:00,380.1535949707031,1,0.4296087305635169,0.0,0.012542393263542229,-0.0005
2022-07-28 13:30:00,384.921630859375,1,0.31334952787355147,0.0,0.014578559200933094,0.0
2022-07-29 13:30:00,390.5332336425781,0,0.11117140089782032,0.0,-0.002961086248933653,0.0
2022-08-01 13:30:00,389.3768310546875,0,0.28682172092170305,0.0,-0.006597408908151858,0.0
2022-08-02 13:30:00,386.8079528808594,1,0.4724688754009381,0.0,0.015659503414734655,0.0
2022-08-03 13:30:00,392.86517333984375,0,0.38419309075149477,0.0,-0.000675501106700116,0.0
2022-08-04 13:30:00,392.59979248046875,0,0.43712722792195796,0.0,-0.0016902052203275897,0.0
2022-08-05 13:30:00,391.93621826171875,0,0.41733186325780475,0.0,-0.0011609467781819038,0.0
2022-08-08 13:30:00,391.481201171875,0,0.42475997943839283,0.0,-0.003971139508589627,0.0
2022-08-09 13:30:00,389.92657470703125,1,0.46309838428844485,0.0,0.021004038940249048,0.0
2022-08-10 13:30:00,398.1166076660156,0,0.3118130047288173,0.0,0.0,0.0
2022-08-11 13:30:00,398.1166076660156,1,0.5046319606977747,0.0,0.016928998806866824,0.0
2022-08-12 13:30:00,404.8563232421875,1,0.35046566086165637,0.0,0.004120807469615517,0.0
2022-08-15 13:30:00,406.524658203125,1,0.21129159227622799,0.0,0.001958561669544334,0.0
2022-08-16 13:30:00,407.32086181640625,0,0.26911753451855047,0.0,-0.0070978018429485035,0.0
2022-08-17 13:30:00,404.4297790527344,1,0.5499420376091053,0.0,0.0029063513617013648,0.0
2022-08-18 13:30:00,405.6051940917969,0,0.4680621024457841,0.0,-0.013438020728664068,0.0
2022-08-19 13:30:00,400.1546630859375,0,0.6546130619559355,1.0,-0.020822560978771887,-0.021322560978771887
2022-08-22 13:30:00,391.8224182128906,0,0.5723011411250669,1.0,-0.0024191468698646634,-0.0024191468698646634
2022-08-23 13:30:00,390.8745422363281,1,0.6400757371151726,1.0,0.0032012362102740166,0.0032012362102740166
2022-08-24 13:30:00,392.1258239746094,1,0.5505981164004674,1.0,0.014117477855978278,0.014117477855978278
2022-08-25 13:30:00,397.6616516113281,0,0.6313913474306642,1.0,-0.03384907667557624,-0.03384907667557624
2022-08-26 13:30:00,384.201171875,0,0.44771851057127293,0.0,-0.0066122541444046945,-0.0005
2022-08-29 13:30:00,381.6607360839844,0,0.40773551851566087,0.0,-0.01097778320439391,0.0
2022-08-30 13:30:00,377.470947265625,0,0.5454134909816785,0.0,-0.00760912308933126,0.0
2022-08-31 13:30:00,374.5987243652344,1,0.559777347423822,1.0,0.003137879229654139,0.002637879229654139
2022-09-01 13:30:00,375.774169921875,0,0.5214483845650786,1.0,-0.010544556127941584,-0.010544556127941584
2022-09-02 13:30:00,371.8117980957031,0,0.5399225134867508,1.0,-0.003773044739336151,-0.003773044739336151
2022-09-06 13:30:00,370.408935546875,1,0.48741794881639977,1.0,0.017964895745108622,0.017964895745108622
2022-09-07 13:30:00,377.06329345703125,1,0.5806291083609042,1.0,0.006536302133201,0.006536302133201
2022-09-08 13:30:00,379.52789306640625,1,0.712581112877883,1.0,0.015535160179377172,0.015535160179377172
2022-09-09 13:30:00,385.4239196777344,1,0.6952657815183659,1.0,0.010747791829192055,0.010747791829192055
2022-09-12 13:30:00,389.5663757324219,0,0.4731461240500113,1.0,-0.04348252854944157,-0.04348252854944157
2022-09-13 13:30:00,372.6270446777344,1,0.5425408884750781,1.0,0.003815894573105494,0.003815894573105494
2022-09-14 13:30:00,374.0489501953125,0,0.5780305926382447,1.0,-0.01135333784346959,-0.01135333784346959
2022-09-15 13:30:00,369.80224609375,0,0.5433390506912805,1.0,-0.007628853047778161,-0.007628853047778161
2022-09-16 13:30:00,366.9810791015625,1,0.5317584753267732,1.0,0.007754941358323553,0.007754941358323553
2022-09-19 13:30:00,369.8269958496094,0,0.5747916640643034,1.0,-0.011478491835328342,-0.011478491835328342
2022-09-20 13:30:00,365.5819396972656,0,0.546842672125117,1.0,-0.017443877980755085,-0.017443877980755085
2022-09-21 13:30:00,359.20477294921875,0,0.5748584545131696,1.0,-0.008399868755767592,-0.008399868755767592
2022-09-22 13:30:00,356.1875,0,0.3786869931773457,0.0,-0.01675458413756803,-0.0005
2022-09-23 13:30:00,350.2197265625,0,0.5854900589014187,1.0,-0.009892819797838959,-0.01039281979783896
2022-09-26 13:30:00,346.75506591796875,0,0.6353450199534079,1.0,-0.0025528780274007845,-0.0025528780274007845
2022-09-27 13:30:00,345.8698425292969,1,0.5991419396370466,1.0,0.01967642193740793,0.01967642193740793
2022-09-28 13:30:00,352.6753234863281,0,0.5604285911396658,1.0,-0.020889000226280263,-0.020889000226280263
2022-09-29 13:30:00,345.30828857421875,0,0.5986590114662017,1.0,-0.01546345923690029,-0.01546345923690029
2022-09-30 13:30:00,339.9686279296875,1,0.5963190450415176,1.0,0.02640121823051378,0.02640121823051378
2022-10-03 13:30:00,348.9442138671875,1,0.6183679669821631,1.0,0.030986503301847712,0.030986503301847712
2022-10-04 13:30:00,359.75677490234375,0,0.4229825711021316,0.0,-0.002328029581346591,-0.0005
2022-10-05 13:30:00,358.91925048828125,0,0.6322769927761507,1.0,-0.0103159016368074,-0.010815901636807401
2022-10-06 13:30:00,355.2166748046875,0,0.663087137096162,1.0,-0.02789392202918617,-0.02789392202918617
2022-10-07 13:30:00,345.30828857421875,0,0.6354364663261828,1.0,-0.007635221088492461,-0.007635221088492461
2022-10-10 13:30:00,342.6717834472656,0,0.6146218786862448,1.0,-0.00633325285481301,-0.00633325285481301
2022-10-11 13:30:00,340.5015563964844,0,0.6736117783935135,1.0,-0.00329821363192917,-0.00329821363192917
2022-10-12 13:30:00,339.3785095214844,1,0.6608084981887252,1.0,0.026391193763373177,0.026391193763373177
2022-10-13 13:30:00,348.3351135253906,0,0.5623532447049915,1.0,-0.02278889230080483,-0.02278889230080483
2022-10-14 13:30:00,340.3969421386719,1,0.5943946511773623,1.0,0.025696946072068183,0.025696946072068183
2022-10-17 13:30:00,349.14410400390625,1,0.557647686837482,1.0,0.011749662653353088,0.011749662653353088
2022-10-18 13:30:00,353.2464294433594,0,0.5029902237997236,1.0,-0.007086369895446087,-0.007086369895446087
2022-10-19 13:30:00,350.7431945800781,0,0.5221140640892449,1.0,-0.00838534038483607,-0.00838534038483607
2022-10-20 13:30:00,347.8020935058594,1,0.6095027974864315,1.0,0.024301515366754067,0.024301515366754067
2022-10-21 13:30:00,356.25421142578125,1,0.41020976816617555,0.0,0.012236354799122662,-0.0005
2022-10-24 13:30:00,360.61346435546875,1,0.3250284801601147,0.0,0.015968577038605547,0.0
2022-10-25 13:30:00,366.3719482421875,0,0.18954614964388072,0.0,-0.007534020875488379,0.0
2022-10-26 13:30:00,363.6116943359375,0,0.5725801504666826,1.0,-0.005339984765201811,-0.005839984765201811
2022-10-27 13:30:00,361.6700134277344,1,0.5845778062474756,1.0,0.02379049620532192,0.02379049620532192
2022-10-28 13:30:00,370.2743225097656,0,0.21714912210561507,0.0,-0.007223269078785677,-0.0005
2022-10-31 13:30:00,367.5997314453125,0,0.5920671423451118,1.0,-0.004375739072191909,-0.004875739072191909
2022-11-01 13:30:00,365.9912109375,0,0.6072936124334758,1.0,-0.025096307784670757,-0.025096307784670757
2022-11-02 13:30:00,356.8061828613281,0,0.45531596480468356,1.0,-0.010297023775159175,-0.010297023775159175
2022-11-03 13:30:00,353.13214111328125,1,0.41182769402599984,0.0,0.01439346238331396,-0.0005
2022-11-04 13:30:00,358.2149353027344,1,0.5385111884042689,0.0,0.00956552431008828,0.0
2022-11-07 14:30:00,361.6414489746094,1,0.6070359675286141,1.0,0.005395574631356315,0.004895574631356314
2022-11-08 14:30:00,363.59271240234375,0,0.6341281732427103,1.0,-0.020602296116081886,-0.020602296116081886
2022-11-09 14:30:00,356.10186767578125,1,0.58459845310183,1.0,0.054954148457769136,0.054954148457769136
2022-11-10 14:30:00,375.671142578125,1,0.2241539428555839,0.0,0.00967856031100589,-0.0005
2022-11-11 14:30:00,379.3070983886719,0,0.3389138525864334,0.0,-0.00850678667501803,0.0
2022-11-14 14:30:00,376.0804138183594,1,0.44119245166501814,0.0,0.008529218755566115,0.0
2022-11-15 14:30:00,379.2880859375,0,0.35410392903409665,0.0,-0.0076288295815299945,0.0
2022-11-16 14:30:00,376.3945617675781,0,0.3631048015825388,0.0,-0.0030600719313924607,0.0
2022-11-17 14:30:00,375.2427673339844,1,0.5768687114238465,1.0,0.004540517592980686,0.004040517592980686
2022-11-18 14:30:00,376.9465637207031,0,0.42958676380737426,0.0,-0.003636073652512617,-0.0005
2022-11-21 14:30:00,375.5759582519531,1,0.5463556077267122,0.0,0.013456952062477656,0.0
2022-11-22 14:30:00,380.63006591796875,1,0.47809565949767346,0.0,0.006301790998201939,0.0
2022-11-23 14:30:00,383.0287170410156,0,0.56078878724517,1.0,-0.00022372567789952225,-0.0007237256778995223
2022-11-25 14:30:00,382.9430236816406,0,0.4870747575313983,1.0,-0.015957011468586524,-0.015957011468586524
2022-11-28 14:30:00,376.8323974609375,0,0.6310310877238389,1.0,-0.0017177619386520293,-0.0017177619386520293
2022-11-29 14:30:00,376.1850891113281,1,0.6548907773369321,1.0,0.03150062956154276,0.03150062956154276
2022-11-30 14:30:00,388.03515625,0,0.4625986692638191,1.0,-0.0007357373133877187,-0.0007357373133877187
2022-12-01 14:30:00,387.7496643066406,0,0.4735566399624233,1.0,-0.001153648091368753,-0.001153648091368753
2022-12-02 14:30:00,387.3023376464844,0,0.4975624432549821,1.0,-0.017989424576532742,-0.017989424576532742
2022-12-05 14:30:00,380.3349914550781,0,0.6336868977869746,1.0,-0.014414959314575482,-0.014414959314575482
2022-12-06 14:30:00,374.85247802734375,0,0.645505620758408,1.0,-0.0017010272433019002,-0.0017010272433019002
2022-12-07 14:30:00,374.21484375,1,0.5385834953138927,1.0,0.007833947901335181,0.007833947901335181
2022-12-08 14:30:00,377.14642333984375,0,0.5846335567859635,1.0,-0.007470100743352637,-0.007470100743352637
2022-12-09 14:30:00,374.3291015625,1,0.5825409757670789,1.0,0.014417232131443525,0.014417232131443525
2022-12-12 14:30:00,379.72589111328125,1,0.641965477326152,1.0,0.007569965035364001,0.007569965035364001
2022-12-13 14:30:00,382.60040283203125,0,0.5962376699938768,1.0,-0.006393609341910578,-0.006393609341910578
2022-12-14 14:30:00,380.1542053222656,0,0.6514112064908723,1.0,-0.02446171770119565,-0.02446171770119565
2022-12-15 14:30:00,370.85498046875,0,0.5082210473150475,1.0,-0.011806033750663247,-0.011806033750663247
2022-12-16 14:30:00,366.4766540527344,0,0.37741155765972845,0.0,-0.00847976389131655,-0.0005
2022-12-19 14:30:00,363.3690185546875,1,0.4857037774748974,0.0,0.0013683689995596104,0.0
2022-12-20 14:30:00,363.8662414550781,1,0.5980278089634097,1.0,0.014952400657912257,0.014452400657912257
2022-12-21 14:30:00,369.3069152832031,0,0.5558504360958864,1.0,-0.014266060204856434,-0.014266060204856434
2022-12-22 14:30:00,364.0383605957031,1,0.6690752552641578,1.0,0.005752208791338642,0.005752208791338642
2022-12-23 14:30:00,366.13238525390625,0,0.6899713137480441,1.0,-0.003943345847684299,-0.003943345847684299
2022-12-27 14:30:00,364.6885986328125,0,0.49727364270778424,1.0,-0.012427912833649524,-0.012427912833649524
2022-12-28 14:30:00,360.1562805175781,1,0.5437057336993752,1.0,0.018000184890168747,0.018000184890168747
2022-12-29 14:30:00,366.63916015625,0,0.6620688368535007,1.0,-0.0026340865414707926,-0.0026340865414707926
2022-12-30 14:30:00,365.67340087890625,0,0.5659868049327815,1.0,-0.004209929474814134,-0.004209929474814134
2023-01-03 14:30:00,364.1339416503906,1,0.44887470766839477,0.0,0.007720286246805985,-0.0005
2023-01-04 14:30:00,366.9451599121094,0,0.4769840898569066,0.0,-0.011413367149978204,0.0
2023-01-05 14:30:00,362.757080078125,1,0.6012717014374037,1.0,0.022932029615311933,0.022432029615311933
2023-01-06 14:30:00,371.0758361816406,0,0.588993524921126,1.0,-0.0005668859179304153,-0.0005668859179304153
2023-01-09 14:30:00,370.865478515625,1,0.5858886691798025,1.0,0.007012784179742049,0.007012784179742049
2023-01-10 14:30:00,373.4662780761719,1,0.4794967683394916,1.0,0.012647838739545447,0.012647838739545447
2023-01-11 14:30:00,378.1898193359375,1,0.6375336655378947,1.0,0.0036409047906624803,0.0036409047906624803
2023-01-12 14:30:00,379.5667724609375,1,0.6414680433467144,1.0,0.003879512872373647,0.003879512872373647
2023-01-13 14:30:00,381.039306640625,0,0.5866499378891272,1.0,-0.0018318268869130794,-0.0018318268869130794
2023-01-17 14:30:00,380.34130859375,0,0.5270411052106346,1.0,-0.01578806235148067,-0.01578806235148067
2023-01-18 14:30:00,374.3364562988281,0,0.5412053701926343,1.0,-0.007279971388174933,-0.007279971388174933
2023-01-19 14:30:00,371.6112976074219,1,0.5385782824293041,1.0,0.018629117499697534,0.018629117499697534
2023-01-20 14:30:00,378.5340881347656,1,0.5203493600124648,1.0,0.011998495622915772,0.011998495622915772
2023-01-23 14:30:00,383.075927734375,0,0.6075790610050024,1.0,-0.001073161389579469,-0.001073161389579469
2023-01-24 14:30:00,382.6648254394531,1,0.5844899506665941,1.0,0.00037482571601077375,0.00037482571601077375
2023-01-25 14:30:00,382.8082580566406,1,0.5567540585958718,1.0,0.010990396019216142,0.010990396019216142
2023-01-26 14:30:00,387.0154724121094,1,0.3730693740622139,0.0,0.002297637316317269,-0.0005
2023-01-27 14:30:00,387.9046936035156,0,0.5906586508566919,1.0,-0.012546750373558457,-0.013046750373558458
2023-01-30 14:30:00,383.0377502441406,1,0.584286319920106,1.0,0.014703322287802356,0.014703322287802356
2023-01-31 14:30:00,388.669677734375,1,0.5666865711615755,1.0,0.010627729679376419,0.010627729679376419
2023-02-01 14:30:00,392.80035400390625,1,0.5018943753992584,1.0,0.014556980415781462,0.014556980415781462
2023-02-02 14:30:00,398.5183410644531,0,0.3205330548902009,0.0,-0.010629124038788351,-0.0005
2023-02-03 14:30:00,394.2824401855469,0,0.5298875533201408,0.0,-0.006111295280818774,0.0
2023-02-06 14:30:00,391.87286376953125,1,0.6242957991805402,1.0,0.013078610594748463,0.012578610594748463
2023-02-07 14:30:00,396.9980163574219,0,0.4037619308873927,0.0,-0.01093487954451866,-0.0005
2023-02-08 14:30:00,392.6568908691406,0,0.5141409461466458,0.0,-0.00866904735609253,0.0
2023-02-09 14:30:00,389.2529296875,1,0.6019843372739825,1.0,0.0023335873505687665,0.0018335873505687665
2023-02-10 14:30:00,390.1612854003906,1,0.4918891134875487,1.0,0.011739013618119243,0.011739013618119243
2023-02-13 14:30:00,394.74139404296875,0,0.5691070804017972,1.0,-0.0004602282540410174,-0.0004602282540410174
2023-02-14 14:30:00,394.5597229003906,1,0.635413039902355,1.0,0.0032472903989835267,0.0032472903989835267
2023-02-15 14:30:00,395.8409729003906,0,0.4254366868822846,0.0,-0.013768648739329703,-0.0005
2023-02-16 14:30:00,390.3907775878906,0,0.5913563858876785,1.0,-0.0024982167041566194,-0.0029982167041566195
2023-02-17 14:30:00,389.4154968261719,0,0.5047385432330667,1.0,-0.02006094338822695,-0.02006094338822695
2023-02-21 14:30:00,381.60345458984375,0,0.590742769764116,1.0,-0.0013781568733265415,-0.0013781568733265415
2023-02-22 14:30:00,381.0775451660156,1,0.5647936079493902,1.0,0.00531946883952461,0.00531946883952461
2023-02-23 14:30:00,383.10467529296875,0,0.6229892084471678,1.0,-0.010682535507418045,-0.010682535507418045
2023-02-24 14:30:00,379.01214599609375,1,0.5959395555453896,1.0,0.0034059424435985974,0.0034059424435985974
2023-02-27 14:30:00,380.30303955078125,0,0.565773419640095,1.0,-0.003695943674132951,-0.003695943674132951
2023-02-28 14:30:00,378.8974609375,0,0.5814433509163064,1.0,-0.0038358653937848874,-0.0038358653937848874
2023-03-01 14:30:00,377.4440612792969,1,0.5301686712426031,1.0,0.0077771121758765105,0.0077771121758765105
2023-03-02 14:30:00,380.3794860839844,1,0.6755355762777512,1.0,0.016037836135675665,0.016037836135675665
2023-03-03 14:30:00,386.4799499511719,1,0.5042217846774201,1.0,0.000692820495610702,0.000692820495610702
2023-03-06 14:30:00,386.7477111816406,0,0.5684372484448649,1.0,-0.01532871315113793,-0.01532871315113793
2023-03-07 14:30:00,380.8193664550781,1,0.5003930746166528,1.0,0.0016320624706649411,0.0016320624706649411
2023-03-08 14:30:00,381.4408874511719,0,0.5769417391004906,1.0,-0.01844971479843871,-0.01844971479843871
2023-03-09 14:30:00,374.4034118652344,0,0.5625656638996013,1.0,-0.014429531486900848,-0.014429531486900848
2023-03-10 14:30:00,369.0009460449219,0,0.5833775070610314,1.0,-0.001425390543362881,-0.001425390543362881
2023-03-13 13:30:00,368.4749755859375,1,0.626542362838257,1.0,0.016530221328341144,0.016530221328341144
2023-03-14 13:30:00,374.5659484863281,0,0.5732075007225309,1.0,-0.006254472441531211,-0.006254472441531211
2023-03-15 13:30:00,372.2232360839844,1,0.6003877254528546,1.0,0.01754536418799657,0.01754536418799657
2023-03-16 13:30:00,378.7540283203125,0,0.4560913036413493,1.0,-0.011692841808548682,-0.011692841808548682
2023-03-17 13:30:00,374.3253173828125,1,0.5679407002081456,1.0,0.00961568877338892,0.00961568877338892
2023-03-20 13:30:00,377.9247131347656,1,0.6028235283297031,1.0,0.01313058303335235,0.01313058303335235
2023-03-21 13:30:00,382.8870849609375,0,0.6016138314040047,1.0,-0.017046503375777178,-0.017046503375777178
2023-03-22 13:30:00,376.3601989746094,1,0.46685503835166603,1.0,0.002703329257135456,0.002703329257135456
2023-03-23 13:30:00,377.37762451171875,1,0.5474240172314998,1.0,0.006561830063456675,0.006561830063456675
2023-03-24 13:30:00,379.8539123535156,1,0.5937587701329217,1.0,0.0018700812152081525,0.0018700812152081525
2023-03-27 13:30:00,380.56427001953125,0,0.5431496810847722,1.0,-0.0022446078010766035,-0.0022446078010766035
2023-03-28 13:30:00,379.7100524902344,1,0.588717206572688,1.0,0.014534807321999521,0.014534807321999521
2023-03-29 13:30:00,385.22906494140625,1,0.3857021098085818,0.0,0.005855257143481785,-0.0005
2023-03-30 13:30:00,387.48468017578125,1,0.5414533163486676,0.0,0.01409471676126306,0.0
2023-03-31 13:30:00,392.9461669921875,1,0.4730601491839553,0.0,0.003810404735610007,0.0
2023-04-03 13:30:00,394.4434509277344,0,0.5858455117534757,1.0,-0.005548032308860806,-0.006048032308860807
2023-04-04 13:30:00,392.25506591796875,0,0.5156494906117886,1.0,-0.0026184482970827982,-0.0026184482970827982
2023-04-05 13:30:00,391.22796630859375,1,0.6426923461615323,1.0,0.0039010096758456125,0.0039010096758456125
2023-04-06 13:30:00,392.754150390625,1,0.5905257061439598,1.0,0.0010265142308703012,0.0010265142308703012
2023-04-10 13:30:00,393.1573181152344,1,0.6095383233265814,1.0,0.0002684938010066862,0.0002684938010066862
2023-04-11 13:30:00,393.26287841796875,0,0.6428366155412858,1.0,-0.004076068188897497,-0.004076068188897497
2023-04-12 13:30:00,391.659912109375,1,0.5927865158926183,1.0,0.013282777690855285,0.013282777690855285
2023-04-13 13:30:00,396.86224365234375,0,0.6545558910823107,1.0,-0.0024427919758124306,-0.0024427919758124306
2023-04-14 13:30:00,395.8927917480469,1,0.593996246953783,1.0,0.0035881740111767257,0.0035881740111767257
2023-04-17 13:30:00,397.3133239746094,1,0.5277451447900456,1.0,0.0006521924642928223,0.0006521924642928223
2023-04-18 13:30:00,397.57244873046875,0,0.5442299015359986,1.0,-0.00016864126112037248,-0.00016864126112037248
2023-04-19 13:30:00,397.5054016113281,0,0.58110404360707,1.0,-0.005457390093875358,-0.005457390093875358
2023-04-20 13:30:00,395.3360595703125,1,0.6128224006548187,1.0,0.0007769577714766829,0.0007769577714766829
2023-04-21 13:30:00,395.6432189941406,1,0.5875236208533106,1.0,0.0010431613806292095,0.0010431613806292095
2023-04-24 13:30:00,396.0559387207031,0,0.568622943100174,1.0,-0.015873680002582824,-0.015873680002582824
2023-04-25 13:30:00,389.7690734863281,0,0.616155284983838,1.0,-0.004235843962156816,-0.004235843962156816
2023-04-26 13:30:00,388.1180725097656,1,0.6149187890973754,1.0,0.019908155881342537,0.019908155881342537
2023-04-27 13:30:00,395.84478759765625,1,0.5526700094311443,1.0,0.008535320446884764,0.008535320446884764
2023-04-28 13:30:00,399.22344970703125,0,0.5379352695003611,1.0,-0.0010096505407455325,-0.0010096505407455325
2023-05-01 13:30:00,398.82037353515625,0,0.5141794898845881,1.0,-0.011239505909838798,-0.011239505909838798
2023-05-02 13:30:00,394.33782958984375,0,0.5282442313516633,1.0,-0.006863900324896255,-0.006863900324896255
2023-05-03 13:30:00,391.6311340332031,0,0.474762507689934,1.0,-0.007082928354303686,-0.007082928354303686
2023-05-04 13:30:00,388.85723876953125,1,0.4903766182541078,1.0,0.01851244938618324,0.01851244938618324
2023-05-05 13:30:00,396.0559387207031,1,0.4510133645775661,1.0,0.0002666828787665221,0.0002666828787665221
2023-05-08 13:30:00,396.16156005859375,0,0.5475783914197153,1.0,-0.004385420950031471,-0.004385420950031471
2023-05-09 13:30:00,394.4242248535156,1,0.5819314424192009,1.0,0.004672523711374943,0.004672523711374943
2023-05-10 13:30:00,396.2671813964844,0,0.4942310546201988,1.0,-0.001744105048924971,-0.001744105048924971
2023-05-11 13:30:00,395.5760498046875,0,0.5093370012540114,1.0,-0.0013102677655305595,-0.0013102677655305595
2023-05-12 13:30:00,395.0577392578125,1,0.553883765044783,1.0,0.0034500680249407445,0.0034500680249407445
2023-05-15 13:30:00,396.42071533203125,0,0.5149405300411125,1.0,-0.00668264624384729,-0.00668264624384729
2023-05-16 13:30:00,393.7715759277344,1,0.5785746175735876,1.0,0.012138781767833118,0.012138781767833118
2023-05-17 13:30:00,398.5514831542969,1,0.5102740338555903,1.0,0.009633426711950888,0.009633426711950888
2023-05-18 13:30:00,402.3908996582031,0,0.6865098179338984,1.0,-0.0014549265881690365,-0.0014549265881690365
2023-05-19 13:30:00,401.8054504394531,1,0.6944717515223363,1.0,0.00040603474262934647,0.00040603474262934647
2023-05-22 13:30:00,401.9685974121094,0,0.5873194271510759,1.0,-0.011222918942852322,-0.011222918942852322
2023-05-23 13:30:00,397.45733642578125,0,0.5371030174006471,1.0,-0.007244844509494142,-0.007244844509494142
2023-05-24 13:30:00,394.57781982421875,1,0.5545314609757706,1.0,0.008659791549976426,0.008659791549976426
2023-05-25 13:30:00,397.9947814941406,1,0.5489291745068896,1.0,0.0129507411459715,0.0129507411459715
2023-05-26 13:30:00,403.14910888671875,1,0.5937548680174992,1.0,0.00038098799505537073,0.00038098799505537073
2023-05-30 13:30:00,403.3027038574219,0,0.570296279506778,1.0,-0.005545187619041769,-0.005545187619041769
2023-05-31 13:30:00,401.0663146972656,1,0.5544396837466193,1.0,0.009501039442507908,0.009501039442507908
2023-06-01 13:30:00,404.8768615722656,1,0.615815574739841,1.0,0.014461214117278187,0.014461214117278187
2023-06-02 13:30:00,410.73187255859375,0,0.4644456804464175,1.0,-0.001916283858174661,-0.001916283858174661
2023-06-05 13:30:00,409.9447937011719,1,0.6523259186805334,1.0,0.002177312991199054,0.002177312991199054
2023-06-06 13:30:00,410.8373718261719,0,0.642804323680424,1.0,-0.0034576509440906733,-0.0034576509440906733
2023-06-07 13:30:00,409.4168395996094,1,0.6611933599686597,1.0,0.006048478317049355,0.006048478317049355
2023-06-08 13:30:00,411.8931884765625,1,0.706362669829877,1.0,0.0017944099229778576,0.0017944099229778576
2023-06-09 13:30:00,412.6322937011719,1,0.7005578670087297,1.0,0.009071945513449808,0.009071945513449808
2023-06-12 13:30:00,416.37567138671875,1,0.52339177090258,1.0,0.006592812353275912,0.006592812353275912
2023-06-13 13:30:00,419.1207580566406,1,0.3389496990024348,0.0,0.0011907163877831195,-0.0005
2023-06-14 13:30:00,419.61981201171875,1,0.6748772906943419,1.0,0.012397944393430782,0.011897944393430782
2023-06-15 13:30:00,424.8222351074219,0,0.532083241217102,1.0,-0.0034063248105771216,-0.0034063248105771216
2023-06-16 13:30:00,423.3751525878906,0,0.753234087514577,1.0,-0.005188292758454338,-0.005188292758454338
2023-06-20 13:30:00,421.1785583496094,0,0.523901954327254,1.0,-0.005123692693211224,-0.005123692693211224
2023-06-21 13:30:00,419.02056884765625,1,0.5842698998803197,1.0,0.0036097099690570733,0.0036097099690570733
2023-06-22 13:30:00,420.5331115722656,0,0.42543512427786406,0.0,-0.0075598534662010275,-0.0005
2023-06-23 13:30:00,417.35394287109375,0,0.7297758044054697,1.0,-0.004085814311852065,-0.0045858143118520656
2023-06-26 13:30:00,415.6487121582031,1,0.651714691542791,1.0,0.010963307794132016,0.010963307794132016
2023-06-27 13:30:00,420.2055969238281,1,0.5868324645723241,1.0,0.0005043104234006002,0.0005043104234006002
2023-06-28 13:30:00,420.4175109863281,1,0.6240967970663167,1.0,0.003941423498616148,0.003941423498616148
2023-06-29 13:30:00,422.0745544433594,1,0.6186162667176481,1.0,0.011800769297566793,0.011800769297566793
2023-06-30 13:30:00,427.05535888671875,1,0.6928899074208014,1.0,0.0011504421616792548,0.0011504421616792548
2023-07-03 13:30:00,427.5466613769531,0,0.7736658440420212,1.0,-0.0014872394413387724,-0.0014872394413387724
2023-07-05 13:30:00,426.9107971191406,0,0.6987157856460089,1.0,-0.00783057389395525,-0.00783057389395525
2023-07-06 13:30:00,423.5678405761719,0,0.6062982559729333,1.0,-0.0025248080420355867,-0.0025248080420355867
2023-07-07 13:30:00,422.4984130859375,1,0.6009558909073046,1.0,0.002531198833205739,0.002531198833205739
2023-07-10 13:30:00,423.5678405761719,1,0.5795539425191196,1.0,0.006368470383345315,0.006368470383345315
2023-07-11 13:30:00,426.26531982421875,1,0.4888318026068836,1.0,0.008046041691992745,0.008046041691992745
2023-07-12 13:30:00,429.695068359375,1,0.5435616856675937,1.0,0.007936792022413153,0.007936792022413153
2023-07-13 13:30:00,433.10546875,0,0.43537474150884387,0.0,-0.0006228156708004695,-0.0005
2023-07-14 13:30:00,432.8357238769531,1,0.7376751931094158,1.0,0.0034722161018971853,0.0029722161018971853
2023-07-17 13:30:00,434.338623046875,1,0.6956847261242319,1.0,0.007430647013491942,0.007430647013491942
2023-07-18 13:30:00,437.5660400390625,1,0.7968447539718033,1.0,0.0022236459284465937,0.0022236459284465937
2023-07-19 13:30:00,438.5390319824219,0,0.5077573387971226,1.0,-0.006634425064858895,-0.006634425064858895
2023-07-20 13:30:00,435.62957763671875,0,0.6375951888259153,1.0,0.0,0.0
2023-07-21 13:30:00,435.62957763671875,1,0.6425882914259999,1.0,0.004467271138958395,0.004467271138958395
2023-07-24 13:30:00,437.5756530761719,1,0.5422151307501851,1.0,0.002730205902592653,0.002730205902592653
2023-07-25 13:30:00,438.77032470703125,1,0.4649951929865257,1.0,0.00015357194574394661,0.00015357194574394661
2023-07-26 13:30:00,438.83770751953125,0,0.6307119856090835,1.0,-0.006629979177784628,-0.006629979177784628
2023-07-27 13:30:00,435.92822265625,1,0.6525038661371694,1.0,0.009790474931702153,0.009790474931702153
2023-07-28 13:30:00,440.1961669921875,1,0.4925903053687153,1.0,0.0019039335434780646,0.0019039335434780646
2023-07-31 13:30:00,441.0342712402344,0,0.4934114712979159,1.0,-0.002861648273700834,-0.002861648273700834
2023-08-01 13:30:00,439.7721862792969,0,0.5310668854450084,1.0,-0.01391073356115402,-0.01391073356115402
2023-08-02 13:30:00,433.6546325683594,0,0.5689110418260387,1.0,-0.002866010860665291,-0.002866010860665291
2023-08-03 13:30:00,432.4117736816406,0,0.578113255164618,1.0,-0.0045226750935422055,-0.0045226750935422055
2023-08-04 13:30:00,430.45611572265625,1,0.5668022387665163,1.0,0.008728562671913798,0.008728562671913798
2023-08-07 13:30:00,434.21337890625,0,0.5809326673460065,1.0,-0.004348656030964793,-0.004348656030964793
2023-08-08 13:30:00,432.32513427734375,0,0.5074033139810256,1.0,-0.006685241094615879,-0.006685241094615879
2023-08-09 13:30:00,429.4349365234375,1,0.5388473857331443,1.0,0.00035887571416259867,0.00035887571416259867
2023-08-10 13:30:00,429.58905029296875,0,0.5569045937630551,1.0,-0.0005830881422120848,-0.0005830881422120848
2023-08-11 13:30:00,429.33856201171875,1,0.5107040444326707,1.0,0.005520107735216273,0.005520107735216273
2023-08-14 13:30:00,431.70855712890625,0,0.4497317767961132,0.0,-0.011648901975693016,-0.0005
2023-08-15 13:30:00,426.67962646484375,0,0.6285667919619956,1.0,-0.007338086397121635,-0.007838086397121635
2023-08-16 13:30:00,423.5486145019531,0,0.5318463179059575,1.0,-0.007620016685831343,-0.007620016685831343
2023-08-17 13:30:00,420.3211669921875,1,0.6234473226979494,1.0,0.00048130106517896287,0.00048130106517896287
2023-08-18 13:30:00,420.5234680175781,1,0.5697538481838038,1.0,0.006506303868592855,0.006506303868592855
2023-08-21 13:30:00,423.259521484375,0,0.6546998244927738,1.0,-0.0027085588903545954,-0.0027085588903545954
2023-08-22 13:30:00,422.11309814453125,1,0.6130141747683576,1.0,0.011137594364060366,0.011137594364060366
2023-08-23 13:30:00,426.8144226074219,0,0.5015726417935906,1.0,-0.01385893104139857,-0.01385893104139857
2023-08-24 13:30:00,420.89923095703125,1,0.619685907637379,1.0,0.007049798194985968,0.007049798194985968
2023-08-25 13:30:00,423.8664855957031,1,0.5737481337180866,1.0,0.006341375928172299,0.006341375928172299
2023-08-28 13:30:00,426.55438232421875,1,0.5737819748173026,1.0,0.014454830942724817,0.014454830942724817
2023-08-29 13:30:00,432.72015380859375,1,0.5738242030433186,1.0,0.004118658552909382,0.004118658552909382
2023-08-30 13:30:00,434.50238037109375,0,0.6682919731438149,1.0,-0.0014633607753571365,-0.0014633607753571365
2023-08-31 13:30:00,433.8665466308594,1,0.7416416110021559,1.0,0.0018652397678571297,0.0018652397678571297
2023-09-01 13:30:00,434.6758117675781,0,0.782292892679248,1.0,-0.004321914265616789,-0.004321914265616789
2023-09-05 13:30:00,432.79718017578125,0,0.43852923714488673,0.0,-0.006722442933942974,-0.0005
2023-09-06 13:30:00,429.8877258300781,0,0.4603455018356003,0.0,-0.003070302254751911,0.0
2023-09-07 13:30:00,428.5678405761719,1,0.6207375984955812,1.0,0.0015060550891452529,0.0010060550891452529
2023-09-08 13:30:00,429.2132873535156,1,0.6520393251322785,1.0,0.006576789540672756,0.006576789540672756
2023-09-11 13:30:00,432.0361328125,0,0.6344178773037428,1.0,-0.005485640985070206,-0.005485640985070206
2023-09-12 13:30:00,429.6661376953125,1,0.48037790870037583,1.0,0.0011660380842797302,0.0011660380842797302
2023-09-13 13:30:00,430.1671447753906,1,0.4531195052719153,1.0,0.008622406366416202,0.008622406366416202
2023-09-14 13:30:00,433.876220703125,0,0.5656777893585854,1.0,-0.012048386833577451,-0.012048386833577451
2023-09-15 13:30:00,428.6487121582031,1,0.5940704367332746,1.0,0.0005863607338791876,0.0005863607338791876
2023-09-18 13:30:00,428.9000549316406,0,0.57627619849733,1.0,-0.0020737577536447116,-0.0020737577536447116
2023-09-19 13:30:00,428.0106201171875,0,0.5284870348197482,1.0,-0.009193334898152217,-0.009193334898152217
2023-09-20 13:30:00,424.0757751464844,0,0.5348834757239902,1.0,-0.016528360624534222,-0.016528360624534222
2023-09-21 13:30:00,417.0664978027344,0,0.7153560094590375,1.0,-0.002248501529477198,-0.002248501529477198
2023-09-22 13:30:00,416.12872314453125,1,0.6965336905610803,1.0,0.004205209469902105,0.004205209469902105
2023-09-25 13:30:00,417.8786315917969,0,0.6682945223727899,1.0,-0.014691324728528299,-0.014691324728528299
2023-09-26 13:30:00,411.73944091796875,1,0.562114761886493,1.0,0.00039920313539743013,0.00039920313539743013
2023-09-27 13:30:00,411.90380859375,1,0.5695049409164473,1.0,0.00579739716138028,0.00579739716138028
2023-09-28 13:30:00,414.2917785644531,0,0.599122359791085,1.0,-0.002426943276471416,-0.002426943276471416
2023-09-29 13:30:00,413.28631591796875,0,0.6740193872913148,1.0,-0.00039763513059487554,-0.00039763513059487554
2023-10-02 13:30:00,413.1219787597656,0,0.7098203233005598,1.0,-0.013386095672356046,-0.013386095672356046
2023-10-03 13:30:00,407.5918884277344,1,0.6265752956159512,1.0,0.007282061334215273,0.007282061334215273
2023-10-04 13:30:00,410.55999755859375,0,0.6845721046356278,1.0,-0.00037693550173456547,-0.00037693550173456547
2023-10-05 13:30:00,410.4052429199219,1,0.6550746475114602,1.0,0.011872926249607785,0.011872926249607785
2023-10-06 13:30:00,415.2779541015625,1,0.5917749564866279,1.0,0.006402050349254784,0.006402050349254784
2023-10-09 13:30:00,417.93658447265625,1,0.6350275105332148,1.0,0.005204912819663621,0.005204912819663621
2023-10-10 13:30:00,420.1119079589844,1,0.5943688387648975,1.0,0.004096402013420208,0.004096402013420208
2023-10-11 13:30:00,421.8328552246094,0,0.5454721959179625,1.0,-0.006096601519581801,-0.006096601519581801
2023-10-12 13:30:00,419.2611083984375,0,0.6017953231681541,1.0,-0.004980948218810566,-0.004980948218810566
2023-10-13 13:30:00,417.17279052734375,1,0.5711993342451402,1.0,0.010521570063551255,0.010521570063551255
2023-10-16 13:30:00,421.5621032714844,0,0.5454453550897328,1.0,-4.604109225392339e-05,-4.604109225392339e-05
2023-10-17 13:30:00,421.5426940917969,0,0.5920565257586127,1.0,-0.013325021423486683,-0.013325021423486683
2023-10-18 13:30:00,415.9256286621094,0,0.6249171313260912,1.0,-0.0087862317046139,-0.0087862317046139
2023-10-19 13:30:00,412.2712097167969,0,0.5563564100151773,1.0,-0.012288124709320725,-0.012288124709320725
2023-10-20 13:30:00,407.2051696777344,0,0.5484918521752855,1.0,-0.001733154596925357,-0.001733154596925357
2023-10-23 13:30:00,406.4994201660156,1,0.6276945935979366,1.0,0.0075393164938624135,0.0075393164938624135
2023-10-24 13:30:00,409.56414794921875,0,0.6936284696629252,1.0,-0.014352192055823498,-0.014352192055823498
2023-10-25 13:30:00,403.6860046386719,0,0.5247636725062248,1.0,-0.011974539126637818,-0.011974539126637818
2023-10-26 13:30:00,398.85205078125,0,0.5799659286443481,1.0,-0.004532891023922403,-0.004532891023922403
2023-10-27 13:30:00,397.0440979003906,1,0.5450001276374832,1.0,0.011955874177317805,0.011955874177317805
2023-10-30 13:30:00,401.7911071777344,1,0.5967339586085163,1.0,0.006280243395604623,0.006280243395604623
2023-10-31 13:30:00,404.314453125,1,0.6988159912041827,1.0,0.010664617842702562,0.010664617842702562
2023-11-01 13:30:00,408.6263122558594,1,0.510591649114434,1.0,0.019164417391151156,0.019164417391151156
2023-11-02 13:30:00,416.4573974609375,1,0.48450555602455087,1.0,0.009123454289591049,0.009123454289591049
2023-11-03 13:30:00,420.2569274902344,1,0.46201350895506393,1.0,0.002300417421303269,0.002300417421303269
2023-11-06 14:30:00,421.22369384765625,1,0.6073447810523475,1.0,0.0028462633791259684,0.0028462633791259684
2023-11-07 14:30:00,422.422607421875,1,0.5256205365185973,1.0,0.0007321225978085266,0.0007321225978085266
2023-11-08 14:30:00,422.73187255859375,0,0.619633004533299,1.0,-0.007798685511300141,-0.007798685511300141
2023-11-09 14:30:00,419.43511962890625,1,0.38386681412870033,0.0,0.015604788981413709,-0.0005
2023-11-10 14:30:00,425.9803161621094,0,0.6990450763490875,1.0,-0.0009531094371517668,-0.0014531094371517668
2023-11-13 14:30:00,425.5743103027344,1,0.6584809197306352,1.0,0.019400699264744414,0.019400699264744414
2023-11-14 14:30:00,433.83074951171875,1,0.6133129148365634,1.0,0.002117086057831896,0.002117086057831896
2023-11-15 14:30:00,434.74920654296875,1,0.44325349501473443,0.0,0.001223092010858906,-0.0005
2023-11-16 14:30:00,435.28094482421875,1,0.3109108476386817,0.0,0.0012437526668118704,0.0
2023-11-17 14:30:00,435.82232666015625,1,0.41871816729265593,0.0,0.007697696229948647,0.0
2023-11-20 14:30:00,439.1771545410156,0,0.4475000692593014,0.0,-0.002179493691767731,0.0
2023-11-21 14:30:00,438.219970703125,1,0.4183002519237066,0.0,0.00386090356884794,0.0
2023-11-22 14:30:00,439.9118957519531,1,0.30636840581805963,0.0,0.0006152604714813048,0.0
2023-11-24 14:30:00,440.18255615234375,0,0.27241511533812357,0.0,-0.001800968974969508,0.0
2023-11-27 14:30:00,439.3898010253906,1,0.4826709528003056,0.0,0.0009900732223566688,0.0
2023-11-28 14:30:00,439.8248291015625,0,0.5008586882111447,0.0,-0.0007033634051197835,0.0
2023-11-29 14:30:00,439.5154724121094,1,0.46433648446475234,0.0,0.003937496923179573,0.0
2023-11-30 14:30:00,441.2460632324219,1,0.3223571251338075,0.0,0.005915863686980938,0.0
2023-12-01 14:30:00,443.8564147949219,0,0.4641527449168811,0.0,-0.005249346358470519,0.0
2023-12-04 14:30:00,441.5264587402344,0,0.5314894313404219,0.0,-0.00019719463843470564,0.0
2023-12-05 14:30:00,441.43939208984375,0,0.45362891567357355,0.0,-0.004029633836950541,0.0
2023-12-06 14:30:00,439.6605529785156,1,0.7025367263231415,1.0,0.007630356698994145,0.007130356698994145
2023-12-07 14:30:00,443.01531982421875,1,0.5370743236583327,1.0,0.004299178754217703,0.004299178754217703
2023-12-08 14:30:00,444.919921875,1,0.49674812530544743,1.0,0.003889668084583242,0.003889668084583242
2023-12-11 14:30:00,446.6505126953125,1,0.4169830258774147,0.0,0.004567143514238037,-0.0005
2023-12-12 14:30:00,448.6904296875,1,0.5549085846351337,1.0,0.013790063422416399,0.013290063422416398
2023-12-13 14:30:00,454.8778991699219,1,0.5921054983565794,1.0,0.0032092982970846062,0.0032092982970846062
2023-12-14 14:30:00,456.3377380371094,0,0.6543800607121587,1.0,-0.0016464620626585047,-0.0016464620626585047
2023-12-15 14:30:00,455.5863952636719,1,0.7809443952981965,1.0,0.0056251551127679544,0.0056251551127679544
2023-12-18 14:30:00,458.1491394042969,1,0.6365803916476902,1.0,0.0060808128834979325,0.0060808128834979325
2023-12-19 14:30:00,460.93505859375,0,0.5886031973348289,1.0,-0.013857197336850313,-0.013857197336850313
2023-12-20 14:30:00,454.54779052734375,1,0.46329467279579245,1.0,0.009481878761340878,0.009481878761340878
2023-12-21 14:30:00,458.8577575683594,1,0.41777055492886184,0.0,0.0020097964524921075,-0.0005
2023-12-22 14:30:00,459.77996826171875,1,0.5286149116055833,0.0,0.004222468102166088,0.0
2023-12-26 14:30:00,461.72137451171875,1,0.5358276491120179,0.0,0.0018080348792433032,0.0
2023-12-27 14:30:00,462.5561828613281,1,0.46316769962863685,0.0,0.0003777782220157899,0.0
2023-12-28 14:30:00,462.7309265136719,0,0.5604126232292116,1.0,-0.002894986119617915,-0.003394986119617915
2023-12-29 14:30:00,461.3913269042969,0,0.5009260399418947,1.0,-0.00559638348657121,-0.00559638348657121
2024-01-02 14:30:00,458.8092041015625,0,0.5412959452468555,1.0,-0.008166680634763557,-0.008166680634763557
2024-01-03 14:30:00,455.062255859375,0,0.702701631949903,1.0,-0.003221075305737564,-0.003221075305737564
2024-01-04 14:30:00,453.5964660644531,1,0.5666760871696817,1.0,0.0013696686415112236,0.0013696686415112236
2024-01-05 14:30:00,454.2177429199219,1,0.5614815845031058,1.0,0.014275850257934763,0.014275850257934763
2024-01-08 14:30:00,460.70208740234375,0,0.46271526842867594,1.0,-0.0015169956372050875,-0.0015169956372050875
2024-01-09 14:30:00,460.0032043457031,1,0.6061874413827707,1.0,0.0056553985717209265,0.0056553985717209265
2024-01-10 14:30:00,462.6047058105469,0,0.5379821450735484,1.0,-0.000440541101633829,-0.000440541101633829
2024-01-11 14:30:00,462.4009094238281,1,0.6082106683893896,1.0,0.0006925839857079286,0.0006925839857079286
2024-01-12 14:30:00,462.7211608886719,0,0.5730289021875214,1.0,-0.0036711092873069617,-0.0036711092873069617
2024-01-16 14:30:00,461.0224609375,0,0.5846962998163472,1.0,-0.00555869468975001,-0.00555869468975001
2024-01-17 14:30:00,458.45977783203125,1,0.6134481826806222,1.0,0.008892810333086754,0.008892810333086754
2024-01-18 14:30:00,462.5367736816406,1,0.5819507438653765,1.0,0.012466016842384464,0.012466016842384464
2024-01-19 14:30:00,468.3027648925781,1,0.5777238263533631,1.0,0.0021144522980747205,0.0021144522980747205
2024-01-22 14:30:00,469.29296875,1,0.6201530995296076,1.0,0.002916478516551635,0.002916478516551635
2024-01-23 14:30:00,470.6616516113281,1,0.4268474040896173,0.0,0.0010930683013370412,-0.0005
2024-01-24 14:30:00,471.1761169433594,1,0.5798308914189941,1.0,0.005438971821559724,0.004938971821559723
2024-01-25 14:30:00,473.73883056640625,0,0.7542110931490386,1.0,-0.0012703986234009479,-0.0012703986234009479
2024-01-26 14:30:00,473.1369934082031,1,0.5679633691639467,1.0,0.007919243811482346,0.007919243811482346
2024-01-29 14:30:00,476.8838806152344,0,0.48759351224854647,1.0,-0.0007733642226800397,-0.0007733642226800397
2024-01-30 14:30:00,476.51507568359375,0,0.48322150071168435,1.0,-0.016317325635504476,-0.016317325635504476
2024-01-31 14:30:00,468.7396240234375,1,0.5909066646230813,1.0,0.013088180337325284,0.013088180337325284
2024-02-01 14:30:00,474.87457275390625,1,0.5786242190768872,1.0,0.01052742519772587,0.01052742519772587
2024-02-02 14:30:00,479.873779296875,0,0.4960160132239333,1.0,-0.003641259527168539,-0.003641259527168539
2024-02-05 14:30:00,478.1264343261719,1,0.5565967151980464,1.0,0.002903317985603948,0.002903317985603948
2024-02-06 14:30:00,479.51458740234375,1,0.4488533826136914,0.0,0.008340496313372414,-0.0005
2024-02-07 14:30:00,483.51397705078125,1,0.7823817981455723,1.0,0.00044168735932181846,-5.831264067818155e-05
2024-02-08 14:30:00,483.7275390625,1,0.6359423480063441,1.0,0.005779335583653067,0.005779335583653067
2024-02-09 14:30:00,486.5231628417969,0,0.5966451751468507,1.0,-0.0004389554866645051,-0.0004389554866645051
2024-02-12 14:30:00,486.3096008300781,0,0.6403037164800367,1.0,-0.013772989470670738,-0.013772989470670738
2024-02-13 14:30:00,479.6116638183594,1,0.7594583048108985,1.0,0.009087603235319097,0.009087603235319097
2024-02-14 14:30:00,483.9701843261719,1,0.6397932782809022,1.0,0.006899793709901791,0.006899793709901791
2024-02-15 14:30:00,487.3094787597656,0,0.7354937445277946,1.0,-0.0049800362058063374,-0.0049800362058063374
2024-02-16 14:30:00,484.8826599121094,0,0.621104062794109,1.0,-0.005505318738834419,-0.005505318738834419
2024-02-20 14:30:00,482.2132263183594,1,0.6795756336265334,1.0,0.0009056295413192306,0.0009056295413192306
2024-02-21 14:30:00,482.6499328613281,1,0.6794712800792129,1.0,0.020695682007107807,0.020695682007107807
2024-02-22 14:30:00,492.6387023925781,1,0.32878066383492616,0.0,0.0006896579493562704,-0.0005
2024-02-23 14:30:00,492.97845458984375,0,0.6109646353517681,1.0,-0.0036624551393661386,-0.004162455139366139
2024-02-26 14:30:00,491.1729431152344,1,0.656318978308592,1.0,0.00185756167148865,0.00185756167148865
2024-02-27 14:30:00,492.0853271484375,0,0.5595054933184787,1.0,-0.0013216409259561024,-0.0013216409259561024
2024-02-28 14:30:00,491.4349670410156,1,0.6508224200822407,1.0,0.003595092471804451,0.003595092471804451
2024-02-29 14:30:00,493.20172119140625,1,0.589486106184071,1.0,0.009388268247338072,0.009388268247338072
2024-03-01 14:30:00,497.83203125,0,0.5388109163194985,1.0,-0.0010725214798540383,-0.0010725214798540383
2024-03-04 14:30:00,497.298095703125,0,0.6891560590407211,1.0,-0.009994130882066354,-0.009994130882066354
2024-03-05 14:30:00,492.3280334472656,1,0.6529320630017791,1.0,0.005067253552665463,0.005067253552665463
2024-03-06 14:30:00,494.8227844238281,1,0.5204099395704355,1.0,0.00992657554698595,0.00992657554698595
2024-03-07 14:30:00,499.73468017578125,0,0.5507765814616697,1.0,-0.006002330582402515,-0.006002330582402515
2024-03-08 14:30:00,496.735107421875,0,0.6751123087695833,1.0,-0.0008598627660008074,-0.0008598627660008074
2024-03-11 13:30:00,496.3079833984375,1,0.5102424760445274,1.0,0.010757411600059497,0.010757411600059497
2024-03-12 13:30:00,501.64697265625,0,0.5825948329388564,1.0,-0.0015675903493668208,-0.0015675903493668208
2024-03-13 13:30:00,500.860595703125,0,0.5925093613932969,1.0,-0.0019768221201301728,-0.0019768221201301728
2024-03-14 13:30:00,499.8704833984375,0,0.6076861057197748,1.0,-0.006866402649709835,-0.006866402649709835
2024-03-15 13:30:00,496.43817138671875,1,0.5672236816452298,1.0,0.005943093396157062,0.005943093396157062
2024-03-18 13:30:00,499.3885498046875,1,0.530014625805698,1.0,0.005557027624846889,0.005557027624846889
2024-03-19 13:30:00,502.1636657714844,1,0.6231252433861324,1.0,0.009249342703349317,0.009249342703349317
2024-03-20 13:30:00,506.808349609375,1,0.5307190495401304,1.0,0.003304611474516772,0.003304611474516772
2024-03-21 13:30:00,508.483154296875,0,0.4623108396397637,1.0,-0.0018956935239854422,-0.0018956935239854422
2024-03-22 13:30:00,507.51922607421875,0,0.4811273276511935,1.0,-0.002762833583577984,-0.002762833583577984
2024-03-25 13:30:00,506.1170349121094,0,0.570097228489677,1.0,-0.001847032185524733,-0.001847032185524733
2024-03-26 13:30:00,505.1822204589844,1,0.5788247123306153,1.0,0.00840386543014171,0.00840386543014171
2024-03-27 13:30:00,509.4277038574219,0,0.5961732070467636,1.0,-0.00019109890074997526,-0.00019109890074997526
2024-03-28 13:30:00,509.3303527832031,0,0.5571155424200279,1.0,-0.001739751800762357,-0.001739751800762357
2024-04-01 13:30:00,508.4442443847656,0,0.5123845449544941,1.0,-0.006358135831139422,-0.006358135831139422
2024-04-02 13:30:00,505.21148681640625,1,0.5041680227008715,1.0,0.001098474941059191,0.001098474941059191
2024-04-03 13:30:00,505.7664489746094,0,0.5535349154618973,1.0,-0.012206030849658323,-0.012206030849658323
2024-04-04 13:30:00,499.5930480957031,1,0.5244505840001916,1.0,0.010446735059327139,0.010446735059327139
2024-04-05 13:30:00,504.8121643066406,1,0.567251536528924,1.0,0.0005594351482329785,0.0005594351482329785
2024-04-08 13:30:00,505.0945739746094,1,0.5096328594505807,1.0,0.0011567319533956066,0.0011567319533956066
2024-04-09 13:30:00,505.6788330078125,0,0.5586864338391294,1.0,-0.010013105546115564,-0.010013105546115564
2024-04-10 13:30:00,500.61541748046875,1,0.570004644164476,1.0,0.007546924360555707,0.007546924360555707
2024-04-11 13:30:00,504.3935241699219,0,0.517215360434069,1.0,-0.013803149534362014,-0.013803149534362014
2024-04-12 13:30:00,497.4313049316406,0,0.5981208550969173,1.0,-0.012528106889955759,-0.012528106889955759
2024-04-15 13:30:00,491.1994323730469,0,0.5811488978312048,1.0,-0.0018237256178279537,-0.0018237256178279537
2024-04-16 13:30:00,490.3036193847656,0,0.558650275161344,1.0,-0.005918300011035549,-0.005918300011035549
2024-04-17 13:30:00,487.40185546875,0,0.6269644579764078,1.0,-0.0020576433156114238,-0.0020576433156114238
2024-04-18 13:30:00,486.3989562988281,0,0.6437584480218539,1.0,-0.008728334684688588,-0.008728334684688588
2024-04-19 13:30:00,482.15350341796875,1,0.5540017071940323,1.0,0.009209070379865958,0.009209070379865958
2024-04-22 13:30:00,486.59368896484375,1,0.5783577264091185,1.0,0.011866637582815809,0.011866637582815809
2024-04-23 13:30:00,492.367919921875,0,0.6535915141484145,1.0,-0.0004745904155173397,-0.0004745904155173397
2024-04-24 13:30:00,492.1342468261719,0,0.5348039567959836,1.0,-0.0037990221536245983,-0.0037990221536245983
2024-04-25 13:30:00,490.2646179199219,1,0.54849886612045,1.0,0.009473954887369684,0.009473954887369684
2024-04-26 13:30:00,494.90936279296875,1,0.6390089085745356,1.0,0.003541550663215931,0.003541550663215931
2024-04-29 13:30:00,496.662109375,0,0.5510288577786122,1.0,-0.015841287638964863,-0.015841287638964863
2024-04-30 13:30:00,488.7943420410156,0,0.6227619625322169,1.0,-0.0032472127882119395,-0.0032472127882119395
2024-05-01 13:30:00,487.2071228027344,1,0.584357751594695,1.0,0.00935338820028031,0.00935338820028031
2024-05-02 13:30:00,491.76416015625,1,0.5652179643460431,1.0,0.012395396139338155,0.012395396139338155
2024-05-03 13:30:00,497.8597717285156,1,0.5632110813731395,1.0,0.010326857473233364,0.010326857473233364
2024-05-06 13:30:00,503.0010986328125,1,0.621339119151229,1.0,0.0011034840926713585,0.0011034840926713585
2024-05-07 13:30:00,503.55615234375,1,0.5968618872131646,1.0,9.648176106846762e-05,9.648176106846762e-05
2024-05-08 13:30:00,503.604736328125,1,0.5992618291198419,1.0,0.005761926346433022,0.005761926346433022
2024-05-09 13:30:00,506.5064697265625,1,0.6052602658084835,1.0,0.0012882290294196075,0.0012882290294196075
2024-05-10 13:30:00,507.1589660644531,1,0.5308314548356495,1.0,0.00013424729000699465,0.00013424729000699465
2024-05-13 13:30:00,507.22705078125,1,0.6048893642541809,1.0,0.0045881622177876835,0.0045881622177876835
2024-05-14 13:30:00,509.5542907714844,1,0.6037678345532033,1.0,0.012383186875545515,0.012383186875545515
2024-05-15 13:30:00,515.8641967773438,0,0.44744206780975226,0.0,-0.0020576392177918956,-0.0005
2024-05-16 13:30:00,514.802734375,1,0.39732953125917503,0.0,0.001437424832782641,0.0
2024-05-17 13:30:00,515.542724609375,1,0.5563306097908719,1.0,0.0011522908721703917,0.0006522908721703917
2024-05-20 13:30:00,516.1367797851562,1,0.4738679008687036,1.0,0.0024525846446206145,0.0024525846446206145
2024-05-21 13:30:00,517.4026489257812,0,0.43585554719988473,0.0,-0.0028795139861687025,-0.0005
2024-05-22 13:30:00,515.9127807617188,0,0.47760955350099177,0.0,-0.00730439864587884,0.0
2024-05-23 13:30:00,512.1443481445312,1,0.5774409933125632,1.0,0.006616753504033346,0.006116753504033345
2024-05-24 13:30:00,515.5330810546875,1,0.5657204827796527,1.0,0.0006986330659797257,0.0006986330659797257
2024-05-28 13:30:00,515.8932495117188,0,0.5679202057170695,1.0,-0.007002393996021206,-0.007002393996021206
2024-05-29 13:30:00,512.28076171875,0,0.6168399941357504,1.0,-0.006633637579337992,-0.006633637579337992
2024-05-30 13:30:00,508.8824768066406,1,0.5859821176712858,1.0,0.009107912708685051,0.009107912708685051
2024-05-31 13:30:00,513.517333984375,1,0.5455997243723698,1.0,0.000815478230855593,0.000815478230855593
2024-06-03 13:30:00,513.9360961914062,1,0.5563487032282398,1.0,0.0011180085718740518,0.0011180085718740518
2024-06-04 13:30:00,514.5106811523438,1,0.5685631247677944,1.0,0.011884941213510247,0.011884941213510247
2024-06-05 13:30:00,520.6256103515625,0,0.6113269565381492,1.0,-1.864024675468645e-05,-1.864024675468645e-05
2024-06-06 13:30:00,520.6159057617188,0,0.5482578871877586,1.0,-0.0012156246633115986,-0.0012156246633115986
2024-06-07 13:30:00,519.9830322265625,1,0.5442648064428056,1.0,0.003089770854808771,0.003089770854808771
2024-06-10 13:30:00,521.5896606445312,1,0.4901055477246631,1.0,0.002408338672260202,0.002408338672260202
2024-06-11 13:30:00,522.8458251953125,1,0.5190504025513024,1.0,0.00821287495450207,0.00821287495450207
2024-06-12 13:30:00,527.139892578125,1,0.6090075978035115,1.0,0.002013509852188289,0.002013509852188289
2024-06-13 13:30:00,528.2012939453125,1,0.5250830921996031,1.0,0.0006083856691376788,0.0006083856691376788
2024-06-14 13:30:00,528.5226440429688,1,0.5175751351672788,1.0,0.00795905911726269,0.00795905911726269
2024-06-17 13:30:00,532.7291870117188,1,0.3568538862086864,0.0,0.0025407198591695934,-0.0005
2024-06-18 13:30:00,534.0827026367188,0,0.399073007196546,0.0,-0.002716672394016739,0.0
2024-06-20 13:30:00,532.6317749023438,0,0.318348868531159,0.0,-0.001340607764340862,0.0
2024-06-21 13:30:00,531.917724609375,0,0.4102595723248217,0.0,-0.0032507395346381696,0.0
2024-06-24 13:30:00,530.1885986328125,1,0.5254606579511374,0.0,0.0038507542067618417,0.0
2024-06-25 13:30:00,532.230224609375,1,0.47865946551963645,0.0,0.001248271227491493,0.0
2024-06-26 13:30:00,532.8945922851562,1,0.500620712773742,0.0,0.001576461654494432,0.0
2024-06-27 13:30:00,533.7346801757812,0,0.5335334514212831,0.0,-0.003935065191992049,0.0
2024-06-28 13:30:00,531.6343994140625,1,0.5889335532673663,1.0,0.002058023732368186,0.001558023732368186
2024-07-01 13:30:00,532.728515625,1,0.5771808240819976,1.0,0.00672989144183278,0.00672989144183278
2024-07-02 13:30:00,536.313720703125,1,0.5666671508371816,1.0,0.004462519705327184,0.004462519705327184
2024-07-03 13:30:00,538.70703125,1,0.49829216089624545,1.0,0.005766483695770486,0.005766483695770486
2024-07-05 13:30:00,541.8134765625,1,0.3793427258410404,0.0,0.001153871456714528,-0.0005
2024-07-08 13:30:00,542.4386596679688,1,0.4155349309623869,0.0,0.0009723971750748017,0.0
2024-07-09 13:30:00,542.9661254882812,1,0.4377356277813666,0.0,0.009895281643110376,0.0
2024-07-10 13:30:00,548.3389282226562,0,0.32886512594067724,0.0,-0.008622676907853233,0.0
2024-07-11 13:30:00,543.6107788085938,1,0.6291901293770024,1.0,0.006307627031391316,0.005807627031391316
2024-07-12 13:30:00,547.0396728515625,1,0.41651389528874766,0.0,0.0027501763419899294,-0.0005
2024-07-15 13:30:00,548.5441284179688,1,0.6066459664653198,1.0,0.005930114860369873,0.005430114860369872
2024-07-16 13:30:00,551.7970581054688,0,0.5978173748331379,1.0,-0.014021126594645938,-0.014021126594645938
2024-07-17 13:30:00,544.0602416992188,0,0.6440830268580862,1.0,-0.007684978589016733,-0.007684978589016733
2024-07-18 13:30:00,539.879150390625,0,0.5514364251993542,1.0,-0.006640528727991368,-0.006640528727991368
2024-07-19 13:30:00,536.2940673828125,1,0.5340072863631654,1.0,0.010309968244979206,0.010309968244979206
2024-07-22 13:30:00,541.8232421875,0,0.522096677398881,1.0,-0.00156861958772736,-0.00156861958772736
2024-07-23 13:30:00,540.9733276367188,0,0.5395387553782683,1.0,-0.02266253442422783,-0.02266253442422783
2024-07-24 13:30:00,528.7135009765625,0,0.4873659855193383,1.0,-0.0052103090560375875,-0.0052103090560375875
2024-07-25 13:30:00,525.958740234375,1,0.584853067572736,1.0,0.01119966931668226,0.01119966931668226
2024-07-26 13:30:00,531.8493041992188,1,0.5794391800531874,1.0,0.0005876872126906463,0.0005876872126906463
2024-07-29 13:30:00,532.161865234375,0,0.5520450458324716,1.0,-0.005066212177168294,-0.005066212177168294
2024-07-30 13:30:00,529.4658203125,1,0.5353764331089739,1.0,0.016254498103003945,0.016254498103003945
2024-07-31 13:30:00,538.072021484375,0,0.5074600999542972,1.0,-0.0141609832922176,-0.0141609832922176
2024-08-01 13:30:00,530.452392578125,0,0.5347473289120308,1.0,-0.01861848648683473,-0.01861848648683473
2024-08-02 13:30:00,520.576171875,0,0.6228231062301774,1.0,-0.029123637608569286,-0.029123637608569286
2024-08-05 13:30:00,505.41510009765625,1,0.5618889013711904,1.0,0.009219728571944419,0.009219728571944419
2024-08-06 13:30:00,510.07489013671875,0,0.5569052689079529,1.0,-0.006684103406135233,-0.006684103406135233
2024-08-07 13:30:00,506.6654968261719,1,0.5565556201246293,1.0,0.023117299501307587,0.023117299501307587
2024-08-08 13:30:00,518.3782348632812,1,0.5205564135392541,1.0,0.004409457125771121,0.004409457125771121
2024-08-09 13:30:00,520.6640014648438,1,0.5794825784985153,1.0,0.0005256396444828226,0.0005256396444828226
2024-08-12 13:30:00,520.9376831054688,1,0.6418142523558213,1.0,0.016445728510096513,0.016445728510096513
2024-08-13 13:30:00,529.5048828125,1,0.4057536574026453,0.0,0.003154549042534871,-0.0005
2024-08-14 13:30:00,531.1752319335938,1,0.5250964660910202,0.0,0.017140165062293322,0.0
2024-08-15 13:30:00,540.2796630859375,1,0.4298632172259781,0.0,0.002242219842832238,0.0
2024-08-16 13:30:00,541.4910888671875,1,0.6948197800734367,1.0,0.009561204672337897,0.009061204672337897
2024-08-19 13:30:00,546.6683959960938,0,0.40332096095286063,0.0,-0.0016260607383481451,-0.0005
2024-08-20 13:30:00,545.7794799804688,1,0.6734048937182625,1.0,0.003436683597532575,0.002936683597532575
2024-08-21 13:30:00,547.6551513671875,0,0.6058136328069439,1.0,-0.00784840197833847,-0.00784840197833847
2024-08-22 13:30:00,543.35693359375,1,0.6515586988936283,1.0,0.010625272399678254,0.010625272399678254
2024-08-23 13:30:00,549.1302490234375,0,0.6170020671099647,1.0,-0.0023838078459922363,-0.0023838078459922363
2024-08-26 13:30:00,547.8212280273438,1,0.6183249240789335,1.0,0.0013729592647899747,0.0013729592647899747
2024-08-27 13:30:00,548.5733642578125,0,0.5351062779340431,1.0,-0.005805297076289628,-0.005805297076289628
2024-08-28 13:30:00,545.3887329101562,1,0.6284424722155284,1.0,8.952903141112856e-05,8.952903141112856e-05
2024-08-29 13:30:00,545.4375610351562,1,0.6189797861101064,1.0,0.009546185515074246,0.009546185515074246
2024-08-30 13:30:00,550.6444091796875,0,0.4833508881690275,1.0,-0.020578915993978097,-0.020578915993978097
2024-09-03 13:30:00,539.312744140625,0,0.5026014087737161,1.0,-0.002047056959518345,-0.002047056959518345
2024-09-04 13:30:00,538.208740234375,0,0.5414830093493472,1.0,-0.0024320674546598475,-0.0024320674546598475
2024-09-05 13:30:00,536.8997802734375,0,0.42544541107815265,0.0,-0.016830317648955262,-0.0005
2024-09-06 13:30:00,527.8635864257812,1,0.5899165710005727,1.0,0.011196370429751079,0.010696370429751079
2024-09-09 13:30:00,533.7737426757812,1,0.6112752686720799,1.0,0.004355572316210532,0.004355572316210532
2024-09-10 13:30:00,536.0986328125,1,0.4851391465092222,1.0,0.010259078447624193,0.010259078447624193
2024-09-11 13:30:00,541.5985107421875,1,0.5299624612897966,1.0,0.008423235345493163,0.008423235345493163
2024-09-12 13:30:00,546.1605224609375,1,0.5777894729207463,1.0,0.005222783247845975,0.005222783247845975
2024-09-13 13:30:00,549.0130004882812,1,0.541240920313907,1.0,0.0014768156945352828,0.0014768156945352828
2024-09-16 13:30:00,549.8237915039062,1,0.5181106840966238,1.0,0.00040873357753001827,0.00040873357753001827
2024-09-17 13:30:00,550.0485229492188,0,0.5706053227006173,1.0,-0.0029658249921354907,-0.0029658249921354907
2024-09-18 13:30:00,548.4171752929688,1,0.5675198867615576,1.0,0.017064378832593485,0.017064378832593485
2024-09-19 13:30:00,557.7755737304688,0,0.6253503704947709,1.0,-0.001728712126973564,-0.001728712126973564
2024-09-20 13:30:00,556.8113403320312,1,0.6681851384926556,1.0,0.0024989046670664816,0.0024989046670664816
2024-09-23 13:30:00,558.2027587890625,1,0.4118012238764938,0.0,0.002861268497158287,-0.0005
2024-09-24 13:30:00,559.7999267578125,0,0.5553009574209397,1.0,-0.0022054649913506585,-0.0027054649913506586
2024-09-25 13:30:00,558.5653076171875,1,0.6128503609290953,1.0,0.0039645812385114,0.0039645812385114
2024-09-26 13:30:00,560.77978515625,0,0.4405950707940062,0.0,-0.0014502902539623719,-0.0005
2024-09-27 13:30:00,559.9664916992188,1,0.606519507146325,1.0,0.004007306781378839,0.0035073067813788388
2024-09-30 13:30:00,562.21044921875,0,0.5682641014243565,1.0,-0.008958495996637117,-0.008958495996637117
2024-10-01 13:30:00,557.1738891601562,1,0.5605355462609903,1.0,0.0004220737216988901,0.0004220737216988901
2024-10-02 13:30:00,557.4090576171875,0,0.5778436467145697,1.0,-0.0018281779867485026,-0.0018281779867485026
2024-10-03 13:30:00,556.3900146484375,1,0.591286296800208,1.0,0.009087205270267518,0.009087205270267518
2024-10-04 13:30:00,561.446044921875,0,0.6358371716277395,1.0,-0.0090402677238558,-0.0090402677238558
2024-10-07 13:30:00,556.3704223632812,1,0.5412234206332749,1.0,0.009457441677007017,0.009457441677007017
2024-10-08 13:30:00,561.6322631835938,1,0.5833702760046866,1.0,0.006926375029708831,0.006926375029708831
2024-10-09 13:30:00,565.5223388671875,0,0.5428247725699393,1.0,-0.0017499291458934474,-0.0017499291458934474
2024-10-10 13:30:00,564.53271484375,1,0.5167206595571543,1.0,0.005988342474201325,0.005988342474201325
2024-10-11 13:30:00,567.913330078125,1,0.6128021922106243,1.0,0.008178239537643961,0.008178239537643961
2024-10-14 13:30:00,572.557861328125,0,0.6110489174561125,1.0,-0.007769709751462295,-0.007769709751462295
2024-10-15 13:30:00,568.1092529296875,1,0.6438392175934514,1.0,0.0043464144766458546,0.0043464144766458546
2024-10-16 13:30:00,570.5784912109375,1,0.5855960807139039,1.0,8.589743781750592e-05,8.589743781750592e-05
2024-10-17 13:30:00,570.6275024414062,1,0.6598766140274315,1.0,0.003846548369420555,0.003846548369420555
2024-10-18 13:30:00,572.8224487304688,0,0.6446844464740403,1.0,-0.0016420669180361447,-0.0016420669180361447
2024-10-21 13:30:00,571.8818359375,0,0.6079602587297188,1.0,-0.0005314997942306166,-0.0005314997942306166
2024-10-22 13:30:00,571.577880859375,0,0.6156776465912713,1.0,-0.009137260948845038,-0.009137260948845038
2024-10-23 13:30:00,566.355224609375,1,0.5433050247095235,1.0,0.00216269482897391,0.00216269482897391
2024-10-24 13:30:00,567.580078125,0,0.5688639212263874,1.0,-0.00034518979631870117,-0.00034518979631870117
2024-10-25 13:30:00,567.3841552734375,1,0.6385526046336587,1.0,0.003091322288178766,0.003091322288178766
2024-10-28 13:30:00,569.1381225585938,1,0.5695783551561512,1.0,0.0016182723864499593,0.0016182723864499593
2024-10-29 13:30:00,570.0591430664062,0,0.46676247546301464,1.0,-0.0030252095082050623,-0.0030252095082050623
2024-10-30 13:30:00,568.3345947265625,0,0.47815395439367064,1.0,-0.019602980971893724,-0.019602980971893724
2024-10-31 13:30:00,557.1935424804688,1,0.5709711707948343,1.0,0.004220478802908323,0.004220478802908323
2024-11-01 13:30:00,559.545166015625,0,0.5157312445959177,1.0,-0.002154001685066964,-0.002154001685066964
2024-11-04 14:30:00,558.3399047851562,1,0.5388852727315601,1.0,0.012091814888343544,0.012091814888343544
2024-11-05 14:30:00,565.0912475585938,1,0.5210873219222971,1.0,0.024865595825653397,0.024865595825653397
2024-11-06 14:30:00,579.142578125,1,0.46232404923931386,1.0,0.00773216736757254,0.00773216736757254
2024-11-07 14:30:00,583.62060546875,1,0.5923079329575347,1.0,0.0043317116431220715,0.0043317116431220715
2024-11-08 14:30:00,586.148681640625,1,0.28220716725307543,0.0,0.0009528857307679051,-0.0005
2024-11-11 14:30:00,586.7072143554688,0,0.3759048335299093,0.0,-0.00310644007127725,0.0
2024-11-12 14:30:00,584.8846435546875,1,0.5714789397120983,1.0,0.0004858730531422939,-1.4126946857706112e-05
2024-11-13 14:30:00,585.1688232421875,0,0.7030708794316896,1.0,-0.006430102156933848,-0.006430102156933848
2024-11-14 14:30:00,581.4061279296875,0,0.6255822794414975,1.0,-0.012808849437493608,-0.012808849437493608
2024-11-15 14:30:00,573.958984375,1,0.5223695029797233,1.0,0.004097623244528892,0.004097623244528892
2024-11-18 14:30:00,576.3108520507812,1,0.5097417953869897,1.0,0.003655156483971078,0.003655156483971078
2024-11-19 14:30:00,578.4173583984375,1,0.4495374737580892,0.0,0.00033914437272541953,-0.0005
2024-11-20 14:30:00,578.613525390625,1,0.5805044944375622,1.0,0.005368246680064637,0.004868246680064636
2024-11-21 14:30:00,581.7196655273438,1,0.5130945724735244,1.0,0.00309939412825333,0.00309939412825333
2024-11-22 14:30:00,583.5226440429688,1,0.46316227576405933,1.0,0.0033918958708469837,0.0033918958708469837
2024-11-25 14:30:00,585.5018920898438,1,0.5318648852389538,1.0,0.0052215902593417685,0.0052215902593417685
2024-11-26 14:30:00,588.5591430664062,0,0.5930498996568488,1.0,-0.003030192099868212,-0.003030192099868212
2024-11-27 14:30:00,586.7756958007812,1,0.633656830608699,1.0,0.006212155049448498,0.006212155049448498
2024-11-29 14:30:00,590.4208374023438,1,0.607329418611923,1.0,0.0017924309359995672,0.0017924309359995672
2024-12-02 14:30:00,591.4791259765625,1,0.6404362944770864,1.0,0.00046394547237316175,0.00046394547237316175
2024-12-03 14:30:00,591.7535400390625,1,0.6148538182893071,1.0,0.006209406835690379,0.006209406835690379
2024-12-04 14:30:00,595.427978515625,0,0.6958580143728011,1.0,-0.0016457396510601852,-0.0016457396510601852
2024-12-05 14:30:00,594.4480590820312,1,0.5511411275731849,1.0,0.0018957974675537503,0.0018957974675537503
2024-12-06 14:30:00,595.5750122070312,0,0.4733528252769924,1.0,-0.005149673070058869,-0.005149673070058869
2024-12-09 14:30:00,592.5079956054688,0,0.465602277603685,1.0,-0.0031090940537520373,-0.0031090940537520373
2024-12-10 14:30:00,590.6658325195312,1,0.48173068520400875,1.0,0.00773053367569565,0.00773053367569565
2024-12-11 14:30:00,595.2319946289062,0,0.5398450400885734,1.0,-0.005152435619933393,-0.005152435619933393
2024-12-12 14:30:00,592.1651000976562,0,0.5572528989288299,1.0,-0.0001985150947229064,-0.0001985150947229064
2024-12-13 14:30:00,592.0475463867188,1,0.46404336306516614,1.0,0.0042697467151651125,0.0042697467151651125
2024-12-16 14:30:00,594.575439453125,0,0.5033004891896411,1.0,-0.004119786596019304,-0.004119786596019304
2024-12-17 14:30:00,592.1259155273438,0,0.5967666739988425,1.0,-0.02980366423742742,-0.02980366423742742
2024-12-18 14:30:00,574.4783935546875,0,0.5892806182464273,1.0,-0.0003070465374180875,-0.0003070465374180875
2024-12-19 14:30:00,574.302001953125,1,0.6097742889167983,1.0,0.012011013709321894,0.012011013709321894
2024-12-20 14:30:00,581.199951171875,1,0.5326407868955827,1.0,0.005988313845908255,0.005988313845908255
2024-12-23 14:30:00,584.6803588867188,1,0.5055292006859339,1.0,0.011114993282984376,0.011114993282984376
2024-12-24 14:30:00,591.1790771484375,1,0.5389392042575615,1.0,6.669503786849162e-05,6.669503786849162e-05
2024-12-26 14:30:00,591.218505859375,0,0.5719780626232576,1.0,-0.010526583116915789,-0.010526583116915789
2024-12-27 14:30:00,584.9949951171875,0,0.5159132593600924,1.0,-0.011411585176906436,-0.011411585176906436
2024-12-30 14:30:00,578.3192749023438,0,0.5808757881049963,1.0,-0.0036380299989984266,-0.0036380299989984266
