date,close,target,probability,position,market_return,strategy_return
2015-03-16,172.28977966308594,0,0.5727068263062263,1.0,-0.0029724077627649725,-0.0034724077627649725
2015-03-17,171.7776641845703,1,0.584123688881055,1.0,0.012021811713149644,0.012021811713149644
2015-03-18,173.84274291992188,0,0.5772269280790312,1.0,-0.004561589711820191,-0.004561589711820191
2015-03-19,173.04974365234375,1,0.5812494536944133,1.0,0.008826832371218396,0.008826832371218396
2015-03-20,174.5772247314453,0,0.5737208961430241,1.0,-0.0019485900516672539,-0.0019485900516672539
2015-03-23,174.23704528808594,0,0.5825728049032602,1.0,-0.005619154869089149,-0.005619154869089149
2015-03-24,173.2579803466797,0,0.5849853967249977,1.0,-0.014653663459899824,-0.014653663459899824
2015-03-25,170.7191162109375,0,0.593256142848607,1.0,-0.00238160612814442,-0.00238160612814442
2015-03-26,170.31253051757812,1,0.589958656190855,1.0,0.002289545891351441,0.002289545891351441
2015-03-27,170.7024688720703,1,0.5854525490242323,1.0,0.012200329359818518,0.012200329359818518
2015-03-30,172.78509521484375,0,0.5741048751463949,1.0,-0.008739589481972398,-0.008739589481972398
2015-03-31,171.2750244140625,0,0.5896513127017878,1.0,-0.0035368491573924965,-0.0035368491573924965
2015-04-01,170.66925048828125,1,0.5858674633253639,1.0,0.0035977712968642273,0.0035977712968642273
2015-04-02,171.2832794189453,1,0.5779787809819859,1.0,0.00673323046379215,0.00673323046379215
2015-04-06,172.4365692138672,0,0.5756773577867562,1.0,-0.00264636061702872,-0.00264636061702872
2015-04-07,171.98023986816406,1,0.5618806818060686,1.0,0.003377459664479332,0.003377459664479332
2015-04-08,172.56109619140625,1,0.564534572949416,1.0,0.004423305264743993,0.004423305264743993
2015-04-09,173.3243865966797,1,0.5440736315736374,1.0,0.005456912663074576,0.005456912663074576
2015-04-10,174.27020263671875,0,0.5378427358709429,1.0,-0.004522995065568858,-0.004522995065568858
2015-04-13,173.4819793701172,1,0.5563899042767508,1.0,0.001913219925738785,0.001913219925738785
2015-04-14,173.8138885498047,1,0.5463162553021502,1.0,0.0044870247888104675,0.0044870247888104675
2015-04-15,174.5937957763672,0,0.5592937531845574,1.0,-0.000285085559315279,-0.000285085559315279
2015-04-16,174.5440216064453,0,0.5563297816482311,1.0,-0.011503798829906708,-0.011503798829906708
2015-04-17,172.53610229492188,1,0.5763359951374828,1.0,0.009137173545717081,0.009137173545717081
2015-04-20,174.1125946044922,0,0.5623536833419216,1.0,-0.001191343905860509,-0.001191343905860509
2015-04-21,173.90516662597656,1,0.5754305502688076,1.0,0.004913991332317735,0.004913991332317735
2015-04-22,174.75973510742188,1,0.5689391348926479,1.0,0.0025164467049574313,0.0025164467049574313
2015-04-23,175.1995086669922,1,0.5619239513471603,1.0,0.0023202656360568064,0.0023202656360568064
2015-04-24,175.60601806640625,0,0.5453199548053912,1.0,-0.004158225091749457,-0.004158225091749457
2015-04-27,174.8758087158203,1,0.5445815182344733,1.0,0.0031791360027140225,0.0031791360027140225
2015-04-28,175.4317626953125,0,0.544101654247598,1.0,-0.004114343308953883,-0.004114343308953883
2015-04-29,174.70997619628906,0,0.5618370060384693,1.0,-0.01002018115087322,-0.01002018115087322
2015-04-30,172.9593505859375,1,0.5563572874090351,1.0,0.010841226833831819,0.010841226833831819
2015-05-01,174.83444213867188,1,0.5419237701150259,1.0,0.0028471934333802462,0.0028471934333802462
2015-05-04,175.3322296142578,0,0.5476870843848367,1.0,-0.01145164823373035,-0.01145164823373035
2015-05-05,173.3243865966797,0,0.5628781515069761,1.0,-0.0041169164116483525,-0.0041169164116483525
2015-05-06,172.61082458496094,1,0.5598027034854032,1.0,0.00398940155263916,0.00398940155263916
2015-05-07,173.2994384765625,1,0.5612382690278627,1.0,0.013166361313799113,0.013166361313799113
2015-05-08,175.58116149902344,0,0.5577435682815418,1.0,-0.0047727938929095215,-0.0047727938929095215
2015-05-11,174.74314880371094,0,0.5702061552739429,1.0,-0.002991625805418452,-0.002991625805418452
2015-05-12,174.2203826904297,1,0.5666976399644988,1.0,0.0001904935903505045,0.0001904935903505045
2015-05-13,174.25357055664062,1,0.5684183709373642,1.0,0.01042804120042562,0.01042804120042562
2015-05-14,176.07069396972656,1,0.5664956682387536,1.0,0.0010834590161390434,0.0010834590161390434
2015-05-15,176.26145935058594,1,0.5668358509834109,1.0,0.003106963606626323,0.003106963606626323
2015-05-18,176.80909729003906,0,0.5520759716499,1.0,-0.00032837502861959855,-0.00032837502861959855
2015-05-19,176.75103759765625,0,0.5640474789693595,1.0,-0.0007043605607811587,-0.0007043605607811587
2015-05-20,176.6265411376953,1,0.5623549464959718,1.0,0.0029127294726911668,0.0029127294726911668
2015-05-21,177.14100646972656,0,0.5645091672020334,1.0,-0.0023889852738964157,-0.0023889852738964157
2015-05-22,176.7178192138672,0,0.5690828879791566,1.0,-0.010751569394283678,-0.010751569394283678
2015-05-26,174.8178253173828,1,0.5764824795452985,1.0,0.009492041493738945,0.009492041493738945
2015-05-27,176.47720336914062,0,0.562496582105494,1.0,-0.001128172227837565,-0.001128172227837565
2015-05-28,176.27810668945312,0,0.5691329242291353,1.0,-0.006213253821966025,-0.006213253821966025
2015-05-29,175.18284606933594,1,0.5673515103204025,1.0,0.0020367077750707008,0.0020367077750707008
2015-06-01,175.53964233398438,0,0.5530392133254294,1.0,-0.000992596942707591,-0.000992596942707591
2015-06-02,175.3654022216797,1,0.5682056872496297,1.0,0.0026494971132662304,0.0026494971132662304
2015-06-03,175.8300323486328,0,0.5686096608556738,1.0,-0.00844652746976382,-0.00844652746976382
2015-06-04,174.34487915039062,0,0.5613579970049406,1.0,-0.0017131305408272235,-0.0017131305408272235
2015-06-05,174.04620361328125,0,0.5557028792675291,1.0,-0.006149675985850589,-0.006149675985850589
2015-06-08,172.9758758544922,0,0.5631778132003362,1.0,-0.00014396425875562446,-0.00014396425875562446
2015-06-09,172.9509735107422,1,0.5773359152698216,1.0,0.011993367162159041,0.011993367162159041
2015-06-10,175.02523803710938,1,0.5635789252070845,1.0,0.003223760803190423,0.003223760803190423
2015-06-11,175.5894775390625,0,0.5617868039631468,1.0,-0.007655052838895782,-0.007655052838895782
2015-06-12,174.24533081054688,0,0.5671716995844631,1.0,-0.004285623462367605,-0.004285623462367605
2015-06-15,173.4985809326172,1,0.5804133518382806,1.0,0.0054516097626442495,0.0054516097626442495
2015-06-16,174.44442749023438,1,0.5769834250964311,1.0,0.0016172471373001596,0.0016172471373001596
2015-06-17,174.72654724121094,1,0.579684844185291,1.0,0.010399550986435191,0.010399550986435191
2015-06-18,176.5436248779297,0,0.5724684183636494,1.0,-0.004439599331475863,-0.004439599331475863
2015-06-19,175.7598419189453,1,0.5775341274026032,1.0,0.005123367021174552,0.005123367021174552
2015-06-22,176.6603240966797,1,0.5767906311803073,1.0,0.0007079180670346297,0.0007079180670346297
2015-06-23,176.78538513183594,0,0.5742046155708277,1.0,-0.007263024491949488,-0.007263024491949488
2015-06-24,175.5013885498047,0,0.5662375901567355,1.0,-0.0030401701180673424,-0.0030401701180673424
2015-06-25,174.96783447265625,0,0.5763624184840435,1.0,-0.00019037748637529273,-0.00019037748637529273
2015-06-26,174.9345245361328,0,0.5747657312824638,1.0,-0.020970457609654325,-0.020970457609654325
2015-06-29,171.2660675048828,1,0.5784131433920604,1.0,0.0020930867197910263,0.0020930867197910263
2015-06-30,171.62454223632812,1,0.5740111298191213,1.0,0.008015764449367246,0.008015764449367246
2015-07-01,173.000244140625,0,0.5691349521737954,1.0,-0.0009157906546487515,-0.0009157906546487515
2015-07-02,172.84181213378906,0,0.5753051709061644,1.0,-0.0028460291854386366,-0.0028460291854386366
2015-07-06,172.3498992919922,1,0.567558342297113,1.0,0.006288997472626123,0.006288997472626123
2015-07-07,173.43380737304688,0,0.5630526710102141,1.0,-0.016777349039138856,-0.016777349039138856
2015-07-08,170.5240478515625,1,0.5673324838057968,1.0,0.0018088734391699113,0.0018088734391699113
2015-07-09,170.83250427246094,1,0.5611717782839198,1.0,0.012591464975014066,0.012591464975014066
2015-07-10,172.98353576660156,1,0.567870805270932,1.0,0.011037388561646377,0.011037388561646377
2015-07-13,174.892822265625,1,0.5680824190877776,1.0,0.004337983921514521,0.004337983921514521
2015-07-14,175.65150451660156,0,0.5589298750530166,1.0,-0.00033227650582712265,-0.00033227650582712265
2015-07-15,175.5931396484375,1,0.5569498134158029,1.0,0.008024125122787718,0.008024125122787718
2015-07-16,177.0021209716797,1,0.5577484768564411,1.0,0.0008478440235961671,0.0008478440235961671
2015-07-17,177.15219116210938,1,0.5596781275294912,1.0,0.0005179224599534127,0.0005179224599534127
2015-07-20,177.2439422607422,0,0.570586926854498,1.0,-0.0039511498891300345,-0.0039511498891300345
2015-07-21,176.5436248779297,0,0.5674651384053724,1.0,-0.0017946470528903413,-0.0017946470528903413
2015-07-22,176.22679138183594,0,0.5733766802017158,1.0,-0.005630433764280962,-0.005630433764280962
2015-07-23,175.23455810546875,0,0.5761493346851518,1.0,-0.010371405095639497,-0.010371405095639497
2015-07-24,173.41712951660156,0,0.5723883671966796,1.0,-0.005817740593652587,-0.005817740593652587
2015-07-27,172.40823364257812,1,0.5698480782856138,1.0,0.01228326960762538,0.01228326960762538
2015-07-28,174.52597045898438,1,0.5606929251158022,1.0,0.006878722656078473,0.006878722656078473
2015-07-29,175.7264862060547,1,0.5362376405699757,1.0,0.00023722668459824625,0.00023722668459824625
2015-07-30,175.76817321777344,0,0.5410834162867317,1.0,-0.0015178212476396613,-0.0015178212476396613
2015-07-31,175.5013885498047,0,0.5528636450813925,1.0,-0.003372730838220872,-0.003372730838220872
2015-08-03,174.9094696044922,0,0.5541872745992208,1.0,-0.00195413590683724,-0.00195413590683724
2015-08-04,174.5676727294922,1,0.5501603123273853,1.0,0.0032954074339797135,0.0032954074339797135
2015-08-05,175.1429443359375,0,0.554370199527418,1.0,-0.008188153370816686,-0.008188153370816686
2015-08-06,173.70884704589844,0,0.5414399044130688,1.0,-0.0019195931759002915,-0.0019195931759002915
2015-08-07,173.37539672851562,1,0.5429666029134959,1.0,0.012599264411436772,0.012599264411436772
2015-08-10,175.55979919433594,0,0.5496367341405515,1.0,-0.009023086115346524,-0.009023086115346524
2015-08-11,173.9757080078125,1,0.5718194970012076,1.0,0.0011978944842476746,0.0011978944842476746
2015-08-12,174.18411254882812,0,0.5735169607133097,1.0,-0.0012446420734223418,-0.0012446420734223418
2015-08-13,173.96731567382812,1,0.5751269041972881,1.0,0.0036427116559230033,0.0036427116559230033
2015-08-14,174.6010284423828,1,0.5821079467037532,1.0,0.00558681627416302,0.00558681627416302
2015-08-17,175.5764923095703,0,0.5793054447161646,1.0,-0.0028969508840201996,-0.0028969508840201996
2015-08-18,175.06785583496094,0,0.5837424012597822,1.0,-0.007905521427369222,-0.007905521427369222
2015-08-19,173.68385314941406,0,0.5828176181671122,1.0,-0.020881270401303054,-0.020881270401303054
2015-08-20,170.05711364746094,0,0.5901687897408082,1.0,-0.030102388876381836,-0.030102388876381836
2015-08-21,164.93798828125,0,0.5944557994421892,1.0,-0.04210687092390897,-0.04210687092390897
2015-08-24,157.9929656982422,0,0.5976543229748351,1.0,-0.011767561209542698,-0.011767561209542698
2015-08-25,156.13377380371094,1,0.5887349777013621,1.0,0.03839359805042486,0.03839359805042486
2015-08-26,162.12831115722656,1,0.5756067926932475,1.0,0.024735344826531502,0.024735344826531502
2015-08-27,166.13861083984375,1,0.5806448983200334,1.0,5.042220560880217e-05,5.042220560880217e-05
2015-08-28,166.14698791503906,0,0.5910794692890714,1.0,-0.008079544411963013,-0.008079544411963013
2015-08-31,164.80459594726562,0,0.5989275347076377,1.0,-0.029847692274360904,-0.029847692274360904
2015-09-01,159.88555908203125,1,0.6112357571615643,1.0,0.018981300330398465,0.018981300330398465
2015-09-02,162.92039489746094,1,0.5878051787341828,1.0,0.0007162022902926779,0.0007162022902926779
2015-09-03,163.03707885742188,0,0.5946359391102874,1.0,-0.01513673913161484,-0.01513673913161484
2015-09-04,160.56922912597656,1,0.595610235848197,1.0,0.025130700988732935,0.025130700988732935
2015-09-08,164.6044464111328,0,0.5759379168253911,1.0,-0.013371751812766508,-0.013371751812766508
2015-09-09,162.4033966064453,1,0.6071236197163982,1.0,0.00544250079557318,0.00544250079557318
2015-09-10,163.2872772216797,1,0.5899010911226015,1.0,0.004543604709567495,0.004543604709567495
2015-09-11,164.02919006347656,0,0.5906716015950353,1.0,-0.0037104817691314684,-0.0037104817691314684
2015-09-14,163.42056274414062,1,0.5948020360794529,1.0,0.012499241358253421,0.012499241358253421
2015-09-15,165.46319580078125,1,0.5887417609338027,1.0,0.008666798969659606,0.008666798969659606
2015-09-16,166.89723205566406,0,0.5949733780623824,1.0,-0.0022477145035960655,-0.0022477145035960655
2015-09-17,166.5220947265625,0,0.5951690186678313,1.0,-0.016341323418482934,-0.016341323418482934
2015-09-18,163.8009033203125,1,0.595131123924521,1.0,0.00516746568375015,0.00516746568375015
2015-09-21,164.6473388671875,0,0.5660861723873769,1.0,-0.012979957606478743,-0.012979957606478743
2015-09-22,162.51022338867188,0,0.5414366521884194,1.0,-0.0015984571283169657,-0.0015984571283169657
2015-09-23,162.25045776367188,0,0.4909376661532763,0.0,-0.0036159231151051685,-0.0005
2015-09-24,161.6637725830078,0,0.4802305030189725,0.0,-0.00025918382390899275,0.0
2015-09-25,161.6218719482422,0,0.529716616431204,1.0,-0.02509731118175318,-0.02559731118175318
2015-09-28,157.5655975341797,1,0.5743719333030674,1.0,0.0005851125179505701,0.0005851125179505701
2015-09-29,157.6577911376953,1,0.570141032327142,1.0,0.018658258826407925,0.018658258826407925
2015-09-30,160.5994110107422,1,0.5507635746801293,1.0,0.0026094905265470203,0.0026094905265470203
2015-10-01,161.01849365234375,1,0.5222062166462015,1.0,0.014937586401261305,0.014937586401261305
2015-10-02,163.42372131347656,1,0.5368044246028753,1.0,0.017795103834806314,0.017795103834806314
2015-10-05,166.3318634033203,0,0.5329706465650199,1.0,-0.0034264693403420754,-0.0034264693403420754
2015-10-06,165.76193237304688,1,0.5226455811896922,1.0,0.008190549271340553,0.008190549271340553
2015-10-07,167.11961364746094,1,0.5461685931914342,1.0,0.009027011643436111,0.009027011643436111
2015-10-08,168.62820434570312,1,0.5271531706465495,1.0,0.0005963143610052679,0.0005963143610052679
2015-10-09,168.728759765625,1,0.5349855183513553,1.0,0.000943405781688389,0.000943405781688389
2015-10-12,168.887939453125,0,0.5388946377853203,1.0,-0.006301995619899858,-0.006301995619899858
2015-10-13,167.8236083984375,0,0.5395936791201283,1.0,-0.004794204439737548,-0.004794204439737548
2015-10-14,167.01902770996094,1,0.5557972494055976,1.0,0.01535489681437352,0.01535489681437352
2015-10-15,169.58358764648438,1,0.5545331987939203,1.0,0.004546227538121395,0.004546227538121395
2015-10-16,170.35455322265625,1,0.5534291455753081,1.0,0.0004920122575811092,0.0004920122575811092
2015-10-19,170.43836975097656,0,0.5353902780960382,1.0,-0.0012783521066399572,-0.0012783521066399572
2015-10-20,170.22048950195312,0,0.5437031493848107,1.0,-0.0062034481429456,-0.0062034481429456
2015-10-21,169.16453552246094,1,0.5327455903709779,1.0,0.01689381201253748,0.01689381201253748
2015-10-22,172.02236938476562,1,0.5163091006122229,1.0,0.010961570769665085,0.010961570769665085
2015-10-23,173.9080047607422,0,0.5086065235460064,1.0,-0.0024577013635325162,-0.0024577013635325162
2015-10-26,173.4805908203125,0,0.5129131496199439,1.0,-0.0019323218541564824,-0.0019323218541564824
2015-10-27,173.14537048339844,1,0.48356074997788784,0.0,0.01137490961470422,-0.0005
2015-10-28,175.11488342285156,0,0.4763785448120755,0.0,-0.0005747482492005629,0.0
2015-10-29,175.0142364501953,0,0.5025684972313181,1.0,-0.004309603370889259,-0.004809603370889259
2015-10-30,174.25999450683594,1,0.5070150209337712,1.0,0.011830947042298368,0.011830947042298368
2015-11-02,176.3216552734375,1,0.5161628893765182,1.0,0.00289941963145246,0.00289941963145246
2015-11-03,176.8328857421875,0,0.5387961105506712,1.0,-0.003033155807443677,-0.003033155807443677
2015-11-04,176.29652404785156,0,0.534298091246023,1.0,-0.0009983755084596035,-0.0009983755084596035
2015-11-05,176.12051391601562,0,0.5430533769417872,1.0,-0.0005231223002409857,-0.0005231223002409857
2015-11-06,176.02838134765625,0,0.553759374587959,1.0,-0.009331932293799472,-0.009331932293799472
2015-11-09,174.3856964111328,1,0.5578699953658136,1.0,0.002306768641771484,0.002306768641771484
2015-11-10,174.7879638671875,0,0.5538869967359351,1.0,-0.003931678519523141,-0.003931678519523141
2015-11-11,174.1007537841797,0,0.5484521200836499,1.0,-0.013959671922556205,-0.013959671922556205
2015-11-12,171.6703643798828,0,0.5491196971013524,1.0,-0.01122812325648015,-0.01122812325648015
2015-11-13,169.74282836914062,1,0.5699897808558654,1.0,0.015206666219595988,0.015206666219595988
2015-11-16,172.3240509033203,0,0.5623107698481469,1.0,-0.0007296278216297747,-0.0007296278216297747
2015-11-17,172.1983184814453,1,0.5665149368394777,1.0,0.01586610556544521,0.01586610556544521
2015-11-18,174.93043518066406,0,0.5537823831205515,1.0,-0.0008620718981745545,-0.0008620718981745545
2015-11-19,174.77963256835938,1,0.5516025876123986,1.0,0.0036440278887739375,0.0036440278887739375
2015-11-20,175.41653442382812,0,0.5698929202916648,1.0,-0.0011464759607998642,-0.0011464759607998642
2015-11-23,175.21542358398438,1,0.582082856938972,1.0,0.0013392066371979983,0.0013392066371979983
2015-11-24,175.4500732421875,0,0.57736020994596,1.0,-0.00014341255434713318,-0.00014341255434713318
2015-11-25,175.42491149902344,1,0.5733155636820703,1.0,0.0011462472493066755,0.0011462472493066755
2015-11-27,175.62599182128906,0,0.5853757585714251,1.0,-0.004151409773823667,-0.004151409773823667
2015-11-30,174.8968963623047,1,0.5860784160857565,1.0,0.009535821842580727,0.009535821842580727
2015-12-01,176.56468200683594,0,0.573260295372855,1.0,-0.010205038429852098,-0.010205038429852098
2015-12-02,174.76283264160156,0,0.5941677494350568,1.0,-0.014002741752848102,-0.014002741752848102
2015-12-03,172.315673828125,1,0.6013509872847232,1.0,0.01950273092426369,0.01950273092426369
2015-12-04,175.67630004882812,0,0.5807608900920547,1.0,-0.006058652032003176,-0.006058652032003176
2015-12-07,174.6119384765625,0,0.5874971140855152,1.0,-0.006719350456963369,-0.006719350456963369
2015-12-08,173.43865966796875,0,0.5868831352382701,1.0,-0.007779456007297236,-0.007779456007297236
2015-12-09,172.0894012451172,1,0.5788738118710256,1.0,0.0025806763952389566,0.0025806763952389566
2015-12-10,172.53350830078125,0,0.5782246687417317,1.0,-0.019381089285404718,-0.019381089285404718
2015-12-11,169.1896209716797,1,0.58265003158311,1.0,0.005052484165104065,0.005052484165104065
2015-12-14,170.04444885253906,1,0.5588727549264457,1.0,0.010498174224717438,0.010498174224717438
2015-12-15,171.82960510253906,1,0.5407386486206377,1.0,0.01463214938249413,0.01463214938249413
2015-12-16,174.34384155273438,0,0.5523493756562582,1.0,-0.015238673044981166,-0.015238673044981166
2015-12-17,171.68707275390625,0,0.5636308622576881,1.0,-0.017814666675672775,-0.017814666675672775
2015-12-18,168.62852478027344,1,0.5898072232921445,1.0,0.00824902981466602,0.00824902981466602
2015-12-21,170.01954650878906,1,0.5785582978323766,1.0,0.00907416633093705,0.00907416633093705
2015-12-22,171.5623321533203,1,0.5781386195091319,1.0,0.012383500560189775,0.012383500560189775
2015-12-23,173.68687438964844,0,0.5697257577034235,1.0,-0.0016500416463764989,-0.0016500416463764989
2015-12-24,173.40028381347656,0,0.5764638300949733,1.0,-0.0022854707086727988,-0.0022854707086727988
2015-12-28,173.0039825439453,1,0.5786478867940271,1.0,0.010671910159729459,0.010671910159729459
2015-12-29,174.8502655029297,0,0.5716330073237632,1.0,-0.007087886564492996,-0.007087886564492996
2015-12-30,173.61094665527344,0,0.5727260851731641,1.0,-0.010003193069430982,-0.010003193069430982
2015-12-31,171.87428283691406,0,0.5862030840828911,1.0,-0.013979372960806868,-0.013979372960806868
2016-01-04,169.47158813476562,1,0.5802765225697113,1.0,0.0016913534338931502,0.0016913534338931502
2016-01-05,169.7582244873047,0,0.5603532110133577,1.0,-0.012614519641087507,-0.012614519641087507
2016-01-06,167.61680603027344,0,0.5901080484823027,1.0,-0.023991311737393106,-0.023991311737393106
2016-01-07,163.595458984375,0,0.5945063015918566,1.0,-0.010976279945738354,-0.010976279945738354
2016-01-08,161.79978942871094,1,0.5889775719209627,1.0,0.0009897478345082256,0.0009897478345082256
2016-01-11,161.95993041992188,1,0.5794056477710082,1.0,0.008068055208274583,0.008068055208274583
2016-01-12,163.26663208007812,0,0.5783382713174181,1.0,-0.024940368278335345,-0.024940368278335345
2016-01-13,159.1947021484375,1,0.575940480347058,1.0,0.016416588005885968,0.016416588005885968
2016-01-14,161.80813598632812,0,0.567827864762752,1.0,-0.02146581118641211,-0.02146581118641211
2016-01-15,158.3347930908203,1,0.5980532408268523,1.0,0.0013309717442919755,0.0013309717442919755
2016-01-19,158.5455322265625,0,0.6085842148369024,1.0,-0.012815049218319885,-0.012815049218319885
2016-01-20,156.51376342773438,1,0.6010978210553508,1.0,0.005601969175861976,0.005601969175861976
2016-01-21,157.3905487060547,1,0.5795773619769803,1.0,0.020514802738254234,0.020514802738254234
2016-01-22,160.619384765625,0,0.5767874480951071,1.0,-0.015115968001070068,-0.015115968001070068
2016-01-25,158.19146728515625,1,0.6037564798810495,1.0,0.013642884178579617,0.013642884178579617
2016-01-26,160.3496551513672,0,0.6060383253161992,1.0,-0.010883389199875304,-0.010883389199875304
2016-01-27,158.60450744628906,1,0.615878262296844,1.0,0.005209102484485584,0.005209102484485584
2016-01-28,159.43069458007812,1,0.608049480377847,1.0,0.024377682814197277,0.024377682814197277
2016-01-29,163.31724548339844,0,0.6052110723037061,1.0,-0.00036166892409983387,-0.00036166892409983387
2016-02-01,163.2581787109375,0,0.6064200440922487,1.0,-0.01802213380927775,-0.01802213380927775
2016-02-02,160.31591796875,1,0.6052377988219387,1.0,0.0059951664042250385,0.0059951664042250385
2016-02-03,161.27703857421875,1,0.584272022548695,1.0,0.0015683878407319884,0.0015683878407319884
2016-02-04,161.5299835205078,0,0.5874371636937715,1.0,-0.019050202866438437,-0.019050202866438437
2016-02-05,158.4528045654297,0,0.583938876069947,1.0,-0.013460816036573453,-0.013460816036573453
2016-02-08,156.3199005126953,1,0.5624515157250267,1.0,5.368691994322994e-05,5.368691994322994e-05
2016-02-09,156.3282928466797,0,0.5498318869082205,1.0,-0.0008630441133451461,-0.0008630441133451461
2016-02-10,156.19337463378906,0,0.5525414119162534,1.0,-0.0130078390713666,-0.0130078390713666
2016-02-11,154.16163635253906,1,0.5706717727219,1.0,0.020616962830455554,0.020616962830455554
2016-02-12,157.33998107910156,1,0.5294809515275549,1.0,0.01687815844800622,0.01687815844800622
2016-02-16,159.99559020996094,1,0.5458517785606127,1.0,0.016334697792783848,0.016334697792783848
2016-02-17,162.60906982421875,0,0.5155961804686351,1.0,-0.0040959962645265025,-0.0040959962645265025
2016-02-18,161.94302368164062,0,0.5255619911287546,1.0,-0.000468571947606633,-0.000468571947606633
2016-02-19,161.8671417236328,1,0.5119590900074817,1.0,0.014479561656749018,0.014479561656749018
2016-02-22,164.21090698242188,0,0.507536643583114,1.0,-0.012629851382575663,-0.012629851382575663
2016-02-23,162.13694763183594,1,0.5437478186203409,1.0,0.004575840686735555,0.004575840686735555
2016-02-24,162.8788604736328,1,0.5188959762472981,1.0,0.012111654871656441,0.012111654871656441
2016-02-25,164.85159301757812,0,0.5295259743038473,1.0,-0.0023014307857464056,-0.0023014307857464056
2016-02-26,164.47219848632812,0,0.5218576123045183,1.0,-0.00784230228642202,-0.00784230228642202
2016-02-29,163.18235778808594,1,0.5318849339380722,1.0,0.023506873135166417,0.023506873135166417
2016-03-01,167.0182647705078,1,0.545781836071915,1.0,0.004492536755727805,0.004492536755727805
2016-03-02,167.7686004638672,1,0.5487891829742029,1.0,0.003919550576390929,0.003919550576390929
2016-03-03,168.42617797851562,1,0.5249945629728591,1.0,0.003253675627909347,0.003253675627909347
2016-03-04,168.97418212890625,1,0.5316667105013578,1.0,0.0007980933893882991,0.0007980933893882991
2016-03-07,169.10903930664062,0,0.5349672095418032,1.0,-0.010917797329719314,-0.010917797329719314
2016-03-08,167.2627410888672,1,0.517513798338347,1.0,0.004939639551454045,0.004939639551454045
2016-03-09,168.08895874023438,1,0.49487829790449533,0.0,0.000802205688915647,-0.0005
2016-03-10,168.2238006591797,1,0.49581836015930786,0.0,0.0161370157868026,0.0
2016-03-11,170.9384307861328,0,0.48362184888692267,0.0,-0.0012820214126676444,0.0
2016-03-14,170.7192840576172,0,0.47280426249859947,0.0,-0.001629744180931092,0.0
2016-03-15,170.44105529785156,1,0.5016949449873152,1.0,0.005787274424184474,0.005287274424184474
2016-03-16,171.4274444580078,1,0.5053994356188392,1.0,0.006344112140731495,0.006344112140731495
2016-03-17,172.51499938964844,1,0.516664395007635,1.0,0.0039294378186764956,0.0039294378186764956
2016-03-18,173.19288635253906,1,0.5110338446643662,1.0,0.001419072807236521,0.001419072807236521
2016-03-21,173.43865966796875,0,0.5111776673634346,1.0,-0.0005372817397406582,-0.0005372817397406582
2016-03-22,173.34547424316406,0,0.5257813603225456,1.0,-0.006599521547231424,-0.006599521547231424
2016-03-23,172.20147705078125,0,0.5214408713826291,1.0,-0.00044322769001636786,-0.00044322769001636786
2016-03-24,172.12515258789062,1,0.5211684595012893,1.0,0.0005909368059306974,0.0005909368059306974
2016-03-28,172.22686767578125,1,0.5305341115204469,1.0,0.009250327366028044,0.009250327366028044
2016-03-29,173.8200225830078,1,0.5176592281904249,1.0,0.004387406049211062,0.004387406049211062
2016-03-30,174.5826416015625,0,0.5111547420679582,1.0,-0.002427140340977796,-0.002427140340977796
2016-03-31,174.15890502929688,1,0.5393470104419734,1.0,0.0068120898451839995,0.0068120898451839995
2016-04-01,175.3452911376953,0,0.5334054062355954,1.0,-0.0032377174327057334,-0.0032377174327057334
2016-04-04,174.77757263183594,0,0.5439070348664611,1.0,-0.009987931961862428,-0.009987931961862428
2016-04-05,173.0319061279297,1,0.5541831284105233,1.0,0.010921250153992812,0.010921250153992812
2016-04-06,174.921630859375,0,0.5352346746064378,1.0,-0.01196606948703316,-0.01196606948703316
2016-04-07,172.82850646972656,1,0.5455377598229644,1.0,0.002696863961992202,0.002696863961992202
2016-04-08,173.2946014404297,0,0.5385113222575206,1.0,-0.0023472675746795124,-0.0023472675746795124
2016-04-11,172.88783264160156,1,0.5432465780419253,1.0,0.009312929305000273,0.009312929305000273
2016-04-12,174.4979248046875,1,0.5463552667150747,1.0,0.010101176156201541,0.010101176156201541
2016-04-13,176.26055908203125,1,0.5380167002094789,1.0,4.7872935360571134e-05,4.7872935360571134e-05
2016-04-14,176.2689971923828,0,0.5431739603564261,1.0,-0.0011057858987626457,-0.0011057858987626457
2016-04-15,176.07408142089844,1,0.5488009953162976,1.0,0.007026489118691304,0.007026489118691304
2016-04-18,177.31126403808594,1,0.545380592213599,1.0,0.003154573589548848,0.003154573589548848
2016-04-19,177.87060546875,1,0.5481737641519422,1.0,0.000952909720296713,0.000952909720296713
2016-04-20,178.04010009765625,0,0.5487529615854978,1.0,-0.005378368733178429,-0.005378368733178429
2016-04-21,177.08253479003906,0,0.5540036493488419,1.0,0.0,0.0
2016-04-22,177.08253479003906,0,0.5447280902907747,1.0,-0.0017231810242250845,-0.0017231810242250845
2016-04-25,176.7773895263672,1,0.5449800145925289,1.0,0.0014861095753984088,0.0014861095753984088
2016-04-26,177.04010009765625,1,0.5418974674278303,1.0,0.0020586080586080246,0.0020586080586080246
2016-04-27,177.40455627441406,0,0.5481191160508044,1.0,-0.009075993956848993,-0.009075993956848993
2016-04-28,175.79443359375,0,0.5627708063512521,1.0,-0.005398727039916396,-0.005398727039916396
2016-04-29,174.84536743164062,1,0.5606695952601,1.0,0.007948481961163711,0.007948481961163711
2016-05-02,176.23512268066406,0,0.5539544988132613,1.0,-0.008703482198091805,-0.008703482198091805
2016-05-03,174.70126342773438,0,0.564911364257951,1.0,-0.005578195618881399,-0.005578195618881399
2016-05-04,173.72674560546875,0,0.5572058610801328,1.0,-0.00019507514740868537,-0.00019507514740868537
2016-05-05,173.69285583496094,1,0.5640440945484283,1.0,0.0036592731264277756,0.0036592731264277756
2016-05-06,174.3284454345703,1,0.5506368362469499,1.0,0.0008262734655317683,0.0008262734655317683
2016-05-09,174.4724884033203,1,0.5533345901391414,1.0,0.012434069669236214,0.012434069669236214
2016-05-10,176.6418914794922,0,0.537547310178407,1.0,-0.009355237546585071,-0.009355237546585071
2016-05-11,174.98936462402344,1,0.5634972520378725,1.0,0.00029080659634805883,0.00029080659634805883
2016-05-12,175.04025268554688,0,0.5662107084402728,1.0,-0.00871425186624375,-0.00871425186624375
2016-05-13,173.51490783691406,1,0.5751274720164209,1.0,0.009865212712548255,0.009865212712548255
2016-05-16,175.22666931152344,0,0.5574473132991763,1.0,-0.009333439571286295,-0.009333439571286295
2016-05-17,173.59120178222656,1,0.5781575432303031,1.0,0.00029306095131587107,0.00029306095131587107
2016-05-18,173.64207458496094,0,0.5753804743365079,1.0,-0.003465260878325993,-0.003465260878325993
2016-05-19,173.0403594970703,1,0.5798733860827009,1.0,0.006317693430365923,0.006317693430365923
2016-05-20,174.13357543945312,0,0.5669428525078563,1.0,-0.0013629491295930052,-0.0013629491295930052
2016-05-23,173.896240234375,1,0.5713931577670396,1.0,0.012962266190635896,0.012962266190635896
2016-05-24,176.15032958984375,1,0.5548106952367194,1.0,0.006783066942430249,0.006783066942430249
2016-05-25,177.3451690673828,1,0.5560604271331412,1.0,0.00028720172169593994,0.00028720172169593994
2016-05-26,177.39610290527344,1,0.5616879398164142,1.0,0.004298875495437615,0.004298875495437615
2016-05-27,178.15870666503906,0,0.5490745565734232,1.0,-0.0019025662375943275,-0.0019025662375943275
2016-05-31,177.8197479248047,1,0.5493014911857459,1.0,0.0020492388829369546,0.0020492388829369546
2016-06-01,178.18414306640625,1,0.5516656779255534,1.0,0.00304372280448284,0.00304372280448284
2016-06-02,178.7264862060547,0,0.541749636250757,1.0,-0.002987188870777091,-0.002987188870777091
2016-06-03,178.19259643554688,1,0.5420817345431092,1.0,0.005088529486565907,0.005088529486565907
2016-06-06,179.09933471679688,1,0.5337324621558892,1.0,0.001561326672717911,0.001561326672717911
2016-06-07,179.37896728515625,1,0.5382044470202407,1.0,0.0032598432430686053,0.0032598432430686053
2016-06-08,179.96371459960938,0,0.5358272243918902,1.0,-0.0013659369742605731,-0.0013659369742605731
2016-06-09,179.7178955078125,0,0.550211784626829,1.0,-0.009477337053718449,-0.009477337053718449
2016-06-10,178.0146484375,0,0.5520717180660153,1.0,-0.00771148312825376,-0.00771148312825376
2016-06-13,176.6418914794922,0,0.5543936436167687,1.0,-0.0019671913633275695,-0.0019671913633275695
2016-06-14,176.29440307617188,0,0.5447062138960245,1.0,-0.0013937610949978918,-0.0013937610949978918
2016-06-15,176.04869079589844,1,0.5535097619030868,1.0,0.0029842617053030818,0.0029842617053030818
2016-06-16,176.57406616210938,0,0.5419487943017096,1.0,-0.003724261702297893,-0.003724261702297893
2016-06-17,175.9164581298828,1,0.5487231494753256,1.0,0.006440271940133524,0.006440271940133524
2016-06-20,177.04940795898438,1,0.5366489547274381,1.0,0.002838204584805215,0.002838204584805215
2016-06-21,177.55191040039062,0,0.5429650496819597,1.0,-0.0016305372565688092,-0.0016305372565688092
2016-06-22,177.2624053955078,1,0.5453795630727197,1.0,0.013022389726702999,0.013022389726702999
2016-06-23,179.57078552246094,0,0.5405069515424079,1.0,-0.03590927904852603,-0.03590927904852603
2016-06-24,173.12252807617188,0,0.5889086682441573,1.0,-0.017909777381114544,-0.017909777381114544
2016-06-27,170.02194213867188,1,0.5857926650360369,1.0,0.01803598419680652,0.01803598419680652
2016-06-28,173.0884552001953,1,0.5580153428219907,1.0,0.017027511289480213,0.017027511289480213
2016-06-29,176.0357208251953,1,0.5481775520517542,1.0,0.013645437069963906,0.013645437069963906
2016-06-30,178.43780517578125,1,0.5437576415603689,1.0,0.0021006319426035702,0.0021006319426035702
2016-07-01,178.81263732910156,0,0.5551320998182615,1.0,-0.0071932255081956775,-0.0071932255081956775
2016-07-05,177.52639770507812,1,0.563131456394162,1.0,0.005998090141537515,0.005998090141537515
2016-07-06,178.59121704101562,0,0.5549283197827621,1.0,-0.0006202925901350742,-0.0006202925901350742
2016-07-07,178.48043823242188,1,0.5591785197185062,1.0,0.014890363202402224,0.014890363202402224
2016-07-08,181.13807678222656,1,0.5434941749089778,1.0,0.0035268107789823144,0.0035268107789823144
2016-07-11,181.77691650390625,1,0.5471481193941211,1.0,0.007263535123007481,0.007263535123007481
2016-07-12,183.09725952148438,0,0.5335143125225924,1.0,-0.00013983960280883334,-0.00013983960280883334
2016-07-13,183.0716552734375,1,0.5308918309137791,1.0,0.0055835310920751,0.0055835310920751
2016-07-14,184.09384155273438,0,0.5224956583384545,1.0,-0.0013413429874442606,-0.0013413429874442606
2016-07-15,183.84690856933594,1,0.5247274230521086,1.0,0.002687202179906256,0.002687202179906256
2016-07-18,184.3409423828125,0,0.522859770434157,1.0,-0.001016888712891184,-0.001016888712891184
2016-07-19,184.1534881591797,1,0.5215600545377169,1.0,0.004163171739617333,0.004163171739617333
2016-07-20,184.92015075683594,0,0.521578092078067,1.0,-0.003777232093237326,-0.003777232093237326
2016-07-21,184.22166442871094,1,0.5301821103297877,1.0,0.004484993188605069,0.004484993188605069
2016-07-22,185.0478973388672,0,0.5211329162182109,1.0,-0.0027159386438810884,-0.0027159386438810884
2016-07-25,184.54531860351562,1,0.5380546042628294,1.0,0.0004616200507310264,0.0004616200507310264
2016-07-26,184.63050842285156,0,0.5076164568820141,1.0,-0.0010612444932600607,-0.0010612444932600607
2016-07-27,184.4345703125,1,0.4938257353724454,0.0,0.0011549499367260463,-0.0005
2016-07-28,184.6475830078125,1,0.5090405230141167,1.0,0.0016144861311369052,0.0011144861311369052
2016-07-29,184.94569396972656,0,0.5234137937361825,1.0,-0.0008292493086770047,-0.0008292493086770047
2016-08-01,184.79232788085938,0,0.537930978999319,1.0,-0.00640738859919654,-0.00640738859919654
2016-08-02,183.60829162597656,1,0.5457831873190864,1.0,0.0029233056922934875,0.0029233056922934875
2016-08-03,184.14503479003906,1,0.5325313670354269,1.0,0.0010638765959496421,0.0010638765959496421
2016-08-04,184.3409423828125,1,0.5381216281224938,1.0,0.008178814810203994,0.008178814810203994
2016-08-05,185.8486328125,0,0.5283201332687784,1.0,-0.0005959058688763674,-0.0005959058688763674
2016-08-08,185.73788452148438,1,0.5479593319174474,1.0,0.0005962611844156918,0.0005962611844156918
2016-08-09,185.8486328125,0,0.5502727688408994,1.0,-0.0024751686730527522,-0.0024751686730527522
2016-08-10,185.3886260986328,1,0.5593695794475922,1.0,0.00464055322183099,0.00464055322183099
2016-08-11,186.24893188476562,0,0.5521499063759201,1.0,-0.0008687523605175329,-0.0008687523605175329
2016-08-12,186.08712768554688,1,0.5600004749420157,1.0,0.0028838728288340665,0.0028838728288340665
2016-08-15,186.623779296875,0,0.5549289386357893,1.0,-0.0051578928089731635,-0.0051578928089731635
2016-08-16,185.66119384765625,1,0.5641610892325993,1.0,0.0018809956891692181,0.0018809956891692181
2016-08-17,186.0104217529297,1,0.5581006869938075,1.0,0.002243900702348922,0.002243900702348922
2016-08-18,186.4278106689453,0,0.5598137211466772,1.0,-0.001461973346446488,-0.001461973346446488
2016-08-19,186.15525817871094,0,0.5596011149918874,1.0,-4.557425238349566e-05,-4.557425238349566e-05
2016-08-22,186.1467742919922,1,0.5622255091018669,1.0,0.002013145820072726,0.002013145820072726
2016-08-23,186.52151489257812,0,0.557863228887559,1.0,-0.005114745129081055,-0.005114745129081055
2016-08-24,185.5675048828125,0,0.5644194892387092,1.0,-0.0006885747571486744,-0.0006885747571486744
2016-08-25,185.43972778320312,0,0.560752472741805,1.0,-0.0018834889687120437,-0.0018834889687120437
2016-08-26,185.0904541015625,1,0.5632114082108315,1.0,0.004924696341856771,0.004924696341856771
2016-08-29,186.00196838378906,0,0.5575338047840955,1.0,-0.0016489162067544472,-0.0016489162067544472
2016-08-30,185.6952667236328,0,0.5612151289367023,1.0,-0.0028441069950224662,-0.0028441069950224662
2016-08-31,185.16712951660156,1,0.558440190806163,1.0,4.6229482988824344e-05,4.6229482988824344e-05
2016-09-01,185.17568969726562,1,0.5590067322372549,1.0,0.004507784240084245,0.004507784240084245
2016-09-02,186.0104217529297,1,0.5547512748535267,1.0,0.003022547535232567,0.003022547535232567
2016-09-06,186.57264709472656,0,0.5607600316619988,1.0,-9.127173172984726e-05,-9.127173172984726e-05
2016-09-07,186.5556182861328,0,0.5618471463992112,1.0,-0.0022829830815347396,-0.0022829830815347396
2016-09-08,186.1297149658203,0,0.5645896045974919,1.0,-0.023934684773495585,-0.023934684773495585
2016-09-09,181.6747589111328,1,0.583520693587676,1.0,0.01434693430006484,0.01434693430006484
2016-09-12,184.28123474121094,0,0.5558952415177183,1.0,-0.014375358893372603,-0.014375358893372603
2016-09-13,181.6321258544922,0,0.5784417543827527,1.0,-0.000375101556751245,-0.000375101556751245
2016-09-14,181.56399536132812,1,0.5724913628265791,1.0,0.009992790977510824,0.009992790977510824
2016-09-15,183.37832641601562,0,0.5568230363733143,1.0,-0.003865406566647911,-0.003865406566647911
2016-09-16,182.66949462890625,1,0.5703568548918458,1.0,0.00018719571299263826,0.00018719571299263826
2016-09-19,182.7036895751953,1,0.5685492287160757,1.0,4.693632336083553e-05,4.693632336083553e-05
2016-09-20,182.71226501464844,1,0.5684996159972663,1.0,0.011245565581622818,0.011245565581622818
2016-09-21,184.7669677734375,1,0.5556968647355797,1.0,0.00630123922196657,0.00630123922196657
2016-09-22,185.9312286376953,0,0.5562882369802007,1.0,-0.005478864546130557,-0.005478864546130557
2016-09-23,184.91253662109375,0,0.5621295090545606,1.0,-0.008102453552556454,-0.008102453552556454
2016-09-26,183.41429138183594,1,0.5669090181497358,1.0,0.00620819602671796,0.00620819602671796
2016-09-27,184.55296325683594,1,0.5534794551566976,1.0,0.004963512195218733,0.004963512195218733
2016-09-28,185.468994140625,0,0.5549801768408315,1.0,-0.009047383046304924,-0.009047383046304924
2016-09-29,183.79098510742188,1,0.5658566450467825,1.0,0.007546082059781911,0.007546082059781911
2016-09-30,185.17788696289062,0,0.5499211234492523,1.0,-0.002403958266348427,-0.002403958266348427
2016-10-03,184.73272705078125,0,0.557824384755535,1.0,-0.005097861967362727,-0.005097861967362727
2016-10-04,183.79098510742188,1,0.5652370435619463,1.0,0.004425597965483474,0.004425597965483474
2016-10-05,184.6043701171875,1,0.5593877897853855,1.0,0.0006953082070173533,0.0006953082070173533
2016-10-06,184.73272705078125,0,0.5619217100161754,1.0,-0.003429356640865966,-0.003429356640865966
2016-10-07,184.09921264648438,1,0.5636256631371446,1.0,0.0052083169293051235,0.0052083169293051235
2016-10-10,185.0580596923828,0,0.5376336405009698,1.0,-0.012629653861962797,-0.012629653861962797
2016-10-11,182.72084045410156,1,0.5674685060273841,1.0,0.0013120059778903848,0.0013120059778903848
2016-10-12,182.9605712890625,0,0.5468419324918524,1.0,-0.0032753418872134565,-0.0032753418872134565
2016-10-13,182.36131286621094,1,0.5509239762847693,1.0,0.0005161811364871038,0.0005161811364871038
2016-10-14,182.4554443359375,0,0.5574847470598243,1.0,-0.0034720758693361775,-0.0034720758693361775
2016-10-17,181.8219451904297,1,0.5581430645603145,1.0,0.006262313921679086,0.006262313921679086
2016-10-18,182.9605712890625,1,0.5501150437477866,1.0,0.002667277372160548,0.002667277372160548
2016-10-19,183.44857788085938,0,0.5509389070805929,1.0,-0.00186675201784392,-0.00186675201784392
2016-10-20,183.1061248779297,1,0.5648999511989093,1.0,0.00046758165783233885,0.00046758165783233885
2016-10-21,183.19174194335938,1,0.5687223884855962,1.0,0.004252662953638353,0.004252662953638353
2016-10-24,183.97079467773438,0,0.5601752803546739,1.0,-0.0033504994314369485,-0.0033504994314369485
2016-10-25,183.35440063476562,0,0.5595739687738714,1.0,-0.0020078536562876392,-0.0020078536562876392
2016-10-26,182.9862518310547,0,0.5649868074497962,1.0,-0.002666819655163799,-0.002666819655163799
2016-10-27,182.49826049804688,0,0.5711523188682184,1.0,-0.002955467489439534,-0.002955467489439534
2016-10-28,181.95889282226562,1,0.5658099958019974,1.0,4.7044585352651325e-05,4.7044585352651325e-05
2016-10-31,181.9674530029297,0,0.5703923123984201,1.0,-0.007245112310099944,-0.007245112310099944
2016-11-01,180.64907836914062,0,0.5764695364938713,1.0,-0.006018742432860602,-0.006018742432860602
2016-11-02,179.56179809570312,0,0.5747819103632732,1.0,-0.0045773359454414075,-0.0045773359454414075
2016-11-03,178.73988342285156,0,0.5801965341300153,1.0,-0.0011015121611535061,-0.0011015121611535061
2016-11-04,178.54299926757812,1,0.5796337379498324,1.0,0.02205710044804743,0.02205710044804743
2016-11-07,182.48114013671875,1,0.5494989117451687,1.0,0.004503940268334894,0.004503940268334894
2016-11-08,183.3030242919922,1,0.5629402889263243,1.0,0.010601645041803609,0.010601645041803609
2016-11-09,185.246337890625,1,0.5440577113532679,1.0,0.002495654145069137,0.002495654145069137
2016-11-10,185.70864868164062,0,0.5491955605117558,1.0,-0.002304980476725782,-0.002304980476725782
2016-11-11,185.2805938720703,1,0.5506079383026471,1.0,0.0007856669962789109,0.0007856669962789109
2016-11-14,185.42616271972656,1,0.5470480329818594,1.0,0.007802773663030171,0.007802773663030171
2016-11-15,186.8730010986328,0,0.5352964794038224,1.0,-0.0018783515089398906,-0.0018783515089398906
2016-11-16,186.52198791503906,1,0.5468084921621501,1.0,0.005140583144257027,0.005140583144257027
2016-11-17,187.48081970214844,0,0.5418878622206879,1.0,-0.0022374521872883246,-0.0022374521872883246
2016-11-18,187.06134033203125,1,0.5459438308197604,1.0,0.007551521087909796,0.007551521087909796
2016-11-21,188.47393798828125,1,0.5361286510206608,1.0,0.0019533141167444867,0.0019533141167444867
2016-11-22,188.8420867919922,1,0.5414303550723473,1.0,0.0005437156162897416,0.0005437156162897416
2016-11-23,188.94476318359375,1,0.5391333694592126,1.0,0.0037154303541946376,0.0037154303541946376
2016-11-25,189.6467742919922,0,0.5329600006257401,1.0,-0.004694701960166192,-0.004694701960166192
2016-11-28,188.75643920898438,1,0.538131370445227,1.0,0.0019504715391054361,0.0019504715391054361
2016-11-29,189.12460327148438,0,0.5297743788198208,1.0,-0.002399457177273412,-0.002399457177273412
2016-11-30,188.67080688476562,0,0.5333519041525564,1.0,-0.003675130795415704,-0.003675130795415704
2016-12-01,187.9774169921875,1,0.5298132401481455,1.0,0.0005008406329976012,0.0005008406329976012
2016-12-02,188.07156372070312,1,0.5216125879581878,1.0,0.006008863930249131,0.006008863930249131
2016-12-05,189.20166015625,1,0.5113175147252937,1.0,0.0031674613210834757,0.0031674613210834757
2016-12-06,189.8009490966797,1,0.5100784682874497,1.0,0.013080849069383227,0.013080849069383227
2016-12-07,192.28370666503906,1,0.5179814980872611,1.0,0.0024485964176501618,0.0024485964176501618
2016-12-08,192.75453186035156,1,0.5273042007227315,1.0,0.006040121874287818,0.006040121874287818
2016-12-09,193.91879272460938,0,0.531287658740741,1.0,-0.001147563763990278,-0.001147563763990278
2016-12-12,193.69625854492188,1,0.5376815681974595,1.0,0.00667366310495332,0.00667366310495332
2016-12-13,194.98892211914062,0,0.526789887288018,1.0,-0.008253674016499568,-0.008253674016499568
2016-12-14,193.37954711914062,1,0.5389919239011302,1.0,0.004117073644936964,0.004117073644936964
2016-12-15,194.1757049560547,0,0.5358032127184817,1.0,-0.001955994024281482,-0.001955994024281482
2016-12-16,193.7958984375,1,0.5381519594757751,1.0,0.002177533548000321,0.002177533548000321
2016-12-19,194.2178955078125,1,0.5388347728712037,1.0,0.0038575566942986583,0.0038575566942986583
2016-12-20,194.96710205078125,0,0.5331013185698642,1.0,-0.0027827335904337946,-0.0027827335904337946
2016-12-21,194.424560546875,0,0.5455679986300451,1.0,-0.0017270704440061069,-0.0017270704440061069
2016-12-22,194.08877563476562,1,0.5467943618060784,1.0,0.001464016499627796,0.001464016499627796
2016-12-23,194.3729248046875,1,0.5443723030320672,1.0,0.002480840644023097,0.002480840644023097
2016-12-27,194.85513305664062,0,0.5451836441349415,1.0,-0.00826427448150846,-0.00826427448150846
2016-12-28,193.2447967529297,0,0.5509508188463488,1.0,-0.0002229067082127889,-0.0002229067082127889
2016-12-29,193.20172119140625,0,0.5477537429720237,1.0,-0.003655363574530668,-0.003655363574530668
2016-12-30,192.49549865722656,1,0.5494667859127388,1.0,0.007650420498462873,0.007650420498462873
2017-01-03,193.96817016601562,1,0.5349280817415601,1.0,0.005949072278585099,0.005949072278585099
2017-01-04,195.12210083007812,0,0.5326679524743433,1.0,-0.000794368134811374,-0.000794368134811374
2017-01-05,194.96710205078125,1,0.5428367459907688,1.0,0.0035776549842361227,0.0035776549842361227
2017-01-06,195.6646270751953,0,0.5407190940420227,1.0,-0.0033008458110327377,-0.0033008458110327377
2017-01-09,195.01876831054688,0,0.5584713074213509,1.0,0.0,0.0
2017-01-10,195.01876831054688,1,0.5576098853020263,1.0,0.002826125227392673,0.002826125227392673
2017-01-11,195.56991577148438,0,0.5589056231182027,1.0,-0.0025098171394419833,-0.0025098171394419833
2017-01-12,195.07907104492188,1,0.5620657971290186,1.0,0.0022953996111916286,0.0022953996111916286
2017-01-13,195.52685546875,0,0.5631723336921746,1.0,-0.003523398694932345,-0.003523398694932345
2017-01-17,194.8379364013672,1,0.5617550550331417,1.0,0.0022097441604009838,0.0022097441604009838
2017-01-18,195.2684783935547,0,0.5602645393308645,1.0,-0.003704584978723724,-0.003704584978723724
2017-01-19,194.5450897216797,1,0.563292335571738,1.0,0.003674280514838424,0.003674280514838424
2017-01-20,195.25990295410156,0,0.5586023609100556,1.0,-0.002602263281369588,-0.002602263281369588
2017-01-23,194.7517852783203,1,0.5664658775604781,1.0,0.00641184500534453,0.00641184500534453
2017-01-24,196.00050354003906,1,0.5552483833331384,1.0,0.008655448008184186,0.008655448008184186
2017-01-25,197.6969757080078,0,0.5471460470950449,1.0,-0.0010453626734672206,-0.0010453626734672206
2017-01-26,197.4903106689453,0,0.5547535808782996,1.0,-0.0015699166906505413,-0.0015699166906505413
2017-01-27,197.18026733398438,0,0.5573366381945375,1.0,-0.006201631491844495,-0.006201631491844495
2017-01-30,195.95742797851562,0,0.5564220920120182,1.0,-8.76792304410623e-05,-8.76792304410623e-05
2017-01-31,195.94024658203125,1,0.5518070822809444,1.0,0.0003956035056078555,0.0003956035056078555
2017-02-01,196.01776123046875,1,0.5474317128544458,1.0,0.0006588708585093528,0.0006588708585093528
2017-02-02,196.14691162109375,1,0.5536307569652263,1.0,0.006892896005844973,0.006892896005844973
2017-02-03,197.49893188476562,0,0.5511918588945702,1.0,-0.0017877216689110575,-0.0017877216689110575
2017-02-06,197.14585876464844,1,0.5569183497797338,1.0,4.365274059092705e-05,4.365274059092705e-05
2017-02-07,197.1544647216797,1,0.5586574891940443,1.0,0.0013104537945463068,0.0013104537945463068
2017-02-08,197.41282653808594,1,0.5543043363001741,1.0,0.005932608920308224,0.005932608920308224
2017-02-09,198.58399963378906,1,0.5479654851512453,1.0,0.003946167019135194,0.003946167019135194
2017-02-10,199.36764526367188,1,0.548724164003191,1.0,0.005442623382432066,0.005442623382432066
2017-02-13,200.45272827148438,1,0.5426445242158444,1.0,0.003995091677089002,0.003995091677089002
2017-02-14,201.25355529785156,1,0.5430400261147765,1.0,0.00522065032302943,0.00522065032302943
2017-02-15,202.30422973632812,0,0.5361167860852015,1.0,-0.0008513969834540447,-0.0008513969834540447
2017-02-16,202.13198852539062,1,0.5413193736812323,1.0,0.001575988746668866,0.001575988746668866
2017-02-17,202.45054626464844,1,0.5353411516921819,1.0,0.005955170107717178,0.005955170107717178
2017-02-21,203.6561737060547,0,0.5319084613398621,1.0,-0.0008879274607245247,-0.0008879274607245247
2017-02-22,203.475341796875,1,0.5337625350401893,1.0,0.0006773173672811605,0.0006773173672811605
2017-02-23,203.6131591796875,1,0.5375355846838827,1.0,0.0012689605929019354,0.0012689605929019354
2017-02-24,203.8715362548828,1,0.5442429676841263,1.0,0.0015627660510031394,0.0015627660510031394
2017-02-27,204.1901397705078,0,0.542031170698123,1.0,-0.0026992621697895514,-0.0026992621697895514
2017-02-28,203.63897705078125,1,0.5438426753347391,1.0,0.013997484130449989,0.013997484130449989
2017-03-01,206.48941040039062,0,0.5198871602270833,1.0,-0.006297288968992398,-0.006297288968992398
2017-03-02,205.1890869140625,1,0.5347217854416361,1.0,0.000629346978331391,0.000629346978331391
2017-03-03,205.31822204589844,0,0.5300932622859242,1.0,-0.002977540803233758,-0.002977540803233758
2017-03-06,204.70687866210938,0,0.533902705965235,1.0,-0.002987029347024772,-0.002987029347024772
2017-03-07,204.0954132080078,0,0.5414550880626031,1.0,-0.0018565900273460612,-0.0018565900273460612
2017-03-08,203.71649169921875,1,0.5388351643516135,1.0,0.0012681671251173476,0.0012681671251173476
2017-03-09,203.97483825683594,1,0.5365398415553448,1.0,0.0035041942533846626,0.0035041942533846626
2017-03-10,204.68960571289062,1,0.5341416128163915,1.0,0.0005047508904145737,0.0005047508904145737
2017-03-13,204.7929229736328,0,0.540907744674318,1.0,-0.003826526905833072,-0.003826526905833072
2017-03-14,204.00927734375,1,0.5487320027783489,1.0,0.00865358379745862,0.00865358379745862
2017-03-15,205.77468872070312,0,0.5409038378445683,1.0,-0.0019669797154753255,-0.0019669797154753255
2017-03-16,205.36993408203125,0,0.548909010365018,1.0,-0.001756057823674162,-0.001756057823674162
2017-03-17,205.00929260253906,0,0.5529313971838725,1.0,-0.0010971688488599085,-0.0010971688488599085
2017-03-20,204.78436279296875,0,0.5522450932763576,1.0,-0.012839448293045952,-0.012839448293045952
2017-03-21,202.15504455566406,1,0.5700072340448834,1.0,0.0023533349189297503,0.0023533349189297503
2017-03-22,202.6307830810547,0,0.5588915264392535,1.0,-0.0010674258455312113,-0.0010674258455312113
2017-03-23,202.41448974609375,0,0.5618733315199471,1.0,-0.0007261728902088205,-0.0007261728902088205
2017-03-24,202.2675018310547,0,0.5623015117191335,1.0,-0.001026418392005346,-0.001026418392005346
2017-03-27,202.0598907470703,1,0.5638266392357731,1.0,0.00727704020714981,0.00727704020714981
2017-03-28,203.53028869628906,1,0.5534767172681929,1.0,0.0009347335143574664,0.0009347335143574664
2017-03-29,203.7205352783203,1,0.5568815679769056,1.0,0.0031842489444071642,0.0031842489444071642
2017-03-30,204.36923217773438,0,0.5624172452519476,1.0,-0.002327763634145441,-0.002327763634145441
2017-03-31,203.8935089111328,0,0.5645565351214049,1.0,-0.0017391382438662895,-0.0017391382438662895
2017-04-03,203.53890991210938,1,0.565223155272005,1.0,0.0006375230281203681,0.0006375230281203681
2017-04-04,203.66867065429688,0,0.5607674752884589,1.0,-0.002972662562567341,-0.002972662562567341
2017-04-05,203.063232421875,1,0.5635590972259794,1.0,0.002811026069225342,0.002811026069225342
2017-04-06,203.63404846191406,0,0.5556401647063868,1.0,-0.0010193055099820825,-0.0010193055099820825
2017-04-07,203.42648315429688,1,0.5603620398138932,1.0,0.0005951953223273243,0.0005951953223273243
2017-04-10,203.5475616455078,0,0.5607973050059541,1.0,-0.0011896075869212153,-0.0011896075869212153
2017-04-11,203.305419921875,0,0.5632412015849789,1.0,-0.00438222540315758,-0.00438222540315758
2017-04-12,202.41448974609375,0,0.5658647488648163,1.0,-0.0064945471826179935,-0.0064945471826179935
2017-04-13,201.0998992919922,1,0.5765083483688741,1.0,0.008859966054298951,0.008859966054298951
2017-04-17,202.8816375732422,0,0.5567367909494866,1.0,-0.002984344750181833,-0.002984344750181833
2017-04-18,202.2761688232422,0,0.567711083904955,1.0,-0.001838587649666712,-0.001838587649666712
2017-04-19,201.90426635742188,1,0.566884807149737,1.0,0.008138982487754243,0.008138982487754243
2017-04-20,203.5475616455078,0,0.5457479219723022,1.0,-0.003186804973697721,-0.003186804973697721
2017-04-21,202.89889526367188,1,0.5590737673955113,1.0,0.010997894140277298,0.010997894140277298
2017-04-24,205.13035583496094,1,0.5394076139752644,1.0,0.005818458587518949,0.005818458587518949
2017-04-25,206.3238983154297,0,0.5404119045788436,1.0,-0.0006289176544596042,-0.0006289176544596042
2017-04-26,206.1941375732422,1,0.5458537392398856,1.0,0.0008392572591757741,0.0008392572591757741
2017-04-27,206.3671875,0,0.5488158272610268,1.0,-0.002179233508423195,-0.002179233508423195
2017-04-28,205.91746520996094,1,0.5532437758599977,1.0,0.0025198949507769797,0.0025198949507769797
2017-05-01,206.4363555908203,1,0.5496429459962384,1.0,0.00037711546289442843,0.00037711546289442843
2017-05-02,206.5142059326172,0,0.5498198587442149,1.0,-0.001214338728465103,-0.001214338728465103
2017-05-03,206.263427734375,1,0.5507492771784589,1.0,0.0011739440495706077,0.0011739440495706077
2017-05-04,206.5055694580078,1,0.5483494842455295,1.0,0.0039368830747943395,0.0039368830747943395
2017-05-05,207.3185577392578,0,0.5418111719468162,1.0,-0.0001664847625594268,-0.0001664847625594268
2017-05-08,207.28404235839844,0,0.5473953914667421,1.0,-0.0009180270523160283,-0.0009180270523160283
2017-05-09,207.09375,1,0.5478638169637388,1.0,0.0017954485438358425,0.0017954485438358425
2017-05-10,207.465576171875,0,0.5448085410394717,1.0,-0.0020428105425057685,-0.0020428105425057685
2017-05-11,207.04176330566406,0,0.5485612357914746,1.0,-0.0016708320162692747,-0.0016708320162692747
2017-05-12,206.69583129882812,1,0.5462770235227326,1.0,0.005523542047559671,0.005523542047559671
2017-05-15,207.8375244140625,0,0.5326088540357936,1.0,-0.0009156557158002121,-0.0009156557158002121
2017-05-16,207.647216796875,0,0.5448887234257397,1.0,-0.01774378823382794,-0.01774378823382794
2017-05-17,203.9627685546875,1,0.5666491887028158,1.0,0.004028157904029328,0.004028157904029328
2017-05-18,204.78436279296875,1,0.5437424917962425,1.0,0.006504406460802414,0.006504406460802414
2017-05-19,206.11636352539062,1,0.543364681999517,1.0,0.00507727174671202,0.00507727174671202
2017-05-22,207.16287231445312,1,0.5398233089627029,1.0,0.0022126263182029593,0.0022126263182029593
2017-05-23,207.62124633789062,1,0.5485798710278111,1.0,0.00233312113342099,0.00233312113342099
2017-05-24,208.10565185546875,1,0.5510994935734783,1.0,0.0047794420640761,0.0047794420640761
2017-05-25,209.10028076171875,0,0.5458780140635561,1.0,-0.00020666108370381853,-0.00020666108370381853
2017-05-26,209.05706787109375,0,0.5509537743456349,1.0,-0.0008690756223521667,-0.0008690756223521667
2017-05-30,208.87538146972656,0,0.5505424197323028,1.0,-0.0002482310977461877,-0.0002482310977461877
2017-05-31,208.8235321044922,1,0.5516920672280415,1.0,0.007952089878753732,0.007952089878753732
2017-06-01,210.48411560058594,1,0.5401071931437088,1.0,0.003328479391504713,0.003328479391504713
2017-06-02,211.18470764160156,0,0.5416029286340515,1.0,-0.000737344782781646,-0.000737344782781646
2017-06-05,211.02899169921875,0,0.546334389435997,1.0,-0.0031967471284879423,-0.0031967471284879423
2017-06-06,210.35438537597656,1,0.5526990617986106,1.0,0.0018503117522867818,0.0018503117522867818
2017-06-07,210.7436065673828,1,0.546965949697374,1.0,0.0004925679297369534,0.0004925679297369534
2017-06-08,210.847412109375,0,0.5472187790869403,1.0,-0.0015177923210260014,-0.0015177923210260014
2017-06-09,210.5273895263672,0,0.5508969420004308,1.0,-0.00020555009910394606,-0.00020555009910394606
2017-06-12,210.48411560058594,1,0.5484467446165946,1.0,0.004890140389278486,0.004890140389278486
2017-06-13,211.51341247558594,0,0.5400645081422719,1.0,-0.0012678059317648982,-0.0012678059317648982
2017-06-14,211.24525451660156,0,0.5498414422747044,1.0,-0.001924348077519178,-0.001924348077519178
2017-06-15,210.8387451171875,1,0.5507624725040657,1.0,0.0002185629730586669,0.0002185629730586669
2017-06-16,210.88482666015625,1,0.5379953227184392,1.0,0.008324923150659469,0.008324923150659469
2017-06-19,212.6404266357422,0,0.5285552349130029,1.0,-0.00674394929304456,-0.00674394929304456
2017-06-20,211.20639038085938,0,0.549869022839953,1.0,-0.00024700862370030663,-0.00024700862370030663
2017-06-21,211.1542205810547,0,0.5474198582570814,1.0,-0.00045251540246948885,-0.00045251540246948885
2017-06-22,211.0586700439453,1,0.5492071331740408,1.0,0.0011941924853495767,0.0011941924853495767
2017-06-23,211.3107147216797,1,0.5485116289181114,1.0,0.0006578349258932192,0.0006578349258932192
2017-06-26,211.44972229003906,0,0.551642799599909,1.0,-0.008056102769540607,-0.008056102769540607
2017-06-27,209.7462615966797,1,0.5632757310775596,1.0,0.008950284997065738,0.008950284997065738
2017-06-28,211.62355041503906,0,0.5424103440146247,1.0,-0.008788617979385793,-0.008788617979385793
2017-06-29,209.763671875,1,0.5625346394716665,1.0,0.0018643242721068098,0.0018643242721068098
2017-06-30,210.1547393798828,1,0.5571332361607898,1.0,0.0016956005942478924,0.0016956005942478924
2017-07-03,210.51107788085938,1,0.5584590038939782,1.0,0.002312182889397274,0.002312182889397274
2017-07-05,210.99781799316406,0,0.5562033420733588,1.0,-0.009144375888463063,-0.009144375888463063
2017-07-06,209.06837463378906,1,0.5689071281285671,1.0,0.006484908044773086,0.006484908044773086
2017-07-07,210.42416381835938,1,0.5526168070054861,1.0,0.0010739387621410135,0.0010739387621410135
2017-07-10,210.650146484375,0,0.5571859570478938,1.0,-0.0007425480081082458,-0.0007425480081082458
2017-07-11,210.4937286376953,1,0.5581826573874307,1.0,0.007514724445243148,0.007514724445243148
2017-07-12,212.07553100585938,1,0.5465053587034391,1.0,0.0016801714016581037,0.0016801714016581037
2017-07-13,212.43185424804688,1,0.5540513425473088,1.0,0.004664078999368826,0.004664078999368826
2017-07-14,213.4226531982422,0,0.5479625946518211,1.0,-0.00012190006525403252,-0.00012190006525403252
2017-07-17,213.39663696289062,1,0.5510314855430495,1.0,0.0005291322331482107,0.0005291322331482107
2017-07-18,213.50955200195312,1,0.5502434199862715,1.0,0.005414162181307525,0.005414162181307525
2017-07-19,214.66552734375,1,0.5483293844014581,1.0,0.00044518464180520745,0.00044518464180520745
2017-07-20,214.76109313964844,0,0.5482446043801467,1.0,-0.0008901862314499853,-0.0008901862314499853
2017-07-21,214.56991577148438,0,0.5496534821429643,1.0,-0.00024292326000174835,-0.00024292326000174835
2017-07-24,214.51779174804688,1,0.5488235791586612,1.0,0.002430676428257117,0.002430676428257117
2017-07-25,215.03921508789062,1,0.5457996705845839,1.0,4.065903109462532e-05,4.065903109462532e-05
2017-07-26,215.04795837402344,0,0.5482561236154496,1.0,-0.0009297270924943923,-0.0009297270924943923
2017-07-27,214.8480224609375,0,0.5444815998994006,1.0,-0.0011730590584846379,-0.0011730590584846379
2017-07-28,214.5959930419922,0,0.551201442904146,1.0,-0.0005669179720960704,-0.0005669179720960704
2017-07-31,214.47433471679688,1,0.5454173791778288,1.0,0.002228690098528885,0.002228690098528885
2017-08-01,214.95233154296875,1,0.5428095558776527,1.0,0.00048519512439604284,0.00048519512439604284
2017-08-02,215.05662536621094,0,0.5451491660569281,1.0,-0.0019399102494396248,-0.0019399102494396248
2017-08-03,214.63943481445312,1,0.5497810051384259,1.0,0.0018220452546846566,0.0018220452546846566
2017-08-04,215.030517578125,1,0.5397614232153546,1.0,0.0018590373141529337,0.0018590373141529337
2017-08-07,215.43026733398438,0,0.5430551496298482,1.0,-0.0024606829735697167,-0.0024606829735697167
2017-08-08,214.90016174316406,0,0.5488337996667536,1.0,-4.0543331768616575e-05,-4.0543331768616575e-05
2017-08-09,214.89144897460938,0,0.5461281590573333,1.0,-0.01411511904388274,-0.01411511904388274
2017-08-10,211.8582305908203,1,0.570344252672993,1.0,0.001476915613063623,0.001476915613063623
2017-08-11,212.17112731933594,1,0.5566484184028094,1.0,0.009913161935546588,0.009913161935546588
2017-08-14,214.2744140625,0,0.5466022028223219,1.0,-0.00012148671251543952,-0.00012148671251543952
2017-08-15,214.24838256835938,1,0.5556100846698774,1.0,0.0017441087809955125,0.0017441087809955125
2017-08-16,214.62205505371094,0,0.5533088938599172,1.0,-0.015591017179588218,-0.015591017179588218
2017-08-17,211.27587890625,0,0.5797981935827567,1.0,-0.0015628863882706234,-0.0015628863882706234
2017-08-18,210.9456787109375,1,0.5683593462185652,1.0,0.0007827387479768522,0.0007827387479768522
2017-08-21,211.1107940673828,1,0.5652498720699002,1.0,0.01045690400327226,0.01045690400327226
2017-08-22,213.318359375,0,0.5507758474552696,1.0,-0.0035853995183988685,-0.0035853995183988685
2017-08-23,212.55352783203125,0,0.5667385274558142,1.0,-0.0023308122350843563,-0.0023308122350843563
2017-08-24,212.05810546875,1,0.5668901619325456,1.0,0.0023362576129128954,0.0023362576129128954
2017-08-25,212.55352783203125,1,0.5609080094699642,1.0,4.1062726329643695e-05,4.1062726329643695e-05
2017-08-28,212.562255859375,1,0.5621865929037722,1.0,0.0011448277446290955,0.0011448277446290955
2017-08-29,212.80560302734375,1,0.5601947857273387,1.0,0.004737413766449761,0.004737413766449761
2017-08-30,213.81375122070312,1,0.5558939727974087,1.0,0.00601598658568947,0.00601598658568947
2017-08-31,215.1000518798828,1,0.5518419907442579,1.0,0.0014144347825963965,0.0014144347825963965
2017-09-01,215.404296875,0,0.5539578158262526,1.0,-0.007182184323628382,-0.007182184323628382
2017-09-05,213.8572235107422,1,0.56642886363235,1.0,0.0034136150892303263,0.0034136150892303263
2017-09-06,214.58724975585938,0,0.5562887508150949,1.0,-0.00012130960329770346,-0.00012130960329770346
2017-09-07,214.56121826171875,0,0.5579009681825811,1.0,-0.0011746270877242004,-0.0011746270877242004
2017-09-08,214.30918884277344,1,0.5593678934554449,1.0,0.010665742397258704,0.010665742397258704
2017-09-11,216.59495544433594,1,0.5340662120010733,1.0,0.003370678786062564,0.003370678786062564
2017-09-12,217.3250274658203,1,0.5397891062490715,1.0,0.0004799681069758144,0.0004799681069758144
2017-09-13,217.42933654785156,0,0.5486718559766757,1.0,-0.0003198720175074943,-0.0003198720175074943
2017-09-14,217.3597869873047,1,0.5494145218011861,1.0,0.0013463774485884539,0.0013463774485884539
2017-09-15,217.65243530273438,1,0.5482454640322334,1.0,0.0021266721209303174,0.0021266721209303174
2017-09-18,218.1153106689453,1,0.5367001444004933,1.0,0.0010013708160641066,0.0010013708160641066
2017-09-19,218.33372497558594,1,0.5360689984043147,1.0,0.00035992040936716485,0.00035992040936716485
2017-09-20,218.4123077392578,0,0.5368833997083489,1.0,-0.0026792895757254964,-0.0026792895757254964
2017-09-21,217.82711791992188,1,0.5480864310127926,1.0,0.0002003429928076894,0.0002003429928076894
2017-09-22,217.87075805664062,0,0.54303655412332,1.0,-0.002044629999289782,-0.002044629999289782
2017-09-25,217.42529296875,1,0.5445848767963577,1.0,0.0006027011792395509,0.0006027011792395509
2017-09-26,217.55633544921875,1,0.5433541876027344,1.0,0.003894156814963745,0.003894156814963745
2017-09-27,218.40353393554688,1,0.5382407209865848,1.0,0.0011998635673939884,0.0011998635673939884
2017-09-28,218.66558837890625,1,0.5407586727621384,1.0,0.0035149584786764443,0.0035149584786764443
2017-09-29,219.43418884277344,1,0.5398637613131582,1.0,0.004338828909773662,0.004338828909773662
2017-10-02,220.3862762451172,1,0.5407379516933295,1.0,0.0021400330327658867,0.0021400330327658867
2017-10-03,220.85791015625,1,0.5424365851562185,1.0,0.0011865295799184938,0.0011865295799184938
2017-10-04,221.11996459960938,1,0.5381220552983002,1.0,0.005925064925081269,0.005925064925081269
2017-10-05,222.43011474609375,0,0.532735028626519,1.0,-0.0011386290078053696,-0.0011386290078053696
2017-10-06,222.17684936523438,0,0.5395550804069499,1.0,-0.001651307619434439,-0.001651307619434439
2017-10-09,221.80996704101562,1,0.5400214194958841,1.0,0.0026383861136674014,0.0026383861136674014
2017-10-10,222.3951873779297,1,0.5420454919095385,1.0,0.0015711266725768613,0.0015711266725768613
2017-10-11,222.74459838867188,0,0.5443178436807353,1.0,-0.0014904310858013803,-0.0014904310858013803
2017-10-12,222.41261291503906,1,0.5480458130386078,1.0,0.0012176152455198874,0.0012176152455198874
2017-10-13,222.6834259033203,1,0.5446726541593352,1.0,0.001333513227312455,0.001333513227312455
2017-10-16,222.98037719726562,1,0.5446612537022087,1.0,0.0007051823270975976,0.0007051823270975976
2017-10-17,223.1376190185547,1,0.5461534668574367,1.0,0.000978627141554611,0.000978627141554611
2017-10-18,223.35598754882812,1,0.5459416355373236,1.0,0.00027360560541023204,0.00027360560541023204
2017-10-19,223.41709899902344,1,0.5465829100002695,1.0,0.005160408890589885,0.005160408890589885
2017-10-20,224.5700225830078,0,0.5375002163912527,1.0,-0.0038893363178236218,-0.0038893363178236218
2017-10-23,223.69659423828125,1,0.5476325773216062,1.0,0.0017571407718048881,0.0017571407718048881
2017-10-24,224.08966064453125,0,0.5401898713028273,1.0,-0.004950176835803455,-0.004950176835803455
2017-10-25,222.98037719726562,1,0.549015241712929,1.0,0.0012928000508032333,0.0012928000508032333
2017-10-26,223.26864624023438,1,0.5451768677836614,1.0,0.008175977612014718,0.008175977612014718
2017-10-27,225.09408569335938,0,0.5349838541043095,1.0,-0.0037249099531541097,-0.0037249099531541097
2017-10-30,224.25563049316406,1,0.5498474277471455,1.0,0.0015576842250943912,0.0015576842250943912
2017-10-31,224.60494995117188,1,0.5469701419343096,1.0,0.0013224445318555933,0.0013224445318555933
2017-11-01,224.9019775390625,1,0.547781837963009,1.0,0.00038828493533160646,0.00038828493533160646
2017-11-02,224.9893035888672,1,0.5490520238521394,1.0,0.0033385783110484457,0.0033385783110484457
2017-11-03,225.74044799804688,1,0.5483653120178991,1.0,0.001547844056485559,0.001547844056485559
2017-11-06,226.08985900878906,0,0.5483126744091392,1.0,-0.0006954162525878438,-0.0006954162525878438
2017-11-07,225.93263244628906,1,0.5494968929468858,1.0,0.001700646618518764,0.001700646618518764
2017-11-08,226.31686401367188,0,0.5480117178751963,1.0,-0.0036275185744889527,-0.0036275185744889527
2017-11-09,225.4958953857422,0,0.5555420274076311,1.0,-0.0003098504076877173,-0.0003098504076877173
2017-11-10,225.426025390625,1,0.5516441688716064,1.0,0.0009298393341601319,0.0009298393341601319
2017-11-13,225.63563537597656,0,0.5507112075051128,1.0,-0.0023225402791064997,-0.0023225402791064997
2017-11-14,225.11158752441406,0,0.5555748570318844,1.0,-0.005005316577139762,-0.005005316577139762
2017-11-15,223.98483276367188,1,0.5608341086817437,1.0,0.008501015391302102,0.008501015391302102
2017-11-16,225.88893127441406,0,0.5445327119448163,1.0,-0.0029384909621864574,-0.0029384909621864574
2017-11-17,225.22515869140625,1,0.556416026857103,1.0,0.001706124161233058,0.001706124161233058
2017-11-20,225.6094207763672,1,0.55462471697618,1.0,0.006542744231373687,0.006542744231373687
2017-11-21,227.0855255126953,0,0.54417521651448,1.0,-0.0008846092570377051,-0.0008846092570377051
2017-11-22,226.8846435546875,1,0.5524047251651405,1.0,0.0023098218642780832,0.0023098218642780832
2017-11-24,227.40870666503906,0,0.5450376097506212,1.0,-0.0004991459364092066,-0.0004991459364092066
2017-11-27,227.29519653320312,1,0.5485889703154693,1.0,0.010144590319372648,0.010144590319372648
2017-11-28,229.60101318359375,0,0.5386812285944049,1.0,-0.0006086874229587202,-0.0006086874229587202
2017-11-29,229.4612579345703,1,0.5462061017065398,1.0,0.008755235828658448,0.008755235828658448
2017-11-30,231.47024536132812,0,0.5337675586355296,1.0,-0.0020753961499664353,-0.0020753961499664353
2017-12-01,230.98985290527344,0,0.5453717297104724,1.0,-0.0012101213681908751,-0.0012101213681908751
2017-12-04,230.7103271484375,0,0.5453442342590998,1.0,-0.0035967330853940993,-0.0035967330853940993
2017-12-05,229.88052368164062,1,0.5513618752950096,1.0,0.00019010384688145088,0.00019010384688145088
2017-12-06,229.92422485351562,1,0.5487270024578383,1.0,0.003153040214054492,0.003153040214054492
2017-12-07,230.64918518066406,1,0.543750255132849,1.0,0.005452894565794564,0.005452894565794564
2017-12-08,231.90689086914062,1,0.5397000032425552,1.0,0.003013373250209783,0.003013373250209783
2017-12-11,232.605712890625,1,0.5378300342883449,1.0,0.0017646887493401042,0.0017646887493401042
2017-12-12,233.0161895751953,0,0.5377003807130479,1.0,-0.00011250119426109428,-0.00011250119426109428
2017-12-13,232.98997497558594,0,0.5399421819509319,1.0,-0.004086191374012227,-0.004086191374012227
2017-12-14,232.03793334960938,1,0.5440279208003426,1.0,0.008327635238831288,0.008327635238831288
2017-12-15,233.9702606201172,1,0.524782689990391,1.0,0.006341093587722391,0.006341093587722391
2017-12-18,235.45388793945312,0,0.5287233254996683,1.0,-0.0038405242119187166,-0.0038405242119187166
2017-12-19,234.54962158203125,0,0.5379171073763885,1.0,-0.0005240236375970708,-0.0005240236375970708
2017-12-20,234.4267120361328,1,0.5361944706555244,1.0,0.002060157430108678,0.002060157430108678
2017-12-21,234.90966796875,0,0.5370401951837781,1.0,-0.0002619674908281855,-0.0002619674908281855
2017-12-22,234.84812927246094,0,0.538536176545554,1.0,-0.0011962829982469225,-0.0011962829982469225
2017-12-26,234.5671844482422,1,0.5413812519447934,1.0,0.00048638502477937884,0.00048638502477937884
2017-12-27,234.6812744140625,1,0.5391736756250758,1.0,0.0020575326305365405,0.0020575326305365405
2017-12-28,235.1641387939453,0,0.5434315716236727,1.0,-0.0037703780831168654,-0.0037703780831168654
2017-12-29,234.27748107910156,1,0.5501145049422828,1.0,0.007157340010417013,0.007157340010417013
2018-01-02,235.95428466796875,1,0.5420980423796395,1.0,0.0063253467843631395,0.0063253467843631395
2018-01-03,237.44677734375,1,0.5379388439082482,1.0,0.00421481170739324,0.00421481170739324
2018-01-04,238.44757080078125,1,0.5366302884797083,1.0,0.00666414963940376,0.00666414963940376
2018-01-05,240.03662109375,1,0.5282383628542777,1.0,0.0018282961584230595,0.0018282961584230595
2018-01-08,240.47547912597656,1,0.5316054366874755,1.0,0.002263797620287278,0.002263797620287278
2018-01-09,241.01986694335938,0,0.5318709606064262,1.0,-0.001530311396717443,-0.001530311396717443
2018-01-10,240.65103149414062,1,0.539587022650781,1.0,0.007296478807779172,0.007296478807779172
2018-01-11,242.4069366455078,1,0.5293397514534719,1.0,0.00651879115828824,0.00651879115828824
2018-01-12,243.9871368408203,0,0.5273801609985563,1.0,-0.0034180864081987394,-0.0034180864081987394
2018-01-16,243.15316772460938,1,0.537910052522716,1.0,0.00953142604406354,0.00953142604406354
2018-01-17,245.47076416015625,0,0.5179100565771172,1.0,-0.0016805937053449016,-0.0016805937053449016
2018-01-18,245.0582275390625,1,0.5345002749403114,1.0,0.00454971240592239,0.00454971240592239
2018-01-19,246.1731719970703,1,0.53040888787601,1.0,0.008131056414395044,0.008131056414395044
2018-01-22,248.17481994628906,1,0.5198469796370293,1.0,0.002122059948777677,0.002122059948777677
2018-01-23,248.7014617919922,0,0.5235929770296898,1.0,-0.000388124375763077,-0.000388124375763077
2018-01-24,248.6049346923828,1,0.5271746306844233,1.0,0.00042362860672784386,0.00042362860672784386
2018-01-25,248.7102508544922,1,0.525803398030569,1.0,0.011578102975709381,0.011578102975709381
2018-01-26,251.58984375,0,0.5079247859384002,1.0,-0.0066303206561398875,-0.0066303206561398875
2018-01-29,249.92172241210938,0,0.5280107716409687,1.0,-0.010256751534141295,-0.010256751534141295
2018-01-30,247.35833740234375,1,0.5377538954470898,1.0,0.0004965185101657443,0.0004965185101657443
2018-01-31,247.4811553955078,0,0.5250303154659366,1.0,-0.00113527869448804,-0.00113527869448804
2018-02-01,247.2001953125,0,0.5317646634487533,1.0,-0.02176992924668064,-0.02176992924668064
2018-02-02,241.81866455078125,0,0.5651318644148792,1.0,-0.04182219796933684,-0.04182219796933684
2018-02-05,231.7052764892578,1,0.6049259719588062,1.0,0.019702158117889335,0.019702158117889335
2018-02-06,236.27037048339844,0,0.5440899120824028,1.0,-0.005424879465959376,-0.005424879465959376
2018-02-07,234.98863220214844,0,0.5704874397042569,1.0,-0.03750902178963089,-0.03750902178963089
2018-02-08,226.1744384765625,1,0.6173997985176559,1.0,0.015021621084821524,0.015021621084821524
2018-02-09,229.5719451904297,1,0.562952684056805,1.0,0.014684657134119705,0.014684657134119705
2018-02-12,232.94313049316406,1,0.5604946574901911,1.0,0.0024870692769451974,0.0024870692769451974
2018-02-13,233.52247619628906,1,0.5740563570753008,1.0,0.01349635774763791,0.01349635774763791
2018-02-14,236.67417907714844,1,0.5552425534987293,1.0,0.012760111920309791,0.012760111920309791
2018-02-15,239.6941680908203,1,0.5554672462515142,1.0,0.00029270596221930845,0.00029270596221930845
2018-02-16,239.7643280029297,0,0.5652938785907479,1.0,-0.006260980023477081,-0.006260980023477081
2018-02-20,238.26316833496094,0,0.5769141870201643,1.0,-0.004974122331900865,-0.004974122331900865
2018-02-21,237.07801818847656,1,0.5830995912561026,1.0,0.001296184080151086,0.001296184080151086
2018-02-22,237.38531494140625,1,0.5780693673899203,1.0,0.01593922178189966,0.01593922178189966
2018-02-23,241.16905212402344,1,0.556572450497142,1.0,0.01161208724566598,0.01161208724566598
2018-02-26,243.9695281982422,0,0.5547061156061341,1.0,-0.012486375608105837,-0.012486375608105837
2018-02-27,240.92323303222656,0,0.589429769439733,1.0,-0.010130124208752256,-0.010130124208752256
2018-02-28,238.48265075683594,0,0.5882094725342925,1.0,-0.014540924330159188,-0.014540924330159188
2018-03-01,235.014892578125,1,0.5929170057900047,1.0,0.005155261000954647,0.005155261000954647
2018-03-02,236.22645568847656,1,0.5731676328851225,1.0,0.011557916477110464,0.011557916477110464
2018-03-05,238.9567413330078,1,0.5608632394340012,1.0,0.002534758502551915,0.002534758502551915
2018-03-06,239.56243896484375,0,0.5543141206942451,1.0,-0.00036630657242275877,-0.00036630657242275877
2018-03-07,239.4746856689453,1,0.5309925999960206,1.0,0.004838917376742691,0.004838917376742691
2018-03-08,240.63348388671875,1,0.5368607137684925,1.0,0.017402681368529294,0.017402681368529294
2018-03-09,244.82115173339844,0,0.5121565511566127,1.0,-0.0012553133923758342,-0.0012553133923758342
2018-03-12,244.51382446289062,0,0.5053370615155628,1.0,-0.006462558671251117,-0.006462558671251117
2018-03-13,242.9336395263672,0,0.52401229972784,1.0,-0.005131745386991016,-0.005131745386991016
2018-03-14,241.6869659423828,0,0.5355394668454925,1.0,-0.0010896385719554313,-0.0010896385719554313
2018-03-15,241.42361450195312,1,0.5340360411717031,1.0,0.001084443637688448,0.001084443637688448
2018-03-16,241.6854248046875,0,0.5436590891606656,1.0,-0.013530380774256279,-0.013530380774256279
2018-03-19,238.4153289794922,1,0.5762560304390977,1.0,0.001700759184749101,0.001700759184749101
2018-03-20,238.82081604003906,0,0.5599208796974443,1.0,-0.0019193857965451588,-0.0019193857965451588
2018-03-21,238.3624267578125,0,0.5606407930047442,1.0,-0.024996991291388992,-0.024996991291388992
2018-03-22,232.40408325195312,0,0.5952717967627562,1.0,-0.021314722489917504,-0.021314722489917504
2018-03-23,227.45045471191406,1,0.6053847984562092,1.0,0.027359232501551478,0.027359232501551478
2018-03-26,233.67332458496094,0,0.5476578629936194,1.0,-0.017011541388721407,-0.017011541388721407
2018-03-27,229.69818115234375,0,0.6101411708618532,1.0,-0.002954927425515619,-0.002954927425515619
2018-03-28,229.01943969726562,1,0.5907035169438305,1.0,0.01277731827625228,0.01277731827625228
2018-03-29,231.94569396972656,0,0.5591266108850228,1.0,-0.021584202876784087,-0.021584202876784087
2018-04-02,226.9393310546875,1,0.597035267813253,1.0,0.012816640641347021,0.012816640641347021
2018-04-03,229.84793090820312,1,0.5580331050869975,1.0,0.010699106451608209,0.010699106451608209
2018-04-04,232.30709838867188,1,0.560219563074369,1.0,0.007892224613546661,0.007892224613546661
2018-04-05,234.14051818847656,0,0.5591589241387799,1.0,-0.022286228676827946,-0.022286228676827946
2018-04-06,228.9224090576172,1,0.602928653844265,1.0,0.004928792955968708,0.004928792955968708
2018-04-09,230.05072021484375,1,0.5755046391972318,1.0,0.015900331400890977,0.015900331400890977
2018-04-10,233.70860290527344,0,0.5657606519319774,1.0,-0.005242575455590592,-0.005242575455590592
2018-04-11,232.48336791992188,1,0.5896245284985493,1.0,0.008227208793891938,0.008227208793891938
2018-04-12,234.39605712890625,0,0.5667161269378906,1.0,-0.0029328745203881512,-0.0029328745203881512
2018-04-13,233.70860290527344,1,0.5759277516900732,1.0,0.008221683958562709,0.008221683958562709
2018-04-16,235.6300811767578,1,0.5584971086019661,1.0,0.0106982446149535,0.0106982446149535
2018-04-17,238.15090942382812,1,0.5495677658720035,1.0,0.0007406074711204802,0.0007406074711204802
2018-04-18,238.32728576660156,0,0.5501665330411961,1.0,-0.005547660265687648,-0.005547660265687648
2018-04-19,237.005126953125,0,0.5616108456163711,1.0,-0.008479518383803453,-0.008479518383803453
2018-04-20,234.9954376220703,0,0.5688467583934597,1.0,-0.00014979876513088186,-0.00014979876513088186
2018-04-23,234.96023559570312,0,0.5452075551236062,1.0,-0.013467478407107714,-0.013467478407107714
2018-04-24,231.79591369628906,1,0.5543048444152504,1.0,0.0024715987655039573,0.0024715987655039573
2018-04-25,232.3688201904297,1,0.5571482710388441,1.0,0.010165726512019635,0.010165726512019635
2018-04-26,234.73101806640625,1,0.5310227654880837,1.0,0.0009387433099670162,0.0009387433099670162
2018-04-27,234.9513702392578,0,0.537467085849485,1.0,-0.007690527714624751,-0.007690527714624751
2018-04-30,233.14447021484375,1,0.5606208194610477,1.0,0.0017769727991152617,0.0017769727991152617
2018-05-01,233.5587615966797,0,0.5361437540712181,1.0,-0.0067176658920288235,-0.0067176658920288235
2018-05-02,231.9897918701172,0,0.5587007542681208,1.0,-0.002203676569683788,-0.002203676569683788
2018-05-03,231.4785614013672,1,0.5635913543888483,1.0,0.012946650135110538,0.012946650135110538
2018-05-04,234.47543334960938,1,0.544408943491193,1.0,0.003383185668745403,0.003383185668745403
2018-05-07,235.26870727539062,0,0.5380521653833619,1.0,0.0,0.0
2018-05-08,235.26870727539062,1,0.545019959483946,1.0,0.00966561749889916,0.00966561749889916
2018-05-09,237.542724609375,1,0.5399439126898553,1.0,0.009350638505614128,0.009350638505614128
2018-05-10,239.76390075683594,1,0.5297364878184969,1.0,0.003051389958497852,0.003051389958497852
2018-05-11,240.49551391601562,1,0.5402277068008219,1.0,0.000476425714578399,0.000476425714578399
2018-05-14,240.61009216308594,0,0.5405930922242027,1.0,-0.0068870312899230735,-0.0068870312899230735
2018-05-15,238.9530029296875,1,0.5585529917989916,1.0,0.004204846684781494,0.004204846684781494
2018-05-16,239.957763671875,0,0.5524683174196617,1.0,-0.0008445318644333399,-0.0008445318644333399
2018-05-17,239.75511169433594,0,0.5588569264159204,1.0,-0.0025000968968135195,-0.0025000968968135195
2018-05-18,239.15570068359375,1,0.5586751568094105,1.0,0.0075186425226889675,0.0075186425226889675
2018-05-21,240.95382690429688,0,0.5376261533118493,1.0,-0.0027799115327256096,-0.0027799115327256096
2018-05-22,240.28399658203125,1,0.5496592541483483,1.0,0.0027508926636850006,0.0027508926636850006
2018-05-23,240.9449920654297,0,0.5339311858369256,1.0,-0.0020484376404120708,-0.0020484376404120708
2018-05-24,240.45143127441406,0,0.5419117307306637,1.0,-0.0023825018363425876,-0.0023825018363425876
2018-05-25,239.87855529785156,0,0.5513837921291443,1.0,-0.01150121931740744,-0.01150121931740744
2018-05-29,237.11965942382812,1,0.5685686708973383,1.0,0.013344895846645777,0.013344895846645777
2018-05-30,240.28399658203125,0,0.528293579748918,1.0,-0.00612595772265534,-0.00612595772265534
2018-05-31,238.81202697753906,1,0.5533701869089573,1.0,0.009817782302932399,0.009817782302932399
2018-06-01,241.15663146972656,1,0.525429646291072,1.0,0.0047515125653605494,0.0047515125653605494
2018-06-04,242.302490234375,1,0.5255209916104197,1.0,0.0007273512273910931,0.0007273512273910931
2018-06-05,242.47872924804688,1,0.5385998161544605,1.0,0.008360536215083147,0.008360536215083147
2018-06-06,244.5059814453125,0,0.5273287456172064,1.0,-0.00010852509219949624,-0.00010852509219949624
2018-06-07,244.4794464111328,1,0.5358162007181302,1.0,0.002956709142093672,0.002956709142093672
2018-06-08,245.20230102539062,1,0.53798078690536,1.0,0.0013300287039272884,0.0013300287039272884
2018-06-11,245.52842712402344,1,0.5456938488152856,1.0,0.001292216973378446,0.001292216973378446
2018-06-12,245.845703125,0,0.5469620371404447,1.0,-0.0031908401722371416,-0.0031908401722371416
2018-06-13,245.06124877929688,1,0.5541568442191566,1.0,0.0025178803877927702,0.0025178803877927702
2018-06-14,245.67828369140625,0,0.5421659411189801,1.0,-0.001275777335397299,-0.001275777335397299
2018-06-15,245.36485290527344,0,0.5499151582179747,1.0,-0.0020571843775130105,-0.0020571843775130105
2018-06-18,244.86009216308594,0,0.5515541430459956,1.0,-0.003832393675363255,-0.003832393675363255
2018-06-19,243.92169189453125,1,0.5542685077596606,1.0,0.0017059673261998753,0.0017059673261998753
2018-06-20,244.3378143310547,0,0.552869766307863,1.0,-0.006268749309542021,-0.006268749309542021
2018-06-21,242.80612182617188,1,0.5631877222168484,1.0,0.0018231530826438025,0.0018231530826438025
2018-06-22,243.24879455566406,0,0.5556659323104802,1.0,-0.013612977355468403,-0.013612977355468403
2018-06-25,239.9374542236328,1,0.5780277254773812,1.0,0.0022141186823831926,0.0022141186823831926
2018-06-26,240.4687042236328,0,0.5590135356653143,1.0,-0.008284284695117994,-0.008284284695117994
2018-06-27,238.47659301757812,1,0.5678275980351907,1.0,0.005717520767106743,0.005717520767106743
2018-06-28,239.840087890625,1,0.5595795563986342,1.0,0.0014396087073804686,0.0014396087073804686
2018-06-29,240.18536376953125,1,0.5589788866710044,1.0,0.0021378853460194414,0.0021378853460194414
2018-07-02,240.6988525390625,0,0.5637133605105116,1.0,-0.0035310920704633153,-0.0035310920704633153
2018-07-03,239.8489227294922,1,0.5751201751124723,1.0,0.008158160778673151,0.008158160778673151
2018-07-05,241.80564880371094,1,0.5576599499232104,1.0,0.008457828702323367,0.008457828702323367
2018-07-06,243.85079956054688,1,0.5572946236459194,1.0,0.009004689692250878,0.009004689692250878
2018-07-09,246.04660034179688,1,0.5499441518957325,1.0,0.003598407681035143,0.003598407681035143
2018-07-10,246.93197631835938,0,0.5549117106048038,1.0,-0.007314928182985847,-0.007314928182985847
2018-07-11,245.1256866455078,1,0.5713873165012684,1.0,0.009066294202821679,0.009066294202821679
2018-07-12,247.3480682373047,1,0.5493194377121771,1.0,0.0007874053150351834,0.0007874053150351834
2018-07-13,247.54283142089844,0,0.555174316773792,1.0,-0.0008940411454945174,-0.0008940411454945174
2018-07-16,247.32151794433594,1,0.5594296533432018,1.0,0.004045170723467217,0.004045170723467217
2018-07-17,248.3219757080078,1,0.5507871259859561,1.0,0.0021037814299089685,0.0021037814299089685
2018-07-18,248.84439086914062,0,0.5496783891254305,1.0,-0.0037715229810453277,-0.0037715229810453277
2018-07-19,247.90586853027344,0,0.5558114984769784,1.0,-0.0011428740956889172,-0.0011428740956889172
2018-07-20,247.62254333496094,1,0.555145783569523,1.0,0.0018598499364470555,0.0018598499364470555
2018-07-23,248.0830841064453,1,0.5467192046589647,1.0,0.005031622782919243,0.005031622782919243
2018-07-24,249.3313446044922,1,0.5412189655150356,1.0,0.008522366860240549,0.008522366860240549
2018-07-25,251.45623779296875,0,0.5230695463395807,1.0,-0.0023593040441433066,-0.0023593040441433066
2018-07-26,250.86297607421875,0,0.53716149504708,1.0,-0.006775865731061703,-0.006775865731061703
2018-07-27,249.1631622314453,0,0.5407993315875399,1.0,-0.005223845909497982,-0.005223845909497982
2018-07-30,247.861572265625,1,0.5468609335369015,1.0,0.004929494573209681,0.004929494573209681
2018-07-31,249.08340454101562,0,0.5341174675437352,1.0,-0.001670676117822123,-0.001670676117822123
2018-08-01,248.66726684570312,1,0.5436338428249592,1.0,0.005448110894884062,0.005448110894884062
2018-08-02,250.02203369140625,1,0.5300250553564362,1.0,0.004284351403599507,0.004284351403599507
2018-08-03,251.0932159423828,1,0.5339412182559088,1.0,0.0036670698717673478,0.0036670698717673478
2018-08-06,252.0139923095703,1,0.5380462228851728,1.0,0.003302436202881953,0.003302436202881953
2018-08-07,252.84625244140625,0,0.542869868057843,1.0,-0.00042014342086305057,-0.00042014342086305057
2018-08-08,252.74002075195312,0,0.5494030285098119,1.0,-0.0013662513576481183,-0.0013662513576481183
2018-08-09,252.39471435546875,0,0.546853658161421,1.0,-0.0067000424401515435,-0.0067000424401515435
2018-08-10,250.7036590576172,0,0.563368780891209,1.0,-0.0037434308889499057,-0.0037434308889499057
2018-08-13,249.76516723632812,1,0.5634956400200182,1.0,0.006380505125358926,0.006380505125358926
2018-08-14,251.35879516601562,0,0.5480759002915355,1.0,-0.0074672874786393395,-0.0074672874786393395
2018-08-15,249.48182678222656,1,0.5695602015427923,1.0,0.008091417018464941,0.008091417018464941
2018-08-16,251.50048828125,1,0.5493390808510694,1.0,0.003520556794862184,0.003520556794862184
2018-08-17,252.3859100341797,1,0.5487686832906382,1.0,0.0021401585926499322,0.0021401585926499322
2018-08-20,252.92605590820312,1,0.5477713899342591,1.0,0.002344990233329902,0.002344990233329902
2018-08-21,253.5191650390625,0,0.5473381027429024,1.0,-0.0005938139346089999,-0.0005938139346089999
2018-08-22,253.36862182617188,0,0.5541111873436739,1.0,-0.0013275104268256621,-0.0013275104268256621
2018-08-23,253.0322723388672,1,0.5622369529769868,1.0,0.006018251646608297,0.006018251646608297
2018-08-24,254.55508422851562,1,0.5489473550447059,1.0,0.007895209129650693,0.007895209129650693
2018-08-27,256.5648498535156,1,0.5368653216671981,1.0,0.00048304311692115576,0.00048304311692115576
2018-08-28,256.68878173828125,1,0.5407130226136693,1.0,0.005380934751351152,0.005380934751351152
2018-08-29,258.07000732421875,0,0.5353149234728974,1.0,-0.0040485130973584305,-0.0040485130973584305
2018-08-30,257.02520751953125,1,0.546368626272237,1.0,3.443280035320129e-05,3.443280035320129e-05
2018-08-31,257.0340576171875,0,0.5462919957982414,1.0,-0.0017221743873427897,-0.0017221743873427897
2018-09-04,256.5914001464844,0,0.5524627717499103,1.0,-0.0026914884621015434,-0.0026914884621015434
2018-09-05,255.90078735351562,0,0.5578287108034451,1.0,-0.0030098301121824766,-0.0030098301121824766
2018-09-06,255.1305694580078,0,0.5625912033957924,1.0,-0.0019434533134906617,-0.0019434533134906617
2018-09-07,254.63473510742188,1,0.5624416615598279,1.0,0.0017386414531097572,0.0017386414531097572
2018-09-10,255.07745361328125,1,0.5566029055915036,1.0,0.0032971708147202516,0.0032971708147202516
2018-09-11,255.91848754882812,1,0.5484132806520378,1.0,0.00024213155906127604,0.00024213155906127604
2018-09-12,255.98045349121094,1,0.5488186235103205,1.0,0.0059147224878970395,0.0059147224878970395
2018-09-13,257.4945068359375,1,0.5432913425839053,1.0,0.00017185022245724824,0.00017185022245724824
2018-09-14,257.53875732421875,0,0.5443482979192626,1.0,-0.005293973359497439,-0.005293973359497439
2018-09-17,256.17535400390625,1,0.5593297638277764,1.0,0.005425908890666298,0.005425908890666298
2018-09-18,257.5653381347656,1,0.5470995898336861,1.0,0.0010656523103766968,0.0010656523103766968
2018-09-19,257.8398132324219,1,0.5522310845073967,1.0,0.00810378161877967,0.00810378161877967
2018-09-20,259.9292907714844,0,0.5407141061722336,1.0,-0.0009134282523828308,-0.0009134282523828308
2018-09-21,259.6918640136719,0,0.5500280219709617,1.0,-0.0033222544512463426,-0.0033222544512463426
2018-09-24,258.8291015625,0,0.5536279216446801,1.0,-0.0009274508472274512,-0.0009274508472274512
2018-09-25,258.58905029296875,0,0.5563569810515655,1.0,-0.0029924071033201605,-0.0029924071033201605
2018-09-26,257.81524658203125,1,0.5663165130848605,1.0,0.002794122695189083,0.002794122695189083
2018-09-27,258.5356140136719,1,0.5590419688206045,1.0,0.00010352119617151878,0.00010352119617151878
2018-09-28,258.5623779296875,1,0.5655456882699322,1.0,0.0034739155949339295,0.0034739155949339295
2018-10-01,259.4606018066406,0,0.5569920547402383,1.0,-0.0005831565613052536,-0.0005831565613052536
2018-10-02,259.3092956542969,1,0.5614498953033235,1.0,0.0005491319513708515,0.0005491319513708515
2018-10-03,259.4516906738281,0,0.5587200763139686,1.0,-0.007815719020390355,-0.007815719020390355
2018-10-04,257.42388916015625,0,0.5701995219557777,1.0,-0.0055968003854294235,-0.0055968003854294235
2018-10-05,255.98313903808594,0,0.5696081433495724,1.0,0.0,0.0
2018-10-08,255.98313903808594,0,0.5628144932174948,1.0,-0.0014595754641824055,-0.0014595754641824055
2018-10-09,255.60951232910156,0,0.566441407368373,1.0,-0.03166313715833535,-0.03166313715833535
2018-10-10,247.51611328125,0,0.614256014147996,1.0,-0.0220265237821875,-0.0220265237821875
2018-10-11,242.06419372558594,1,0.6175352357507327,1.0,0.013888434503479319,0.013888434503479319
2018-10-12,245.42608642578125,0,0.5764221623583764,1.0,-0.005617112001036539,-0.005617112001036539
2018-10-15,244.04750061035156,1,0.5993831073483876,1.0,0.021866153070762007,0.021866153070762007
2018-10-16,249.38388061523438,1,0.552532907050679,1.0,0.00017829585143358528,0.00017829585143358528
2018-10-17,249.4283447265625,0,0.5770176866632483,1.0,-0.014441102384015747,-0.014441102384015747
2018-10-18,245.82632446289062,0,0.600602212485852,1.0,-0.0005425042118561985,-0.0005425042118561985
2018-10-19,245.69296264648438,0,0.593087281905515,1.0,-0.004488771209361642,-0.004488771209361642
2018-10-22,244.59010314941406,0,0.5991262803666146,1.0,-0.0050911269171500795,-0.0050911269171500795
2018-10-23,243.34486389160156,0,0.6013835131819624,1.0,-0.03029844338255272,-0.03029844338255272
2018-10-24,235.97189331054688,1,0.6417352409440342,1.0,0.017940394916045266,0.017940394916045266
2018-10-25,240.205322265625,0,0.5808823994390351,1.0,-0.017587175176672742,-0.017587175176672742
2018-10-26,235.9807891845703,0,0.6277169464745602,1.0,-0.005540361263134841,-0.005540361263134841
2018-10-29,234.67337036132812,1,0.6195714390510437,1.0,0.014818310075831898,0.014818310075831898
2018-10-30,238.1508331298828,1,0.5920097890424291,1.0,0.01068111497756874,0.01068111497756874
2018-10-31,240.69454956054688,1,0.5878454485213771,1.0,0.010641772448329645,0.010641772448329645
2018-11-01,243.25596618652344,0,0.5814962395590916,1.0,-0.005922836769210571,-0.005922836769210571
2018-11-02,241.81520080566406,1,0.5963157458870899,1.0,0.005516860249068722,0.005516860249068722
2018-11-05,243.14926147460938,1,0.577691591741239,1.0,0.0063276943940488994,0.0063276943940488994
2018-11-06,244.68783569335938,1,0.5729691703146401,1.0,0.021409263811324797,0.021409263811324797
2018-11-07,249.92642211914062,0,0.5417408511406654,1.0,-0.0018151094029260628,-0.0018151094029260628
2018-11-08,249.4727783203125,0,0.5472433206249563,1.0,-0.009768158533548066,-0.009768158533548066
2018-11-09,247.035888671875,0,0.5477004851097143,1.0,-0.018685100888562567,-0.018685100888562567
2018-11-12,242.4199981689453,0,0.578766647173265,1.0,-0.0018711875450715398,-0.0018711875450715398
2018-11-13,241.9663848876953,0,0.5597401311922048,1.0,-0.006836508811062347,-0.006836508811062347
2018-11-14,240.3121795654297,1,0.5853233186971482,1.0,0.010436470048223123,0.010436470048223123
2018-11-15,242.8201904296875,1,0.560939907088577,1.0,0.0026005023167803287,0.0026005023167803287
2018-11-16,243.45164489746094,0,0.5576015462118314,1.0,-0.016914358376485805,-0.016914358376485805
2018-11-19,239.3338165283203,0,0.5870424465200134,1.0,-0.018506174792306096,-0.018506174792306096
2018-11-20,234.9046630859375,1,0.5972262903706682,1.0,0.0034072738743018416,0.0034072738743018416
2018-11-21,235.70504760742188,0,0.5698601269864497,1.0,-0.006678636068260024,-0.006678636068260024
2018-11-23,234.130859375,1,0.5666122749830396,1.0,0.01614435610010423,0.01614435610010423
2018-11-26,237.91075134277344,1,0.5449226082941618,1.0,0.003364478284915151,0.003364478284915151
2018-11-27,238.71119689941406,1,0.5438771494232555,1.0,0.02302524447275167,0.02302524447275167
2018-11-28,244.20758056640625,0,0.5019308435820445,1.0,-0.002184900790958122,-0.002184900790958122
2018-11-29,243.67401123046875,1,0.5400844617877012,1.0,0.006095399832930726,0.006095399832930726
2018-11-30,245.1593017578125,1,0.5348366433422236,1.0,0.013241064159793314,0.013241064159793314
2018-12-03,248.4054718017578,0,0.525853531791805,1.0,-0.03240234451903656,-0.03240234451903656
2018-12-04,240.35655212402344,0,0.587801621968461,1.0,-0.0015172669742973266,-0.0015172669742973266
2018-12-06,239.9918670654297,0,0.5624455254161426,1.0,-0.02323566338911609,-0.02323566338911609
2018-12-07,234.41549682617188,1,0.6025458417538964,1.0,0.001896937859825476,0.001896937859825476
2018-12-10,234.86016845703125,1,0.5915290250591495,1.0,0.00022726392683480867,0.00022726392683480867
2018-12-11,234.91354370117188,1,0.5921859783958183,1.0,0.005034980169914327,0.005034980169914327
2018-12-12,236.09632873535156,0,0.5772231258217746,1.0,-0.0003386586107280154,-0.0003386586107280154
2018-12-13,236.01637268066406,0,0.5712934900860618,1.0,-0.018464633970600053,-0.018464633970600053
2018-12-14,231.65841674804688,0,0.5989783949533412,1.0,-0.019618605390105626,-0.019618605390105626
2018-12-17,227.1136016845703,0,0.6078592130396973,1.0,-0.0010964036361713614,-0.0010964036361713614
2018-12-18,226.86459350585938,0,0.5973891899667727,1.0,-0.014975923132665603,-0.014975923132665603
2018-12-19,223.4670867919922,0,0.6216545053287481,1.0,-0.01627775605270798,-0.01627775605270798
2018-12-20,219.8295440673828,0,0.6227799372527482,1.0,-0.02048956360661247,-0.02048956360661247
2018-12-21,215.32533264160156,0,0.6277256745114581,1.0,-0.026422732396508053,-0.026422732396508053
2018-12-24,209.63584899902344,1,0.6496063903660277,1.0,0.05052466773590947,0.05052466773590947
2018-12-26,220.22763061523438,1,0.5338361635376635,1.0,0.007677353546128529,0.007677353546128529
2018-12-27,221.91839599609375,0,0.5821216889772544,1.0,-0.0012899105616172024,-0.0012899105616172024
2018-12-28,221.63214111328125,1,0.5935654747399003,1.0,0.008758899554722754,0.008758899554722754
2018-12-31,223.57339477539062,1,0.5927324281193135,1.0,0.001040328264073409,0.001040328264073409
2019-01-02,223.8059844970703,0,0.5976264294444454,1.0,-0.023863003464361543,-0.023863003464361543
2019-01-03,218.46530151367188,1,0.6403097484988421,1.0,0.033495812281357784,0.033495812281357784
2019-01-04,225.78297424316406,1,0.570698306100767,1.0,0.007884887881681735,0.007884887881681735
2019-01-07,227.56324768066406,1,0.5718731898164752,1.0,0.009395192369909822,0.009395192369909822
2019-01-08,229.7012481689453,1,0.5632181655486024,1.0,0.00467326938405388,0.00467326938405388
2019-01-09,230.7747039794922,1,0.5501988298465422,1.0,0.003527692415213446,0.003527692415213446
2019-01-10,231.58880615234375,1,0.5495745534616302,1.0,0.00038636383402579355,0.00038636383402579355
2019-01-11,231.67828369140625,0,0.5534640954821775,1.0,-0.006100926361834569,-0.006100926361834569
2019-01-14,230.26483154296875,1,0.5676687729314591,1.0,0.01146074956681753,0.01146074956681753
2019-01-15,232.90383911132812,1,0.5419996170814821,1.0,0.0024197459234023277,0.0024197459234023277
2019-01-16,233.4674072265625,1,0.537522767139588,1.0,0.007586800971470353,0.007586800971470353
2019-01-17,235.23867797851562,1,0.5138625945541528,1.0,0.013310066641144314,0.013310066641144314
2019-01-18,238.36972045898438,0,0.49736734264826077,0.0,-0.013510480675783976,-0.0005
2019-01-22,235.14923095703125,1,0.5237020524442871,1.0,0.0020924368330139664,0.0015924368330139664
2019-01-23,235.64126586914062,1,0.4953607281043134,0.0,0.000531373919525624,-0.0005
2019-01-24,235.7664794921875,1,0.48243964699712066,0.0,0.008461353661257887,0.0
2019-01-25,237.76138305664062,0,0.4499030041467047,0.0,-0.007600085483633889,0.0
2019-01-28,235.95437622070312,0,0.5149982960704405,1.0,-0.0013269953139992685,-0.0018269953139992685
2019-01-29,235.64126586914062,1,0.5148948445046022,1.0,0.01583081147648513,0.01583081147648513
2019-01-30,239.3716583251953,1,0.4843411923991972,0.0,0.008782300717751657,-0.0005
2019-01-31,241.47389221191406,1,0.49137831098413287,0.0,0.0004815726883768967,0.0
2019-02-01,241.59017944335938,1,0.5004310426040431,1.0,0.007035434041140043,0.0065354340411400424
2019-02-04,243.2898712158203,1,0.4726955112561295,0.0,0.004191920031334284,-0.0005
2019-02-05,244.30972290039062,0,0.500783343306839,1.0,-0.0013183368869137402,-0.0018183368869137402
2019-02-06,243.98764038085938,0,0.5135622878492431,1.0,-0.009532723442827407,-0.009532723442827407
2019-02-07,241.66177368164062,1,0.5354798469431925,1.0,0.0012214644869854574,0.0012214644869854574
2019-02-08,241.9569549560547,1,0.527072126903478,1.0,0.0005547115131208091,0.0005547115131208091
2019-02-11,242.09117126464844,1,0.5300338319755467,1.0,0.012859071277531164,0.012859071277531164
2019-02-12,245.20423889160156,1,0.5080323144550931,1.0,0.003247290476085185,0.003247290476085185
2019-02-13,246.00048828125,0,0.5112630528886152,1.0,-0.00221841263256517,-0.00221841263256517
2019-02-14,245.4547576904297,1,0.5267575722936599,1.0,0.010897405173390773,0.010897405173390773
2019-02-15,248.12957763671875,1,0.5068758019093748,1.0,0.0017307836584996572,0.0017307836584996572
2019-02-19,248.5590362548828,1,0.520520778916883,1.0,0.0020151551008267266,0.0020151551008267266
2019-02-20,249.05992126464844,0,0.5291767115064564,1.0,-0.0035553002008100743,-0.0035553002008100743
2019-02-21,248.1744384765625,1,0.5288599489633825,1.0,0.006199567643608406,0.006199567643608406
2019-02-22,249.7130126953125,1,0.5157688844755538,1.0,0.0013611206028014688,0.0013611206028014688
2019-02-25,250.0529022216797,0,0.5203343393092004,1.0,-0.0007154858038768142,-0.0007154858038768142
2019-02-26,249.87399291992188,0,0.5292326657522931,1.0,-0.00042972098607807485,-0.00042972098607807485
2019-02-27,249.76661682128906,0,0.5243310815476174,1.0,-0.0018623342530762477,-0.0018623342530762477
2019-02-28,249.3014678955078,1,0.5260659371565405,1.0,0.006243458207598085,0.006243458207598085
2019-03-01,250.85797119140625,0,0.5257970868234639,1.0,-0.003637115008380709,-0.003637115008380709
2019-03-04,249.94557189941406,0,0.544790053779339,1.0,-0.0013600373079271089,-0.0013600373079271089
2019-03-05,249.6056365966797,0,0.5437159338139065,1.0,-0.006057223446042648,-0.006057223446042648
2019-03-06,248.09371948242188,0,0.5574932884621819,1.0,-0.008365054089809587,-0.008365054089809587
2019-03-07,246.01840209960938,0,0.5680235341710455,1.0,-0.001999806240278623,-0.001999806240278623
2019-03-08,245.5264129638672,1,0.5622491855878913,1.0,0.014501064240421746,0.014501064240421746
2019-03-11,249.08680725097656,1,0.528180551825048,1.0,0.003770792885854579,0.003770792885854579
2019-03-12,250.02606201171875,1,0.5371094864054058,1.0,0.006619183009974217,0.006619183009974217
2019-03-13,251.6810302734375,0,0.5295336197575371,1.0,-0.0006397412709753247,-0.0006397412709753247
2019-03-14,251.52001953125,1,0.5468814893174373,1.0,0.004940542172300111,0.004940542172300111
2019-03-15,252.76266479492188,1,0.5398590837060737,1.0,0.003626127629888787,0.003626127629888787
2019-03-18,253.67921447753906,1,0.5377858693822011,1.0,0.00024781774520610256,0.00024781774520610256
2019-03-19,253.74208068847656,0,0.5460691408636011,1.0,-0.0030096382631052965,-0.0030096382631052965
2019-03-20,252.97840881347656,1,0.5506563716675684,1.0,0.011294337426435597,0.011294337426435597
2019-03-21,255.83563232421875,0,0.5380634177941445,1.0,-0.019246299334551797,-0.019246299334551797
2019-03-22,250.9117431640625,0,0.5612195277791804,1.0,-0.0007518965258050958,-0.0007518965258050958
2019-03-25,250.72308349609375,1,0.5569831871906428,1.0,0.007453782967087097,0.007453782967087097
2019-03-26,252.5919189453125,0,0.5494287120675272,1.0,-0.005228930236469309,-0.005228930236469309
2019-03-27,251.27113342285156,1,0.5576756591346179,1.0,0.003790298412521098,0.003790298412521098
2019-03-28,252.22352600097656,1,0.5515222053906697,1.0,0.006305430079551755,0.006305430079551755
2019-03-29,253.81390380859375,1,0.5442845951986507,1.0,0.011859241113414631,0.011859241113414631
2019-04-01,256.8239440917969,1,0.5380298238955117,1.0,0.0004901607216212245,0.0004901607216212245
2019-04-02,256.9498291015625,1,0.541165159853896,1.0,0.001573327987161477,0.001573327987161477
2019-04-03,257.3540954589844,1,0.5384993911449022,1.0,0.0026533921168307995,0.0026533921168307995
2019-04-04,258.0369567871094,1,0.532856091412058,1.0,0.004840246210833232,0.004840246210833232
2019-04-05,259.2859191894531,1,0.5240411222263488,1.0,0.0007623335433468714,0.0007623335433468714
2019-04-08,259.48358154296875,0,0.5248042182176281,1.0,-0.005124690129955534,-0.005124690129955534
2019-04-09,258.15380859375,1,0.5397650439260107,1.0,0.0034108490842614803,0.0034108490842614803
2019-04-10,259.0343322753906,0,0.5360071695226252,1.0,-0.0002774493089509056,-0.0002774493089509056
2019-04-11,258.96246337890625,1,0.5420171142602447,1.0,0.006765867493031097,0.006765867493031097
2019-04-12,260.7145690917969,0,0.5343677364871687,1.0,-0.0006544466613095379,-0.0006544466613095379
2019-04-15,260.5439453125,1,0.5411962231335004,1.0,0.0006548752422252946,0.0006548752422252946
2019-04-16,260.7145690917969,0,0.5420422189363265,1.0,-0.0024468883934920527,-0.0024468883934920527
2019-04-17,260.0766296386719,1,0.5452214293717763,1.0,0.001969563930214635,0.001969563930214635
2019-04-18,260.5888671875,1,0.5400993519590168,1.0,0.0008615787185723978,0.0008615787185723978
2019-04-22,260.8133850097656,1,0.5473597096687717,1.0,0.008991926712895504,0.008991926712895504
2019-04-23,263.1585998535156,0,0.5269481513168127,1.0,-0.002219482578412757,-0.002219482578412757
2019-04-24,262.57452392578125,0,0.5330014878167176,1.0,-0.0006161057791209679,-0.0006161057791209679
2019-04-25,262.4127502441406,1,0.5370783390615156,1.0,0.004656844531077287,0.004656844531077287
2019-04-26,263.634765625,1,0.5286727571028835,1.0,0.0015680447618553472,0.0015680447618553472
2019-04-29,264.04815673828125,1,0.5314552431536418,1.0,0.0005103827523915694,0.0005103827523915694
2019-04-30,264.18292236328125,0,0.5359890595663195,1.0,-0.00751668121023763,-0.00751668121023763
2019-05-01,262.1971435546875,0,0.5513976434890887,1.0,-0.0021588337362814514,-0.0021588337362814514
2019-05-02,261.631103515625,1,0.5504108439571408,1.0,0.009787676096752573,0.009787676096752573
2019-05-03,264.1918640136719,0,0.5398903326576804,1.0,-0.004115148378100231,-0.004115148378100231
2019-05-06,263.10467529296875,0,0.5503853385721896,1.0,-0.016699580834419914,-0.016699580834419914
2019-05-07,258.7109375,0,0.5683950077709761,1.0,-0.001389452476219244,-0.001389452476219244
2019-05-08,258.3514709472656,0,0.5622008494206293,1.0,-0.003025634974043956,-0.003025634974043956
2019-05-09,257.5697937011719,1,0.5616241216920671,1.0,0.005023313258800677,0.005023313258800677
2019-05-10,258.8636474609375,0,0.5574190084550068,1.0,-0.025130139379641037,-0.025130139379641037
2019-05-13,252.35836791992188,1,0.5845011795468528,1.0,0.009043835623395946,0.009043835623395946
2019-05-14,254.64065551757812,1,0.5666525461014176,1.0,0.005857336921512468,0.005857336921512468
2019-05-15,256.1321716308594,1,0.56420028836095,1.0,0.009261237332953254,0.009261237332953254
2019-05-16,258.5042724609375,0,0.5572992274735818,1.0,-0.006465251618880563,-0.006465251618880563
2019-05-17,256.8329772949219,0,0.567075105172757,1.0,-0.006611946454230799,-0.006611946454230799
2019-05-20,255.1348114013672,1,0.5706599994692302,1.0,0.009015332362669382,0.009015332362669382
2019-05-21,257.4349365234375,0,0.559117055519346,1.0,-0.003071140642996628,-0.003071140642996628
2019-05-22,256.6443176269531,0,0.5719836033107359,1.0,-0.012218479067260368,-0.012218479067260368
2019-05-23,253.50851440429688,1,0.5822144591593988,1.0,0.0022682165464242843,0.0022682165464242843
2019-05-24,254.08352661132812,0,0.5736247713244531,1.0,-0.009300717804119674,-0.009300717804119674
2019-05-28,251.72036743164062,0,0.5863570918283275,1.0,-0.006710414284126109,-0.006710414284126109
2019-05-29,250.03121948242188,1,0.5902459599242641,1.0,0.0027309822027838937,0.0027309822027838937
2019-05-30,250.71405029296875,0,0.5845803069512826,1.0,-0.013475001454585689,-0.013475001454585689
2019-05-31,247.33567810058594,0,0.5945099431449696,1.0,-0.0025431553844311727,-0.0025431553844311727
2019-06-03,246.7066650390625,1,0.5899598689423307,1.0,0.021706355352071993,0.021706355352071993
2019-06-04,252.061767578125,1,0.5713666339984502,1.0,0.008662083694531031,0.008662083694531031
2019-06-05,254.24514770507812,1,0.5696421907817653,1.0,0.006502918880508579,0.006502918880508579
2019-06-06,255.8984832763672,1,0.5576066259980302,1.0,0.010007356342181195,0.010007356342181195
2019-06-07,258.4593505859375,1,0.5483764684904745,1.0,0.004588393042267436,0.004588393042267436
2019-06-10,259.645263671875,0,0.5461609644138201,1.0,-0.0002418883937764793,-0.0002418883937764793
2019-06-11,259.58245849609375,0,0.5527243293720194,1.0,-0.001765460090632498,-0.001765460090632498
2019-06-12,259.1241760253906,1,0.5405726414243472,1.0,0.004126496102158317,0.004126496102158317
2019-06-13,260.1934509277344,0,0.5411944204497716,1.0,-0.0011048532732568228,-0.0011048532732568228
2019-06-14,259.9059753417969,1,0.5483596157403483,1.0,0.00037972904442251654,0.00037972904442251654
2019-06-17,260.0046691894531,1,0.5532754114008444,1.0,0.01047156675488825,0.01047156675488825
2019-06-18,262.7273254394531,1,0.5383628185269168,1.0,0.0022569275654023002,0.0022569275654023002
2019-06-19,263.3202819824219,1,0.5367375374034462,1.0,0.009554406981809871,0.009554406981809871
2019-06-20,265.8361511230469,0,0.5331631738533427,1.0,-0.0014535779749530464,-0.0014535779749530464
2019-06-21,265.4497375488281,0,0.5372182131139144,1.0,-0.0012247281265660437,-0.0012247281265660437
2019-06-24,265.1246337890625,0,0.5305891837479454,1.0,-0.009807537268043065,-0.009807537268043065
2019-06-25,262.5244140625,0,0.5424310588217985,1.0,-0.0009978610620291484,-0.0009978610620291484
2019-06-26,262.262451171875,1,0.5335247646716587,1.0,0.003546503671942647,0.003546503671942647
2019-06-27,263.19256591796875,1,0.5256580371323618,1.0,0.0051452327576031465,0.0051452327576031465
2019-06-28,264.5467529296875,1,0.5232826963647098,1.0,0.009078788113698666,0.009078788113698666
2019-07-01,266.9485168457031,1,0.5074025495835988,1.0,0.0026039829804824777,0.0026039829804824777
2019-07-02,267.6436462402344,1,0.5065923700995331,1.0,0.007995647051298072,0.007995647051298072
2019-07-03,269.78363037109375,0,0.5132396085617106,1.0,-0.001137861173923449,-0.001137861173923449
2019-07-05,269.4766540527344,0,0.5238762772832795,1.0,-0.005494998930376638,-0.005494998930376638
2019-07-08,267.9958801269531,1,0.5335670224486377,1.0,0.0012464572589623302,0.0012464572589623302
2019-07-09,268.3299255371094,1,0.5364339786260794,1.0,0.004778089844512001,0.004778089844512001
2019-07-10,269.6120300292969,1,0.5347795468242192,1.0,0.002344179682561176,0.002344179682561176
2019-07-11,270.2440490722656,1,0.5347365281713862,1.0,0.004476951070408575,0.004476951070408575
2019-07-12,271.45391845703125,1,0.5297988543778114,1.0,0.0003326587222802768,0.0003326587222802768
2019-07-15,271.5442199707031,0,0.533721743220753,1.0,-0.0032252332865922995,-0.0032252332865922995
2019-07-16,270.6684265136719,0,0.5366970728580955,1.0,-0.006804962261238612,-0.006804962261238612
2019-07-17,268.8265380859375,1,0.5428752314189711,1.0,0.003660839686371986,0.003660839686371986
2019-07-18,269.8106689453125,0,0.5423881455450723,1.0,-0.005554929694714161,-0.005554929694714161
2019-07-19,268.3118896484375,1,0.5514868963057483,1.0,0.0024564253773069478,0.0024564253773069478
2019-07-22,268.9709777832031,1,0.5521442413353738,1.0,0.007150279890002276,0.007150279890002276
2019-07-23,270.8941955566406,1,0.5445099061525152,1.0,0.004699289518885541,0.004699289518885541
2019-07-24,272.1672058105469,0,0.5415842303394721,1.0,-0.004776654939941394,-0.004776654939941394
2019-07-25,270.8671569824219,1,0.5432645676388962,1.0,0.006699921978644108,0.006699921978644108
2019-07-26,272.68194580078125,0,0.5327998497282898,1.0,-0.001821774944651744,-0.001821774944651744
2019-07-29,272.1851806640625,0,0.5401076553576188,1.0,-0.00245432092785669,-0.00245432092785669
2019-07-30,271.51715087890625,0,0.545356336665845,1.0,-0.010940563155931948,-0.010940563155931948
2019-07-31,268.5466003417969,0,0.5613132254231584,1.0,-0.00870787586217081,-0.00870787586217081
2019-08-01,266.2081298828125,0,0.5665142684500666,1.0,-0.007529426438374953,-0.007529426438374953
2019-08-02,264.2037353515625,0,0.5753066225202212,1.0,-0.030073250392610884,-0.030073250392610884
2019-08-05,256.2582702636719,1,0.6004598580237483,1.0,0.014023104008528797,0.014023104008528797
2019-08-06,259.851806640625,1,0.5692091396766641,1.0,0.0005907344649753732,0.0005907344649753732
2019-08-07,260.00531005859375,1,0.575111346879662,1.0,0.01962028926786763,0.01962028926786763
2019-08-08,265.106689453125,0,0.5569354671464123,1.0,-0.006811775182640423,-0.006811775182640423
2019-08-09,263.30084228515625,0,0.5738488792795625,1.0,-0.012173264183558352,-0.012173264183558352
2019-08-12,260.0956115722656,1,0.5839377249891515,1.0,0.015552142232851951,0.015552142232851951
2019-08-13,264.1406555175781,0,0.5630901853842587,1.0,-0.02956791750222776,-0.02956791750222776
2019-08-14,256.33056640625,1,0.5978978178961142,1.0,0.0026414856228509365,0.0026414856228509365
2019-08-15,257.0076599121094,1,0.5791529784371431,1.0,0.01475522485144487,0.01475522485144487
2019-08-16,260.79986572265625,1,0.5667963564392061,1.0,0.012047545662300818,0.012047545662300818
2019-08-19,263.9418640136719,0,0.5571303437131496,1.0,-0.00766263988714333,-0.00766263988714333
2019-08-20,261.91937255859375,1,0.5728140589355473,1.0,0.008135787701917918,0.008135787701917918
2019-08-21,264.05029296875,0,0.5633032011870684,1.0,-0.00030800702695210624,-0.00030800702695210624
2019-08-22,263.9689636230469,0,0.5701678398837607,1.0,-0.025687492160164416,-0.025687492160164416
2019-08-23,257.1882629394531,1,0.5939676372196306,1.0,0.01105838058414399,0.01105838058414399
2019-08-26,260.0323486328125,0,0.5754442070519064,1.0,-0.00392360287956206,-0.00392360287956206
2019-08-27,259.0120849609375,1,0.5830337312249626,1.0,0.007041455311860956,0.007041455311860956
2019-08-28,260.8359069824219,1,0.5731250400977561,1.0,0.012773264665755013,0.012773264665755013
2019-08-29,264.1676330566406,0,0.5568682817171234,1.0,-0.0004441879822024708,-0.0004441879822024708
2019-08-30,264.05029296875,0,0.5567686115666644,1.0,-0.005847394942443684,-0.005847394942443684
2019-09-03,262.50628662109375,1,0.5589456676804704,1.0,0.011350407112180827,0.011350407112180827
2019-09-04,265.48583984375,1,0.5263801991221623,1.0,0.012855540126720744,0.012855540126720744
2019-09-05,268.8988037109375,1,0.526699412447524,1.0,0.0007719653770918988,0.0007719653770918988
2019-09-06,269.10638427734375,1,0.5328872078926443,1.0,0.000503624485970855,0.000503624485970855
2019-09-09,269.2419128417969,0,0.5447361119050061,1.0,-0.0002347402142177657,-0.0002347402142177657
2019-09-10,269.1787109375,1,0.5408221187839788,1.0,0.007110749930162363,0.007110749930162363
2019-09-11,271.0927734375,1,0.5263362277324503,1.0,0.0034638543366509733,0.0034638543366509733
2019-09-12,272.03179931640625,0,0.5362409767214366,1.0,-0.000663791917780876,-0.000663791917780876
2019-09-13,271.8512268066406,0,0.5211644841149824,1.0,-0.003089013822486497,-0.003089013822486497
2019-09-16,271.011474609375,1,0.5258818213664541,1.0,0.0025321761017167432,0.0025321761017167432
2019-09-17,271.6977233886719,1,0.5309568895098369,1.0,0.0005980012784467803,0.0005980012784467803
2019-09-18,271.8601989746094,0,0.5393420693690819,1.0,-6.600574856185926e-05,-6.600574856185926e-05
2019-09-19,271.8422546386719,0,0.5352877075320777,1.0,-0.004724998868959496,-0.004724998868959496
2019-09-20,270.55780029296875,0,0.5452548074411742,1.0,-0.0002347264799217319,-0.0002347264799217319
2019-09-23,270.4942932128906,0,0.5429692975122615,1.0,-0.00784639846057289,-0.00784639846057289
2019-09-24,268.37188720703125,1,0.5366730570421788,1.0,0.00591448042474374,0.00591448042474374
2019-09-25,269.95916748046875,0,0.5335712333087417,1.0,-0.002083535401562475,-0.002083535401562475
2019-09-26,269.3966979980469,0,0.5361880724334227,1.0,-0.005387086918730133,-0.005387086918730133
2019-09-27,267.9454345703125,1,0.5450323090498537,1.0,0.004637908090581844,0.004637908090581844
2019-09-30,269.1881408691406,0,0.5454856791822533,1.0,-0.011895010825034635,-0.011895010825034635
2019-10-01,265.98614501953125,0,0.5592866971570489,1.0,-0.017664631978993595,-0.017664631978993595
2019-10-02,261.28759765625,1,0.5688604853110043,1.0,0.008192951261126069,0.008192951261126069
2019-10-03,263.4283142089844,1,0.5588088236858335,1.0,0.013532175960224269,0.013532175960224269
2019-10-04,266.9930725097656,0,0.5555909955129613,1.0,-0.004314863166259175,-0.004314863166259175
2019-10-07,265.8410339355469,0,0.5670141099053428,1.0,-0.015524253654455422,-0.015524253654455422
2019-10-08,261.71405029296875,1,0.5804689347804258,1.0,0.009495972758839288,0.009495972758839288
2019-10-09,264.19927978515625,1,0.5623807813646609,1.0,0.006763323638989682,0.006763323638989682
2019-10-10,265.98614501953125,1,0.5642570133995388,1.0,0.010367223607058218,0.010367223607058218
2019-10-11,268.7436828613281,0,0.5591699809555787,1.0,-0.0011138752012361808,-0.0011138752012361808
2019-10-14,268.4443359375,1,0.5644549008451913,1.0,0.009900318130722896,0.009900318130722896
2019-10-15,271.1020202636719,0,0.550725916489001,1.0,-0.0016057912498391724,-0.0016057912498391724
2019-10-16,270.66668701171875,1,0.558956150302632,1.0,0.002948967472398367,0.002948967472398367
2019-10-17,271.4648742675781,0,0.5557906953675356,1.0,-0.004377337805626991,-0.004377337805626991
2019-10-18,270.2765808105469,1,0.5622296906248759,1.0,0.0067791477439593795,0.0067791477439593795
2019-10-21,272.10882568359375,0,0.5501906455452967,1.0,-0.0032666544196565672,-0.0032666544196565672
2019-10-22,271.2199401855469,1,0.557111277407348,1.0,0.002909758662186235,0.002909758662186235
2019-10-23,272.0091247558594,1,0.5478274237912301,1.0,0.0016336453987599864,0.0016336453987599864
2019-10-24,272.4534912109375,1,0.5510863288270546,1.0,0.004095318017203864,0.004095318017203864
2019-10-25,273.56927490234375,1,0.5459402101490268,1.0,0.005636234680652885,0.005636234680652885
2019-10-28,275.1111755371094,0,0.5389068267134505,1.0,-0.0002965109874902838,-0.0002965109874902838
2019-10-29,275.02960205078125,1,0.5444222748155464,1.0,0.003067185816512552,0.003067185816512552
2019-10-30,275.8731689453125,0,0.5340727609167363,1.0,-0.0026632191023441276,-0.0026632191023441276
2019-10-31,275.1384582519531,1,0.5280222238049147,1.0,0.00926369081085654,0.00926369081085654
2019-11-01,277.687255859375,1,0.5219201528148201,1.0,0.004017801015819389,0.004017801015819389
2019-11-04,278.8029479980469,0,0.5306645136720555,1.0,-0.0011063052393245343,-0.0011063052393245343
2019-11-05,278.4945068359375,1,0.5310310395177222,1.0,0.00022836584295715667,0.00022836584295715667
2019-11-06,278.55810546875,1,0.5212919083307301,1.0,0.003516403528914802,0.003516403528914802
2019-11-07,279.5376281738281,1,0.5233830784723884,1.0,0.002466187090258476,0.002466187090258476
2019-11-08,280.2270202636719,0,0.527038751268596,1.0,-0.001909288330525949,-0.001909288330525949
2019-11-11,279.6919860839844,1,0.5369625550136508,1.0,0.002107704496272511,0.002107704496272511
2019-11-12,280.281494140625,1,0.5330061207115853,1.0,0.0003234880878859592,0.0003234880878859592
2019-11-13,280.3721618652344,1,0.5398459869642599,1.0,0.0014557154573711095,0.0014557154573711095
2019-11-14,280.7803039550781,1,0.537628001048444,1.0,0.007236368809934168,0.007236368809934168
2019-11-15,282.8121337890625,1,0.5322832879809969,1.0,0.0007377642495220993,0.0007377642495220993
2019-11-18,283.0207824707031,0,0.5321105550437488,1.0,-0.00028833219664603504,-0.00028833219664603504
2019-11-19,282.9391784667969,0,0.5370642981043602,1.0,-0.0037189833498915137,-0.0037189833498915137
2019-11-20,281.8869323730469,0,0.5389080416523246,1.0,-0.0016086616344430649,-0.0016086616344430649
2019-11-21,281.4334716796875,1,0.5407109539849115,1.0,0.0022237012920824917,0.0022237012920824917
2019-11-22,282.0592956542969,1,0.5389224484145648,1.0,0.007750268081677669,0.007750268081677669
2019-11-25,284.2453308105469,1,0.5339860273587735,1.0,0.002265692278340836,0.002265692278340836
2019-11-26,284.88934326171875,1,0.5385661914038419,1.0,0.0044576184000992836,0.0044576184000992836
2019-11-27,286.1592712402344,0,0.5343503748882754,1.0,-0.0037088080699022585,-0.0037088080699022585
2019-11-29,285.09796142578125,0,0.5420705415333058,1.0,-0.008494994160835545,-0.008494994160835545
2019-12-02,282.6760559082031,0,0.5477085216919758,1.0,-0.006706446879747863,-0.006706446879747863
2019-12-03,280.7803039550781,1,0.556880735047352,1.0,0.006170461107520175,0.006170461107520175
2019-12-04,282.5128479003906,1,0.5496629800045888,1.0,0.0017979167110007133,0.0017979167110007133
2019-12-05,283.0207824707031,1,0.5501400749394074,1.0,0.009133898172584143,0.009133898172584143
2019-12-06,285.6058654785156,0,0.5409408857156938,1.0,-0.003144015327715799,-0.003144015327715799
2019-12-09,284.7079162597656,0,0.5500817561621477,1.0,-0.001115087944884241,-0.001115087944884241
2019-12-10,284.39044189453125,1,0.5508618106116422,1.0,0.002838745234687412,0.002838745234687412
2019-12-11,285.19775390625,1,0.5464587017030273,1.0,0.008619036612821818,0.008619036612821818
2019-12-12,287.6558837890625,1,0.5396998140701247,1.0,0.000599305658404381,0.000599305658404381
2019-12-13,287.8282775878906,1,0.5436587177557327,1.0,0.00686991553992633,0.00686991553992633
2019-12-16,289.8056335449219,1,0.5371171533371193,1.0,0.00021903149957291923,0.00021903149957291923
2019-12-17,289.8691101074219,1,0.5443713001400009,1.0,6.253664420996508e-05,6.253664420996508e-05
2019-12-18,289.8872375488281,1,0.5449029633826143,1.0,0.004098841723229496,0.004098841723229496
2019-12-19,291.075439453125,1,0.5407293381765581,1.0,0.004384375694592935,0.004384375694592935
2019-12-20,292.35162353515625,1,0.5356197749440264,1.0,0.0015276971971585063,0.0015276971971585063
2019-12-23,292.7982482910156,1,0.5353335816094218,1.0,3.126819743948239e-05,3.126819743948239e-05
2019-12-24,292.8074035644531,1,0.5372880078196502,1.0,0.005323452613955171,0.005323452613955171
2019-12-26,294.36614990234375,0,0.5362675569635602,1.0,-0.0002480875076069644,-0.0002480875076069644
2019-12-27,294.2931213378906,0,0.5405187209837801,1.0,-0.005513409849247086,-0.005513409849247086
2019-12-30,292.6705627441406,1,0.5490923250065043,1.0,0.002429243347578103,0.002429243347578103
2019-12-31,293.38153076171875,1,0.541753441312947,1.0,0.009352135730428257,0.009352135730428257
2020-01-02,296.1252746582031,0,0.5275919349165149,1.0,-0.007572268495077972,-0.007572268495077972
2020-01-03,293.8829345703125,1,0.5361882212614852,1.0,0.0038153860723766364,0.0038153860723766364
2020-01-06,295.00421142578125,0,0.5322775425697146,1.0,-0.0028122322637988972,-0.0028122322637988972
2020-01-07,294.1745910644531,1,0.5377633518224407,1.0,0.005329937311148392,0.005329937311148392
2020-01-08,295.7425231933594,1,0.5364468191477377,1.0,0.006780284702407657,0.006780284702407657
2020-01-09,297.74774169921875,0,0.5300853153290955,1.0,-0.0028776423913335902,-0.0028776423913335902
2020-01-10,296.89093017578125,1,0.5351344379237755,1.0,0.006877303664420964,0.006877303664420964
2020-01-13,298.9327392578125,0,0.5281581262569159,1.0,-0.0015243846414878526,-0.0015243846414878526
2020-01-14,298.47705078125,1,0.5381446453866827,1.0,0.002259701348479748,0.002259701348479748
2020-01-15,299.1515197753906,1,0.5355845131004392,1.0,0.008318509880596014,0.008318509880596014
2020-01-16,301.6400146484375,1,0.5321038700481946,1.0,0.003112663317192954,0.003112663317192954
2020-01-17,302.57891845703125,0,0.5324842190373753,1.0,-0.0019585662234216095,-0.0019585662234216095
2020-01-21,301.9862976074219,1,0.5363591932101536,1.0,0.00012106528966193686,0.00012106528966193686
2020-01-22,302.0228576660156,1,0.5376740064196026,1.0,0.0011465455351968856,0.0011465455351968856
2020-01-23,302.369140625,0,0.5392352097560903,1.0,-0.00889288609483696,-0.00889288609483696
2020-01-24,299.6802062988281,0,0.5503763408520639,1.0,-0.01602915135467997,-0.01602915135467997
2020-01-27,294.8765869140625,1,0.5628879897600326,1.0,0.010478844226493367,0.010478844226493367
2020-01-28,297.966552734375,0,0.5473052389321803,1.0,-0.0008259106525267956,-0.0008259106525267956
2020-01-29,297.720458984375,1,0.5528163671348589,1.0,0.003245178410496985,0.003245178410496985
2020-01-30,298.6866149902344,0,0.5457491257755782,1.0,-0.018158006400702642,-0.018158006400702642
2020-01-31,293.2630615234375,1,0.56687710380053,1.0,0.007428891226355594,0.007428891226355594
2020-02-03,295.4416809082031,1,0.5553460377288474,1.0,0.015240935548923362,0.015240935548923362
2020-02-04,299.9444885253906,1,0.5384306560672344,1.0,0.011548259102712732,0.011548259102712732
2020-02-05,303.4083251953125,1,0.5351744005538873,1.0,0.0033651898334392527,0.0033651898334392527
2020-02-06,304.4293518066406,0,0.535312375672188,1.0,-0.005330136982044431,-0.005330136982044431
2020-02-07,302.80670166015625,1,0.5447107880233315,1.0,0.0074655551042743795,0.0074655551042743795
2020-02-10,305.06732177734375,1,0.5386703536470261,1.0,0.0017327158071978044,0.0017327158071978044
2020-02-11,305.5959167480469,1,0.5393272262251452,1.0,0.006442630430686158,0.006442630430686158
2020-02-12,307.56475830078125,0,0.5379466405432278,1.0,-0.0010665508268175028,-0.0010665508268175028
2020-02-13,307.2367248535156,1,0.5412558748041719,1.0,0.0016021799978207518,0.0016021799978207518
2020-02-14,307.7289733886719,0,0.5400226869766714,1.0,-0.0025772380532749217,-0.0025772380532749217
2020-02-18,306.9358825683594,1,0.5489026470987676,1.0,0.0047811248623563785,0.0047811248623563785
2020-02-19,308.40338134765625,0,0.5444785114240862,1.0,-0.0041082503229346035,-0.0041082503229346035
2020-02-20,307.1363830566406,0,0.5501496398654183,1.0,-0.010297940878823963,-0.010297940878823963
2020-02-21,303.9735107421875,0,0.5589743865329573,1.0,-0.033165559036379744,-0.033165559036379744
2020-02-24,293.8920593261719,0,0.588379891125773,1.0,-0.03030189750946366,-0.03030189750946366
2020-02-25,284.986572265625,0,0.5983874152914451,1.0,-0.0036781303943699273,-0.0036781303943699273
2020-02-26,283.9383544921875,0,0.5799373495185816,1.0,-0.04491217412725501,-0.04491217412725501
2020-02-27,271.1860656738281,0,0.6270367123334392,1.0,-0.0042016716884841765,-0.0042016716884841765
2020-02-28,270.046630859375,1,0.6104545972152411,1.0,0.04330702343616499,0.04330702343616499
2020-03-02,281.7415466308594,0,0.5648413615100901,1.0,-0.028632575424006657,-0.028632575424006657
2020-03-03,273.674560546875,1,0.6016340089547697,1.0,0.04203320157256529,0.04203320157256529
2020-03-04,285.177978515625,0,0.5493150038463397,1.0,-0.03324179493172186,-0.03324179493172186
2020-03-05,275.6981506347656,0,0.6077049771394297,1.0,-0.016531074508220334,-0.016531074508220334
2020-03-06,271.14056396484375,0,0.6147655824363034,1.0,-0.07809468465797631,-0.07809468465797631
2020-03-09,249.96592712402344,1,0.6807169599742141,1.0,0.05174502848197027,0.05174502848197027
2020-03-10,262.9004211425781,0,0.5962539077694349,1.0,-0.04874841564805177,-0.04874841564805177
2020-03-11,250.08444213867188,0,0.6683016315515772,1.0,-0.09567721693612519,-0.09567721693612519
2020-03-12,226.1570587158203,1,0.724061132602477,1.0,0.08548642644376603,0.08548642644376603
2020-03-13,245.49041748046875,0,0.6159624691782147,1.0,-0.10942377331329411,-0.10942377331329411
2020-03-16,218.6279296875,1,0.7135016868965592,1.0,0.05399211334450027,0.05399211334450027
2020-03-17,230.43211364746094,0,0.5143582561090527,1.0,-0.05063298263978533,-0.05063298263978533
2020-03-18,218.7646484375,1,0.6481514914983831,1.0,0.0021249972100083614,0.0021249972100083614
2020-03-19,219.22952270507812,0,0.6076362030236728,1.0,-0.043094358029058255,-0.043094358029058255
2020-03-20,209.78196716308594,0,0.6496330404231733,1.0,-0.02556801506167572,-0.02556801506167572
2020-03-23,204.4182586669922,1,0.650787400979806,1.0,0.09060328415351337,0.09060328415351337
2020-03-24,222.93922424316406,1,0.4748294195783551,0.0,0.01497014656195228,-0.0005
2020-03-25,226.2766571044922,1,0.5588073561920989,1.0,0.05838973699778949,0.05788973699778949
2020-03-26,239.4888916015625,0,0.4892466175747024,0.0,-0.02978551837434562,-0.0005
2020-03-27,232.3555908203125,1,0.5931641139681844,1.0,0.03247558258473915,0.03197558258473915
2020-03-30,239.90147399902344,0,0.5168536674578129,1.0,-0.014905309269075406,-0.014905309269075406
2020-03-31,236.32566833496094,0,0.5701612696723849,1.0,-0.04500485832787904,-0.04500485832787904
2020-04-01,225.6898651123047,1,0.6027637576258377,1.0,0.023075272883954723,0.023075272883954723
2020-04-02,230.89772033691406,0,0.5213152667705581,1.0,-0.014454161160440737,-0.014454161160440737
2020-04-03,227.56028747558594,1,0.563793178499241,1.0,0.06716601207599271,0.06716601207599271
2020-04-06,242.8446044921875,1,0.43636449404418953,0.0,0.0010199142146083418,-0.0005
2020-04-07,243.09228515625,1,0.4935011617876817,0.0,0.03356820436956287,0.0
2020-04-08,251.25245666503906,1,0.47231396052233676,0.0,0.015217160658932638,0.0
2020-04-09,255.0758056640625,0,0.46871820184503726,0.0,-0.00913006004553063,0.0
2020-04-13,252.7469482421875,1,0.47541617261622504,0.0,0.029492954127571913,0.0
2020-04-14,260.2012023925781,0,0.4433257102851294,0.0,-0.021248088115405128,0.0
2020-04-15,254.67242431640625,1,0.47982010080714554,0.0,0.004824144834109978,0.0
2020-04-16,255.9010009765625,1,0.46406570757661203,0.0,0.02701552371489191,0.0
2020-04-17,262.8143005371094,0,0.40920366349066,0.0,-0.0176180654232011,0.0
2020-04-20,258.18402099609375,0,0.46789302579618236,0.0,-0.03036320529577763,0.0
2020-04-21,250.3447265625,1,0.47291984027447276,0.0,0.022194493530405257,0.0
2020-04-22,255.9010009765625,0,0.3986395992138463,0.0,-7.1553244438749e-05,0.0
2020-04-23,255.8826904296875,1,0.46672889838535725,0.0,0.013938734590502433,0.0
2020-04-24,259.4493713378906,1,0.4452910174729393,0.0,0.014418399656442649,0.0
2020-04-27,263.1902160644531,0,0.4678984985229854,0.0,-0.004598446444471382,0.0
2020-04-28,261.9799499511719,1,0.48756596840005284,0.0,0.026178397748795268,0.0
2020-04-29,268.8381652832031,0,0.44997431791643105,0.0,-0.009310626544321576,0.0
2020-04-30,266.3351135253906,0,0.4883698712220228,0.0,-0.026473459223039897,0.0
2020-05-01,259.2843017578125,1,0.5008787588314466,1.0,0.002758282852107996,0.002258282852107996
2020-05-04,259.9994812011719,1,0.47207452208782397,0.0,0.009239215213090013,-0.0005
2020-05-05,262.40167236328125,0,0.456618101248942,0.0,-0.006778836659658394,0.0
2020-05-06,260.6228942871094,1,0.5057708970525133,1.0,0.012066850341524438,0.011566850341524437
2020-05-07,263.7677917480469,1,0.481000197676398,0.0,0.016546411415384377,-0.0005
2020-05-08,268.1322021484375,1,0.4885743861054133,0.0,0.00020498156417891877,0.0
2020-05-11,268.1871643066406,0,0.5125714921379174,1.0,-0.019931595022597448,-0.02043159502259745
2020-05-12,262.8417663574219,0,0.5368913412611587,1.0,-0.017685888176422138,-0.017685888176422138
2020-05-13,258.19317626953125,1,0.5530026702589871,1.0,0.01196729639497729,0.01196729639497729
2020-05-14,261.2830505371094,1,0.5057781571205148,1.0,0.00459732229131915,0.00459732229131915
2020-05-15,262.4842529296875,1,0.5109792983449315,1.0,0.03045964903958609,0.03045964903958609
2020-05-18,270.47943115234375,0,0.4786482968973137,0.0,-0.010271384520262217,-0.0005
2020-05-19,267.70123291015625,1,0.5279894343270204,1.0,0.016988078249582816,0.016488078249582816
2020-05-20,272.24896240234375,0,0.4856174324728197,0.0,-0.00690389274630554,-0.0005
2020-05-21,270.369384765625,1,0.5225561183444083,1.0,0.0018989862140643687,0.0013989862140643687
2020-05-22,270.8828125,1,0.511590934154111,1.0,0.012320690811294055,0.012320690811294055
2020-05-26,274.22027587890625,1,0.49471045571576683,0.0,0.014879057163366127,-0.0005
2020-05-27,278.3004150390625,0,0.494219857849824,0.0,-0.001844759077074376,0.0
2020-05-28,277.7870178222656,1,0.5102135731178712,1.0,0.004455357167379326,0.003955357167379325
2020-05-29,279.024658203125,1,0.5147538195753102,1.0,0.004041963977128082,0.004041963977128082
2020-06-01,280.1524658203125,1,0.5115442374292697,1.0,0.008280250752829232,0.008280250752829232
2020-06-02,282.4721984863281,1,0.49597526468304165,0.0,0.01330837812116159,-0.0005
2020-06-03,286.2314453125,0,0.4841939310334337,0.0,-0.002626974148842942,0.0
2020-06-04,285.4795227050781,1,0.5083036963252807,1.0,0.025629442136071656,0.025129442136071656
2020-06-05,292.79620361328125,1,0.46226133903136896,0.0,0.012087639949611928,-0.0005
2020-06-08,296.3354187011719,0,0.47766175282864237,0.0,-0.007456706623129472,0.0
2020-06-09,294.125732421875,0,0.5086552430971037,1.0,-0.00557973552777824,-0.0060797355277782406
2020-06-10,292.4845886230469,0,0.5067950638953707,1.0,-0.05764912535142708,-0.05764912535142708
2020-06-11,275.62310791015625,1,0.5729477274264939,1.0,0.011975373626298191,0.011975373626298191
2020-06-12,278.9237976074219,1,0.4795138830064998,0.0,0.009336116042243825,-0.0005
2020-06-15,281.5278625488281,1,0.4819723089098986,0.0,0.019247477399986224,0.0
2020-06-16,286.9465637207031,0,0.4663555951351375,0.0,-0.004153822347174985,0.0
2020-06-17,285.754638671875,1,0.5094006365587525,1.0,0.0003848943697770668,-0.0001151056302229332
2020-06-18,285.8646240234375,0,0.5127156775819459,1.0,-0.005714613910734578,-0.005714613910734578
2020-06-19,284.23101806640625,1,0.5264855642882627,1.0,0.006414863638247503,0.006414863638247503
2020-06-22,286.0543212890625,1,0.5066124525622462,1.0,0.0046037586249128015,0.0046037586249128015
2020-06-23,287.3712463378906,0,0.5045570094959709,1.0,-0.02550862144126409,-0.02550862144126409
2020-06-24,280.0408020019531,1,0.5521391336598519,1.0,0.010720243948129093,0.010720243948129093
2020-06-25,283.04290771484375,0,0.5124372988504616,1.0,-0.023751367961400538,-0.023751367961400538
2020-06-26,276.32025146484375,1,0.5595839594611949,1.0,0.01469772582843687,0.01469772582843687
2020-06-29,280.38153076171875,1,0.5104319863309063,1.0,0.012809846202607833,0.012809846202607833
2020-06-30,283.9731750488281,1,0.5085548435734494,1.0,0.007004445777983204,0.007004445777983204
2020-07-01,285.9622497558594,1,0.5210031211575954,1.0,0.00550690892854111,0.00550690892854111
2020-07-02,287.5370178222656,1,0.524085302222021,1.0,0.015437147030045395,0.015437147030045395
2020-07-06,291.97576904296875,0,0.510974842377178,1.0,-0.010313602499806063,-0.010313602499806063
2020-07-07,288.9644470214844,1,0.5517273179677278,1.0,0.007648709385901231,0.007648709385901231
2020-07-08,291.1746520996094,0,0.5307596838916102,1.0,-0.005692988028458856,-0.005692988028458856
2020-07-09,289.5169982910156,1,0.544682761478517,1.0,0.01021040292116715,0.01021040292116715
2020-07-10,292.47308349609375,0,0.5200936153732489,1.0,-0.008658711958294485,-0.008658711958294485
2020-07-13,289.9406433105469,1,0.5330852129283117,1.0,0.012958732313942845,0.012958732313942845
2020-07-14,293.6979064941406,1,0.5100343573611545,1.0,0.00918755019408457,0.00918755019408457
2020-07-15,296.3962707519531,0,0.5133613137516344,1.0,-0.0032936541480901305,-0.0032936541480901305
2020-07-16,295.4200439453125,1,0.538316861591749,1.0,0.0028990765185132883,0.0028990765185132883
2020-07-17,296.2764892578125,1,0.5274385892547035,1.0,0.008081671231104481,0.008081671231104481
2020-07-20,298.6708984375,1,0.520684145135299,1.0,0.002127446957385981,0.002127446957385981
2020-07-21,299.3063049316406,1,0.5229782179261255,1.0,0.00569217823317647,0.00569217823317647
2020-07-22,301.010009765625,0,0.5177903637912061,1.0,-0.011931874864652414,-0.011931874864652414
2020-07-23,297.41839599609375,0,0.5443925511653019,1.0,-0.0064404113933727025,-0.0064404113933727025
2020-07-24,295.5028991699219,1,0.5344914926535571,1.0,0.007292751790011431,0.007292751790011431
2020-07-27,297.6579284667969,0,0.5190249515810966,1.0,-0.00634264796120021,-0.00634264796120021
2020-07-28,295.7699890136719,1,0.5318546447309666,1.0,0.01229875881557918,0.01229875881557918
2020-07-29,299.4075927734375,0,0.5106864464512793,1.0,-0.003567938315692576,-0.003567938315692576
2020-07-30,298.3393249511719,1,0.5378529832396943,1.0,0.00790201865121909,0.00790201865121909
2020-07-31,300.6968078613281,1,0.5258235496321011,1.0,0.006952337369876549,0.006952337369876549
2020-08-03,302.787353515625,1,0.5253074649106974,1.0,0.0038627312800905145,0.0038627312800905145
2020-08-04,303.9569396972656,1,0.5355851629970835,1.0,0.006211006137412101,0.006211006137412101
2020-08-05,305.8448181152344,1,0.5259927905928771,1.0,0.006684345908464895,0.006684345908464895
2020-08-06,307.8891906738281,1,0.5268521421203065,1.0,0.0007179167864763691,0.0007179167864763691
2020-08-07,308.1102294921875,1,0.5307829738288836,1.0,0.002989058409953227,0.002989058409953227
2020-08-10,309.03118896484375,0,0.5301801543023315,1.0,-0.008254813637393332,-0.008254813637393332
2020-08-11,306.4801940917969,1,0.5427765639729623,1.0,0.01394270469731218,0.01394270469731218
2020-08-12,310.75335693359375,0,0.5157717792887136,1.0,-0.0018083495191777432,-0.0018083495191777432
2020-08-13,310.19140625,1,0.5370626441135885,1.0,3.0105214774200917e-05,3.0105214774200917e-05
2020-08-14,310.20074462890625,1,0.5341854328241389,1.0,0.003176496444838639,0.003176496444838639
2020-08-17,311.18609619140625,1,0.5301101869512356,1.0,0.0021605488545295426,0.0021605488545295426
2020-08-18,311.8584289550781,0,0.5353562125766576,1.0,-0.004164115449129646,-0.004164115449129646
2020-08-19,310.559814453125,1,0.5422343170579483,1.0,0.003113962232705658,0.003113962232705658
2020-08-20,311.5268859863281,1,0.5354402563991568,1.0,0.003547080640663003,0.003547080640663003
2020-08-21,312.63189697265625,1,0.5314366848107611,1.0,0.010133613527571583,0.010133613527571583
2020-08-24,315.79998779296875,1,0.5179334157210369,1.0,0.0034989883200198246,0.0034989883200198246
2020-08-25,316.90496826171875,1,0.5270894251749139,1.0,0.010025478744825733,0.010025478744825733
2020-08-26,320.08209228515625,1,0.5151868473675322,1.0,0.0021867864174400786,0.0021867864174400786
2020-08-27,320.78204345703125,1,0.5284001877536358,1.0,0.006459091122712035,0.006459091122712035
2020-08-28,322.85400390625,0,0.519979835075391,1.0,-0.003622174665950828,-0.003622174665950828
2020-08-31,321.6845703125,1,0.5340888213317754,1.0,0.009418307250952385,0.009418307250952385
2020-09-01,324.71429443359375,1,0.5176743677739344,1.0,0.014464244126870085,0.014464244126870085
2020-09-02,329.4110412597656,0,0.5053288245080862,1.0,-0.03441450320132,-0.03441450320132
2020-09-03,318.07452392578125,0,0.5682348696074482,1.0,-0.008164609707343562,-0.008164609707343562
2020-09-04,315.4775695800781,0,0.5426118237514364,1.0,-0.027322768051173396,-0.027322768051173396
2020-09-08,306.85784912109375,1,0.5721744973090931,1.0,0.019747058164807152,0.019747058164807152
2020-09-09,312.9173889160156,0,0.5096487671175304,1.0,-0.017363819827755478,-0.017363819827755478
2020-09-10,307.48394775390625,1,0.552583559656439,1.0,0.0005093476003594777,0.0005093476003594777
2020-09-11,307.64056396484375,1,0.5438511685487358,1.0,0.013171221313935888,0.013171221313935888
2020-09-14,311.69256591796875,1,0.5252712982001589,1.0,0.005052507739234935,0.005052507739234935
2020-09-15,313.26739501953125,0,0.5382223084335199,1.0,-0.003968769659973614,-0.003968769659973614
2020-09-16,312.02410888671875,0,0.5475832058321345,1.0,-0.008795131961700231,-0.008795131961700231
2020-09-17,309.2798156738281,0,0.5600759132918833,1.0,-0.011512577703781779,-0.011512577703781779
2020-09-18,305.7192077636719,0,0.5654292721655747,1.0,-0.011129681376373046,-0.011129681376373046
2020-09-21,302.316650390625,1,0.5672107990229881,1.0,0.010184213862838076,0.010184213862838076
2020-09-22,305.3955078125,0,0.5395727782392817,1.0,-0.02319050283795665,-0.02319050283795665
2020-09-23,298.313232421875,1,0.5880483467035907,1.0,0.002664926740601148,0.002664926740601148
2020-09-24,299.10821533203125,1,0.5607879764795345,1.0,0.016167240305196007,0.016167240305196007
2020-09-25,303.9439697265625,1,0.5449042120367301,1.0,0.016609442353114012,0.016609442353114012
2020-09-28,308.9923095703125,0,0.5408665333965071,1.0,-0.005446288713350844,-0.005446288713350844
2020-09-29,307.3094482421875,1,0.568203023276468,1.0,0.0075820890660855955,0.0075820890660855955
2020-09-30,309.6394958496094,1,0.5540930479991575,1.0,0.00641989807679999,0.00641989807679999
2020-10-01,311.6273498535156,0,0.5561559794934534,1.0,-0.009494383975564569,-0.009494383975564569
2020-10-02,308.66864013671875,1,0.579587027281365,1.0,0.017733137152039946,0.017733137152039946
2020-10-05,314.1423034667969,0,0.5310997626433924,1.0,-0.014215915090760811,-0.014215915090760811
2020-10-06,309.6764831542969,1,0.570374805492036,1.0,0.0174066879074104,0.0174066879074104
2020-10-07,315.0669250488281,1,0.5195229329759546,1.0,0.008862359410440446,0.008862359410440446
2020-10-08,317.8591613769531,1,0.5330833498444738,1.0,0.008930250741939316,0.008930250741939316
2020-10-09,320.6977233886719,1,0.5271006236139567,1.0,0.016087550195682088,0.016087550195682088
2020-10-12,325.8569641113281,0,0.5093670801252073,1.0,-0.006526136152597228,-0.006526136152597228
2020-10-13,323.7303771972656,0,0.5455623859831418,1.0,-0.006283184280689413,-0.006283184280689413
2020-10-14,321.6963195800781,0,0.5459867186579505,1.0,-0.001236085148527022,-0.001236085148527022
2020-10-15,321.2986755371094,0,0.5378999818480091,1.0,-0.0006042752330264189,-0.0006042752330264189
2020-10-16,321.1045227050781,0,0.5332467226303446,1.0,-0.01520354633783294,-0.01520354633783294
2020-10-19,316.22259521484375,1,0.5482157138206433,1.0,0.004005893853125775,0.004005893853125775
2020-10-20,317.4893493652344,0,0.5228078812577922,1.0,-0.0018928261676777192,-0.0018928261676777192
2020-10-21,316.8883972167969,1,0.5353408012962761,1.0,0.005484986756773669,0.005484986756773669
2020-10-22,318.62652587890625,1,0.5197751778394265,1.0,0.0033952528715837094,0.0033952528715837094
2020-10-23,319.7083435058594,0,0.5221011123584528,1.0,-0.018479977908026357,-0.018479977908026357
2020-10-26,313.8001403808594,0,0.561325368421689,1.0,-0.0034472788650888875,-0.0034472788650888875
2020-10-27,312.7183837890625,0,0.5513770425877303,1.0,-0.0341789468219279,-0.0341789468219279
2020-10-28,302.0299987792969,1,0.5915629971226928,1.0,0.010163567065669676,0.010163567065669676
2020-10-29,305.0997009277344,0,0.5392327961270494,1.0,-0.010424998952238806,-0.010424998952238806
2020-10-30,301.9190368652344,1,0.567482188397864,1.0,0.01120841281908147,0.01120841281908147
2020-11-02,305.3030700683594,1,0.5389007852484814,1.0,0.017655935709215642,0.017655935709215642
2020-11-03,310.6934814453125,1,0.5319433628278863,1.0,0.022349118989030803,0.022349118989030803
2020-11-04,317.63720703125,1,0.5197067524661649,1.0,0.019502925347529176,0.019502925347529176
2020-11-05,323.8320617675781,0,0.5199660008953515,1.0,-0.00022824662207721058,-0.00022824662207721058
2020-11-06,323.7581481933594,1,0.5480378980298533,1.0,0.012565573437489874,0.012565573437489874
2020-11-09,327.82635498046875,0,0.5296801460342564,1.0,-0.0014664574732917712,-0.0014664574732917712
2020-11-10,327.3456115722656,1,0.5491349323079563,1.0,0.007428545165082845,0.007428545165082845
2020-11-11,329.7773132324219,0,0.5299000931485731,1.0,-0.0097008710693538,-0.0097008710693538
2020-11-12,326.57818603515625,1,0.5468845012371897,1.0,0.013844187732459767,0.013844187732459767
2020-11-13,331.0993957519531,1,0.5141259284502323,1.0,0.012482919664702274,0.012482919664702274
2020-11-16,335.23248291015625,0,0.5083853877398943,1.0,-0.005378566100477267,-0.005378566100477267
2020-11-17,333.4294128417969,0,0.5270573155854581,1.0,-0.0120348001499202,-0.0120348001499202
2020-11-18,329.4166564941406,1,0.5386851276901815,1.0,0.0042102678953988,0.0042102678953988
2020-11-19,330.8035888671875,0,0.5200008768844537,1.0,-0.006847837758949149,-0.006847837758949149
2020-11-20,328.5382995605469,1,0.5346122681493741,1.0,0.005994495586520765,0.005994495586520765
2020-11-23,330.5077209472656,1,0.5167245856445992,1.0,0.016113643513337994,0.016113643513337994
2020-11-24,335.8334045410156,0,0.4946426014956944,0.0,-0.0015418113298006908,-0.0005
2020-11-25,335.31561279296875,1,0.5170048567014246,1.0,0.002785134035371728,0.002285134035371728
2020-11-27,336.24951171875,0,0.5038403226109148,1.0,-0.004427210773714552,-0.004427210773714552
2020-11-30,334.7608642578125,1,0.5190794173599971,1.0,0.010937655545714131,0.010937655545714131
2020-12-01,338.42236328125,1,0.4934993955709599,0.0,0.002103445589238806,-0.0005
2020-12-02,339.13421630859375,0,0.5045648348698403,1.0,-0.0002725697959551354,-0.0007725697959551354
2020-12-03,339.0417785644531,1,0.5154921052860769,1.0,0.008617678157714304,0.008617678157714304
2020-12-04,341.9635314941406,0,0.5118126272768085,1.0,-0.0020548909143497385,-0.0020548909143497385
2020-12-07,341.2608337402344,1,0.5345926353095407,1.0,0.002926196306975992,0.002926196306975992
2020-12-08,342.2594299316406,0,0.5261130693144955,1.0,-0.008968933738511153,-0.008968933738511153
2020-12-09,339.1897277832031,0,0.5473970108081142,1.0,-0.0003270482193236113,-0.0003270482193236113
2020-12-10,339.07879638671875,0,0.5375858698069529,1.0,-0.0011727186931359546,-0.0011727186931359546
2020-12-11,338.68115234375,0,0.5404736886511977,1.0,-0.004477061614517441,-0.004477061614517441
2020-12-14,337.16485595703125,1,0.5438282141947995,1.0,0.01351919377405486,0.01351919377405486
2020-12-15,341.7230529785156,1,0.5228950406117393,1.0,0.0015696247251972828,0.0015696247251972828
2020-12-16,342.2594299316406,1,0.5432623860910891,1.0,0.005591896751868886,0.005591896751868886
2020-12-17,344.1733093261719,0,0.5353803373133463,1.0,-0.003992774877456973,-0.003992774877456973
2020-12-18,342.7991027832031,0,0.5452718594188595,1.0,-0.003575586977506373,-0.003575586977506373
2020-12-21,341.5733947753906,0,0.548501010586432,1.0,-0.00168529834283615,-0.00168529834283615
2020-12-22,340.99774169921875,1,0.5427104943492321,1.0,0.0008984398702180929,0.0008984398702180929
2020-12-23,341.3041076660156,1,0.5415733320037285,1.0,0.0038902514187195703,0.0038902514187195703
2020-12-24,342.6318664550781,1,0.5432862773133283,1.0,0.008590887921035018,0.008590887921035018
2020-12-28,345.57537841796875,0,0.5348921845630529,1.0,-0.0019076611466772864,-0.0019076611466772864
2020-12-29,344.9161376953125,1,0.549449386929865,1.0,0.001426800346693291,0.001426800346693291
2020-12-30,345.40826416015625,1,0.5445741012066019,1.0,0.00508095799931052,0.00508095799931052
2020-12-31,347.16326904296875,0,0.5432444291500199,1.0,-0.013614284159613299,-0.013614284159613299
2021-01-04,342.4368896484375,1,0.5678669044241204,1.0,0.00688746037330823,0.00688746037330823
2021-01-05,344.79541015625,1,0.5404259427394377,1.0,0.0059787103425519295,0.0059787103425519295
2021-01-06,346.8568420410156,1,0.5432231231023206,1.0,0.014857460602218708,0.014857460602218708
2021-01-07,352.01025390625,1,0.5258151145896128,1.0,0.005697517883473502,0.005697517883473502
2021-01-08,354.0158386230469,0,0.5347030816634063,1.0,-0.006740807271065297,-0.006740807271065297
2021-01-11,351.6294860839844,1,0.5517934190044795,1.0,0.0002111576830630124,0.0002111576830630124
2021-01-12,351.7037353515625,1,0.5429444266729029,1.0,0.0026931888821053462,0.0026931888821053462
2021-01-13,352.65093994140625,0,0.538263006001601,1.0,-0.003502264603355565,-0.003502264603355565
2021-01-14,351.4158630371094,0,0.5429443992990893,1.0,-0.007292625092323646,-0.007292625092323646
2021-01-15,348.8531188964844,1,0.5544987688568427,1.0,0.007852268423866215,0.007852268423866215
2021-01-19,351.5924072265625,1,0.5362217850543587,1.0,0.0138386665023289,0.0138386665023289
2021-01-20,356.4579772949219,1,0.5256336188078117,1.0,0.0009116114453124879,0.0009116114453124879
2021-01-21,356.7829284667969,0,0.5388547020682302,1.0,-0.0035393702009817174,-0.0035393702009817174
2021-01-22,355.5201416015625,1,0.5449899483936004,1.0,0.003943626282052026,0.003943626282052026
2021-01-25,356.92218017578125,0,0.5362156451553227,1.0,-0.001560754422208821,-0.001560754422208821
2021-01-26,356.3651123046875,0,0.5421487720073135,1.0,-0.024440687510854375,-0.024440687510854375
2021-01-27,347.6553039550781,1,0.5719894759781285,1.0,0.008600181408499274,0.008600181408499274
2021-01-28,350.64520263671875,0,0.5342863965159189,1.0,-0.02001942220422004,-0.02001942220422004
2021-01-29,343.62548828125,1,0.5719785356258967,1.0,0.01664532252449402,0.01664532252449402
2021-02-01,349.3452453613281,1,0.5230018089621056,1.0,0.014140396747018613,0.014140396747018613
2021-02-02,354.2851257324219,1,0.5224112339387488,1.0,0.0007863580784748248,0.0007863580784748248
2021-02-03,354.563720703125,1,0.5386800358020469,1.0,0.011365819431753854,0.011365819431753854
2021-02-04,358.5936279296875,1,0.5232565127591625,1.0,0.00393569714586639,0.00393569714586639
2021-02-05,360.00494384765625,1,0.5367778364264029,1.0,0.007221970455660198,0.007221970455660198
2021-02-08,362.6048889160156,0,0.5333436051170288,1.0,-0.0006658902996228289,-0.0006658902996228289
2021-02-09,362.3634338378906,0,0.542271484825708,1.0,-0.0004356604913707818,-0.0004356604913707818
2021-02-10,362.20556640625,1,0.5402885165119556,1.0,0.0016150813497493033,0.0016150813497493033
2021-02-11,362.7905578613281,1,0.5356214784316831,1.0,0.004939551667612951,0.004939551667612951
2021-02-12,364.58258056640625,0,0.530465025304438,1.0,-0.0008657662965040336,-0.0008657662965040336
2021-02-16,364.2669372558594,1,0.5352565707502094,1.0,0.00022946811235202702,0.00022946811235202702
2021-02-17,364.35052490234375,0,0.5321842756895203,1.0,-0.004256038049296751,-0.004256038049296751
2021-02-18,362.7998352050781,0,0.5419387659086965,1.0,-0.0017659490798668243,-0.0017659490798668243
2021-02-19,362.1591491699219,0,0.5451731868266655,1.0,-0.007691516243342744,-0.007691516243342744
2021-02-22,359.37359619140625,1,0.5539236842900825,1.0,0.001214254063832021,0.001214254063832021
2021-02-23,359.8099670410156,1,0.5426057852563252,1.0,0.011019271596631519,0.011019271596631519
2021-02-24,363.7748107910156,0,0.5285393396583348,1.0,-0.024095791227191077,-0.024095791227191077
2021-02-25,355.0093688964844,0,0.5747994748820089,1.0,-0.005152864532091517,-0.005152864532091517
2021-02-26,353.1800537109375,1,0.5500529093078781,1.0,0.024240465137659983,0.024240465137659983
2021-03-01,361.7413024902344,0,0.5100705720930485,1.0,-0.007803239184516975,-0.007803239184516975
2021-03-02,358.9185485839844,0,0.5444023468262816,1.0,-0.013245593949448242,-0.013245593949448242
2021-03-03,354.1644592285156,0,0.559264000011756,1.0,-0.0123749909631502,-0.0123749909631502
2021-03-04,349.78167724609375,1,0.5719503109334927,1.0,0.018396485112173178,0.018396485112173178
2021-03-05,356.2164306640625,0,0.5303861341679599,1.0,-0.0049783679588777385,-0.0049783679588777385
2021-03-08,354.44305419921875,1,0.5588125271888603,1.0,0.014277288777111874,0.014277288777111874
2021-03-09,359.5035400390625,1,0.5339825138929629,1.0,0.006224590864748469,0.006224590864748469
2021-03-10,361.7413024902344,1,0.5462540915743314,1.0,0.010139166033030333,0.010139166033030333
2021-03-11,365.4090576171875,1,0.5402533968877525,1.0,0.0013467823377255606,0.0013467823377255606
2021-03-12,365.90118408203125,1,0.5464079990950531,1.0,0.005963627568318142,0.005963627568318142
2021-03-15,368.0832824707031,0,0.5406957396851656,1.0,-0.0012613012818710745,-0.0012613012818710745
2021-03-16,367.6190185546875,1,0.5607770130914151,1.0,0.003409805962739876,0.003409805962739876
2021-03-17,368.8725280761719,0,0.5516938309237555,1.0,-0.014549753603290805,-0.014549753603290805
2021-03-18,363.5055236816406,0,0.5927895541507752,1.0,-0.001849916411650776,-0.001849916411650776
2021-03-19,362.83306884765625,1,0.5682197148930921,1.0,0.007984733181409798,0.007984733181409798
2021-03-22,365.7301940917969,0,0.547734419027389,1.0,-0.007870915878152362,-0.007870915878152362
2021-03-23,362.8515625,0,0.5775907357549541,1.0,-0.00508346565830553,-0.00508346565830553
2021-03-24,361.00701904296875,1,0.5749785271285248,1.0,0.005625607486653195,0.005625607486653195
2021-03-25,363.03790283203125,1,0.5524429435584992,1.0,0.016114961416526796,0.016114961416526796
2021-03-26,368.88824462890625,0,0.5182802673257569,1.0,-0.0005053057935608951,-0.0005053057935608951
2021-03-29,368.70184326171875,0,0.5504755500166251,1.0,-0.0026527895012772307,-0.0026527895012772307
2021-03-30,367.7237548828125,1,0.5601748070236324,1.0,0.004053504970964905,0.004053504970964905
2021-03-31,369.2143249511719,1,0.5419559065920174,1.0,0.010798935232425144,0.010798935232425144
2021-04-01,373.2014465332031,1,0.5220630819534351,1.0,0.014353100584550083,0.014353100584550083
2021-04-05,378.55804443359375,0,0.5098151840146832,1.0,-0.00059058783885646,-0.00059058783885646
2021-04-06,378.33447265625,1,0.5441284090624743,1.0,0.0011570294865059783,0.0011570294865059783
2021-04-07,378.772216796875,1,0.5376663237187339,1.0,0.0047471689405595985,0.0047471689405595985
2021-04-08,380.5703125,1,0.5343123710665144,1.0,0.0072700209646294756,0.0072700209646294756
2021-04-09,383.3370666503906,1,0.5313252616896228,1.0,0.0003645355547154949,0.0003645355547154949
2021-04-12,383.476806640625,1,0.5507866866593659,1.0,0.0029636867400384403,0.0029636867400384403
2021-04-13,384.6133117675781,0,0.5445723708720227,1.0,-0.0034152161598869357,-0.0034152161598869357
2021-04-14,383.2997741699219,1,0.559658042428299,1.0,0.010742703384491348,0.010742703384491348
2021-04-15,387.4174499511719,1,0.529452990998424,1.0,0.0033422883765481526,0.0033422883765481526
2021-04-16,388.7123107910156,0,0.5450620219557102,1.0,-0.00491288398466716,-0.00491288398466716
2021-04-19,386.8026123046875,0,0.5569428723174662,1.0,-0.0073216445802315455,-0.0073216445802315455
2021-04-20,383.9705810546875,1,0.5638722434389007,1.0,0.00946220728300573,0.00946220728300573
2021-04-21,387.6037902832031,0,0.5300778625798986,1.0,-0.009133295871719072,-0.009133295871719072
2021-04-22,384.0636901855469,1,0.568476067701335,1.0,0.010842591246928102,0.010842591246928102
2021-04-23,388.2279357910156,1,0.5254383403356369,1.0,0.0020875760025211854,0.0020875760025211854
2021-04-26,389.03839111328125,0,0.5419126410133865,1.0,-0.00021571994374025572,-0.00021571994374025572
2021-04-27,388.9544677734375,0,0.5491845720953927,1.0,-0.00028724404209878873,-0.00028724404209878873
2021-04-28,388.8427429199219,1,0.5512386373377667,1.0,0.00637282651886939,0.00637282651886939
2021-04-29,391.3207702636719,0,0.5328260762240877,1.0,-0.006570562324185181,-0.006570562324185181
2021-04-30,388.74957275390625,1,0.5635956923421651,1.0,0.002156682560160217,0.002156682560160217
2021-05-03,389.5879821777344,0,0.5496900752777167,1.0,-0.006169268587176591,-0.006169268587176591
2021-05-04,387.18450927734375,1,0.571396227271942,1.0,0.0003128334545310363,0.0003128334545310363
2021-05-05,387.3056335449219,1,0.5583457273629243,1.0,0.007985592571752909,0.007985592571752909
2021-05-06,390.39849853515625,1,0.542804699095877,1.0,0.007277891915140167,0.007277891915140167
2021-05-07,393.2397766113281,0,0.5412921144401323,1.0,-0.0099023869984054,-0.0099023869984054
2021-05-10,389.34576416015625,0,0.5796725091202205,1.0,-0.0089246173523575,-0.0089246173523575
2021-05-11,385.8710021972656,0,0.5790749478047954,1.0,-0.02124535785953119,-0.02124535785953119
2021-05-12,377.67303466796875,1,0.6099535612594849,1.0,0.012012679799508597,0.012012679799508597
2021-05-13,382.20989990234375,1,0.544332455823937,1.0,0.015355166064182413,0.015355166064182413
2021-05-14,388.07879638671875,0,0.5379426457705851,1.0,-0.002544554874326921,-0.002544554874326921
2021-05-17,387.09130859375,0,0.5711682746183983,1.0,-0.008615752753344919,-0.008615752753344919
2021-05-18,383.7562255859375,0,0.5813510195955974,1.0,-0.002621487016541857,-0.002621487016541857
2021-05-19,382.7502136230469,1,0.5630151757721583,1.0,0.010757729314854192,0.010757729314854192
2021-05-20,386.86773681640625,0,0.539585288005586,1.0,-0.0008185766815530515,-0.0008185766815530515
2021-05-21,386.5510559082031,1,0.5625248995488926,1.0,0.010194288006044383,0.010194288006044383
2021-05-24,390.4916687011719,0,0.5406402717215879,1.0,-0.0022188042152825327,-0.0022188042152825327
2021-05-25,389.625244140625,1,0.5633409247956173,1.0,0.0019846106127872076,0.0019846106127872076
2021-05-26,390.39849853515625,1,0.5536918871492429,1.0,0.0005249919132797043,0.0005249919132797043
2021-05-27,390.60345458984375,1,0.5585992756673829,1.0,0.0017886924075656285,0.0017886924075656285
2021-05-28,391.3021240234375,0,0.5569759457428674,1.0,-0.0008808948987489851,-0.0008808948987489851
2021-06-01,390.9574279785156,1,0.562381475383858,1.0,0.0015725679700859807,0.0015725679700859807
2021-06-02,391.5722351074219,0,0.5570049998110262,1.0,-0.003711468728292422,-0.003711468728292422
2021-06-03,390.1189270019531,1,0.5664370043189106,1.0,0.00914614613604492,0.00914614613604492
2021-06-04,393.68701171875,0,0.5388789591483563,1.0,-0.0009704398397064606,-0.0009704398397064606
2021-06-07,393.3049621582031,1,0.5610326802508319,1.0,0.00021330222178050917,0.00021330222178050917
2021-06-08,393.38885498046875,0,0.5603453725337482,1.0,-0.0014917110699406155,-0.0014917110699406155
2021-06-09,392.8020324707031,1,0.5609266190961661,1.0,0.004648312758806616,0.004648312758806616
2021-06-10,394.6278991699219,1,0.5435125050701698,1.0,0.0016524417324437213,0.0016524417324437213
2021-06-11,395.2799987792969,1,0.5427979163384007,1.0,0.002238866754654678,0.002238866754654678
2021-06-14,396.16497802734375,0,0.5440291943155444,1.0,-0.0018342208247499325,-0.0018342208247499325
2021-06-15,395.4383239746094,0,0.5566154841898028,1.0,-0.005583311203673724,-0.005583311203673724
2021-06-16,393.23046875,0,0.5642855191800046,1.0,-0.00033161624464816963,-0.00033161624464816963
2021-06-17,393.1000671386719,0,0.5523497729029448,1.0,-0.013490381996013823,-0.013490381996013823
2021-06-18,387.7969970703125,1,0.581663875545235,1.0,0.014315908327570348,0.014315908327570348
2021-06-21,393.3486633300781,1,0.5279961670492622,1.0,0.005346160974933456,0.005346160974933456
2021-06-22,395.4515686035156,0,0.5427424551455241,1.0,-0.0012051868178476477,-0.0012051868178476477
2021-06-23,394.9749755859375,1,0.5571674257996174,1.0,0.005915763057328771,0.005915763057328771
2021-06-24,397.3115539550781,1,0.5407242740967594,1.0,0.003552087489885114,0.003552087489885114
2021-06-25,398.72283935546875,1,0.5412243458538892,1.0,0.0020158663947005273,0.0020158663947005273
2021-06-28,399.526611328125,1,0.5471118340549863,1.0,0.00053789855059172,0.00053789855059172
2021-06-29,399.74151611328125,1,0.5514950050099164,1.0,0.0008419900249871937,0.0008419900249871937
2021-06-30,400.0780944824219,1,0.5498586634043812,1.0,0.0055364862161082495,0.0055364862161082495
2021-07-01,402.2931213378906,1,0.5408891050941944,1.0,0.007643407191484375,0.007643407191484375
2021-07-02,405.3680114746094,0,0.5338103091222453,1.0,-0.001821261740200808,-0.001821261740200808
2021-07-06,404.6297302246094,1,0.5556634735574415,1.0,0.0035339262881926015,0.0035339262881926015
2021-07-07,406.0596618652344,0,0.5438761580350328,1.0,-0.00814804833063687,-0.00814804833063687
2021-07-08,402.7510681152344,1,0.5691243454276969,1.0,0.010674948533216488,0.010674948533216488
2021-07-09,407.0504150390625,1,0.530492574103016,1.0,0.0035819600624611425,0.0035819600624611425
2021-07-12,408.5084533691406,0,0.5461333978473806,1.0,-0.003408933434583372,-0.003408933434583372
2021-07-13,407.1158752441406,1,0.5605028324886553,1.0,0.0014920122548298664,0.0014920122548298664
2021-07-14,407.7232971191406,0,0.5520083637221247,1.0,-0.0034154980469341956,-0.0034154980469341956
2021-07-15,406.3307189941406,0,0.5596825083798834,1.0,-0.007843618812217623,-0.007843618812217623
2021-07-16,403.14361572265625,0,0.5712960803138543,1.0,-0.014767971137476188,-0.014767971137476188
2021-07-19,397.19000244140625,1,0.5900698329351527,1.0,0.014330637853413819,0.014330637853413819
2021-07-20,402.8819885253906,1,0.5248106814764352,1.0,0.008096117170923511,0.008096117170923511
2021-07-21,406.1437683105469,1,0.5387258078774166,1.0,0.0020941473653079967,0.0020941473653079967
2021-07-22,406.9942932128906,1,0.5501543157984851,1.0,0.010288242192095565,0.010288242192095565
2021-07-23,411.1815490722656,1,0.5284563866370305,1.0,0.002454578387642181,0.002454578387642181
2021-07-26,412.1908264160156,0,0.5404778586276924,1.0,-0.004557526359756037,-0.004557526359756037
2021-07-27,410.312255859375,0,0.5598933301141593,1.0,-0.0004100374916921057,-0.0004100374916921057
2021-07-28,410.1440124511719,1,0.5544532047063176,1.0,0.00414737076604732,0.00414737076604732
2021-07-29,411.84503173828125,0,0.5447483162407232,1.0,-0.0048564178236958355,-0.0048564178236958355
2021-07-30,409.8449401855469,0,0.5660223816825791,1.0,-0.0020978720530366868,-0.0020978720530366868
2021-08-02,408.9851379394531,1,0.5634611541215973,1.0,0.008135356719800813,0.008135356719800813
2021-08-03,412.3123779296875,0,0.5422979124379649,1.0,-0.004918933594026398,-0.004918933594026398
2021-08-04,410.28424072265625,1,0.5679453043285508,1.0,0.006332622096943963,0.006332622096943963
2021-08-05,412.8824157714844,1,0.546340471426357,1.0,0.0016525576911379236,0.0016525576911379236
2021-08-06,413.5647277832031,0,0.5505782489171515,1.0,-0.0008134041446788975,-0.0008134041446788975
2021-08-09,413.22833251953125,1,0.5579270408592493,1.0,0.0012438088348092347,0.0012438088348092347
2021-08-10,413.7423095703125,1,0.55642070423223,1.0,0.002484896191837116,0.002484896191837116
2021-08-11,414.7704162597656,1,0.550666725648468,1.0,0.0029970134345047583,0.0029970134345047583
2021-08-12,416.01348876953125,1,0.5504722551755357,1.0,0.0018196983112441778,0.0018196983112441778
2021-08-13,416.7705078125,1,0.5511159715404932,1.0,0.0023547354214066285,0.0023547354214066285
2021-08-16,417.75189208984375,0,0.5461626674844003,1.0,-0.006555168006998957,-0.006555168006998957
2021-08-17,415.0134582519531,0,0.5601507378768884,1.0,-0.010944866378153728,-0.010944866378153728
2021-08-18,410.47119140625,1,0.5768489889051963,1.0,0.0015482159532262951,0.0015482159532262951
2021-08-19,411.106689453125,1,0.555481098704352,1.0,0.007957156422646827,0.007957156422646827
2021-08-20,414.3779296875,1,0.5416847843223036,1.0,0.008796512326694428,0.008796512326694428
2021-08-23,418.02301025390625,1,0.540754884649379,1.0,0.001587264737390237,0.001587264737390237
2021-08-24,418.6865234375,1,0.5529619406501891,1.0,0.0020984699173149934,0.0020984699173149934
2021-08-25,419.56512451171875,0,0.5467843847233914,1.0,-0.0059032710202199246,-0.0059032710202199246
2021-08-26,417.08831787109375,1,0.5640665990178463,1.0,0.008941074035186514,0.008941074035186514
2021-08-27,420.8175354003906,1,0.5358481179329218,1.0,0.004397524495173721,0.004397524495173721
2021-08-30,422.6680908203125,0,0.5433209708429567,1.0,-0.0014817341357985514,-0.0014817341357985514
2021-08-31,422.04180908203125,1,0.5544405682729538,1.0,0.0005315461927453136,0.0005315461927453136
2021-09-01,422.2661437988281,1,0.5530640009454222,1.0,0.003076646890683099,0.003076646890683099
2021-09-02,423.5653076171875,0,0.543735694669332,1.0,-0.00024266199633582453,-0.00024266199633582453
2021-09-03,423.4625244140625,0,0.554010244284853,1.0,-0.0035755209346772787,-0.0035755209346772787
2021-09-07,421.94842529296875,0,0.5628826812323716,1.0,-0.0012183932686483656,-0.0012183932686483656
2021-09-08,421.434326171875,0,0.5579051321553821,1.0,-0.004280150852018494,-0.004280150852018494
2021-09-09,419.6305236816406,0,0.5654446770910114,1.0,-0.00788454024023788,-0.00788454024023788
2021-09-10,416.3219299316406,1,0.5762141832076563,1.0,0.002559368516593219,0.002559368516593219
2021-09-13,417.387451171875,0,0.5562471568262117,1.0,-0.005396743367966805,-0.005396743367966805
2021-09-14,415.1349182128906,1,0.5727140589180383,1.0,0.008352850271859946,0.008352850271859946
2021-09-15,418.60247802734375,0,0.5443075181695923,1.0,-0.0015854320180135328,-0.0015854320180135328
2021-09-16,417.9388122558594,0,0.5605181775454773,1.0,-0.0097410598700155,-0.0097410598700155
2021-09-17,413.8676452636719,0,0.5736094051670959,1.0,-0.0166740465645131,-0.0166740465645131
2021-09-20,406.966796875,0,0.5935118940243901,1.0,-0.0009446973369103828,-0.0009446973369103828
2021-09-21,406.58233642578125,1,0.5650989362916969,1.0,0.009754940557191505,0.009754940557191505
2021-09-22,410.54852294921875,1,0.5462832949728048,1.0,0.012149689575163825,0.012149689575163825
2021-09-23,415.53656005859375,1,0.5382438894510045,1.0,0.0016474370207124611,0.0016474370207124611
2021-09-24,416.22113037109375,0,0.5560041793270966,1.0,-0.002860896033312188,-0.002860896033312188
2021-09-27,415.0303649902344,0,0.5593843956019022,1.0,-0.02015196641988448,-0.02015196641988448
2021-09-28,406.66668701171875,1,0.6010819208348124,1.0,0.0016831444070213308,0.0016831444070213308
2021-09-29,407.3511657714844,0,0.5629770434071871,1.0,-0.01222235432608565,-0.01222235432608565
2021-09-30,402.37237548828125,1,0.5955265275259007,1.0,0.011884090770847733,0.011884090770847733
2021-10-01,407.1542053222656,0,0.5471412372634685,1.0,-0.01289580155466774,-0.01289580155466774
2021-10-04,401.90362548828125,1,0.5983841873992957,1.0,0.01040496514011302,0.01040496514011302
2021-10-05,406.0854187011719,1,0.5465443120567945,1.0,0.004155830257856152,0.004155830257856152
2021-10-06,407.7730407714844,1,0.5566499441109016,1.0,0.008645921573918969,0.008645921573918969
2021-10-07,411.2986145019531,0,0.5420640215559612,1.0,-0.0018237152431030967,-0.0018237152431030967
2021-10-08,410.54852294921875,0,0.5643095645620857,1.0,-0.0072399507197505875,-0.0072399507197505875
2021-10-11,407.576171875,0,0.5713441525563452,1.0,-0.002461465935719498,-0.002461465935719498
2021-10-12,406.57293701171875,1,0.5663398212420707,1.0,0.003597801086906438,0.003597801086906438
2021-10-13,408.03570556640625,1,0.5530896397181584,1.0,0.01682037055568686,0.01682037055568686
2021-10-14,414.8990173339844,1,0.5272897803729648,1.0,0.007616099285266076,0.007616099285266076
2021-10-15,418.0589294433594,1,0.541669791567833,1.0,0.002960152799976301,0.002960152799976301
2021-10-18,419.29644775390625,1,0.5446031119286782,1.0,0.007714978981049336,0.007714978981049336
2021-10-19,422.53131103515625,1,0.5264454496310655,1.0,0.003927844890609267,0.003927844890609267
2021-10-20,424.1909484863281,1,0.5329159921135648,1.0,0.002608294210119322,0.002608294210119322
2021-10-21,425.29736328125,0,0.5417283551824236,1.0,-0.0010363698882560612,-0.0010363698882560612
2021-10-22,424.8565979003906,1,0.5545187583852221,1.0,0.005362922246354707,0.005362922246354707
2021-10-25,427.13507080078125,1,0.5416806282035505,1.0,0.0009000195908051012,0.0009000195908051012
2021-10-26,427.5195007324219,0,0.5508141783321233,1.0,-0.004430165010833376,-0.004430165010833376
2021-10-27,425.6255187988281,1,0.5560717152315355,1.0,0.009648669521256314,0.009648669521256314
2021-10-28,429.73223876953125,1,0.5269150882386929,1.0,0.002029192130989843,0.002029192130989843
2021-10-29,430.604248046875,1,0.5359732582484728,1.0,0.001720051821256341,0.001720051821256341
2021-11-01,431.34490966796875,1,0.5408657869320624,1.0,0.0040430696652329345,0.0040430696652329345
2021-11-02,433.0888671875,1,0.5302308994698466,1.0,0.006105504607842871,0.006105504607842871
2021-11-03,435.73309326171875,1,0.5262377012566941,1.0,0.004712601156652285,0.004712601156652285
2021-11-04,437.7865295410156,1,0.5309242418591329,1.0,0.0034696166133940665,0.0034696166133940665
2021-11-05,439.30548095703125,1,0.5351918409632551,1.0,0.000853689593767637,0.000853689593767637
2021-11-08,439.6805114746094,0,0.539493706094114,1.0,-0.0033054424408592853,-0.0033054424408592853
2021-11-09,438.2271728515625,0,0.5468139235303834,1.0,-0.008044873517983664,-0.008044873517983664
2021-11-10,434.7016906738281,1,0.5593353006669041,1.0,0.0003235679101227795,0.0003235679101227795
2021-11-11,434.84234619140625,1,0.5454050329114409,1.0,0.007546680399643124,0.007546680399643124
2021-11-12,438.12396240234375,1,0.5347317434319121,1.0,0.00034249423569043813,0.00034249423569043813
2021-11-15,438.2740173339844,1,0.5508948873381443,1.0,0.003957841605981338,0.003957841605981338
2021-11-16,440.0086364746094,0,0.5426283194545463,1.0,-0.002429220895280748,-0.002429220895280748
2021-11-17,438.93975830078125,1,0.5558980106183654,1.0,0.003396398209074558,0.003396398209074558
2021-11-18,440.4305725097656,0,0.5447327398384026,1.0,-0.0017882447436877724,-0.0017882447436877724
2021-11-19,439.6429748535156,0,0.5576802404338064,1.0,-0.002815172695184942,-0.002815172695184942
2021-11-22,438.4053039550781,1,0.5600828873950048,1.0,0.0013260089247522089,0.0013260089247522089
2021-11-23,438.98663330078125,1,0.5540828527682069,1.0,0.002669778488470387,0.002669778488470387
2021-11-24,440.15863037109375,0,0.5501132168834304,1.0,-0.02230301381434996,-0.02230301381434996
2021-11-26,430.3417663574219,1,0.6047385694738947,1.0,0.012266478619664234,0.012266478619664234
2021-11-29,435.62054443359375,0,0.5379364616193247,1.0,-0.01945740119349204,-0.01945740119349204
2021-11-30,427.1445007324219,0,0.6044002700577654,1.0,-0.011107426901725392,-0.011107426901725392
2021-12-01,422.4000244140625,1,0.5929703094602539,1.0,0.015316369876493319,0.015316369876493319
2021-12-02,428.8696594238281,0,0.5401877503824689,1.0,-0.008701362771371457,-0.008701362771371457
2021-12-03,425.1379089355469,1,0.5849495149861411,1.0,0.01184336797881036,0.01184336797881036
2021-12-06,430.1729736328125,1,0.5466732141450571,1.0,0.02068479731848427,0.02068479731848427
2021-12-07,439.0710144042969,1,0.5197315471322246,1.0,0.0026480664194192816,0.0026480664194192816
2021-12-08,440.23370361328125,0,0.5506639469799827,1.0,-0.006751618548664018,-0.006751618548664018
2021-12-09,437.26141357421875,1,0.5732147627002541,1.0,0.009413545975337279,0.009413545975337279
2021-12-10,441.3775939941406,0,0.5341945788817748,1.0,-0.008858359928095472,-0.008858359928095472
2021-12-13,437.46771240234375,0,0.5747853133465223,1.0,-0.006880181308023481,-0.006880181308023481
2021-12-14,434.4578552246094,1,0.5800402647618886,1.0,0.015625251337863855,0.015625251337863855
2021-12-15,441.2463684082031,0,0.5329023094281381,1.0,-0.008818528779886425,-0.008818528779886425
2021-12-16,437.355224609375,0,0.5816188342992266,1.0,-0.010643030869031955,-0.010643030869031955
2021-12-17,432.700439453125,0,0.589663058980417,1.0,-0.0106333233841569,-0.0106333233841569
2021-12-20,428.0993957519531,1,0.5916511694114431,1.0,0.017758960122572276,0.017758960122572276
2021-12-21,435.7019958496094,1,0.530042820276871,1.0,0.009998611060816787,0.009998611060816787
2021-12-22,440.05841064453125,1,0.5445122015900647,1.0,0.006222193681286514,0.006222193681286514
2021-12-23,442.7965393066406,1,0.5476822036785893,1.0,0.014152120564397741,0.014152120564397741
2021-12-27,449.06304931640625,0,0.5258302825055183,1.0,-0.0008171990047093347,-0.0008171990047093347
2021-12-28,448.6960754394531,1,0.5440518890415718,1.0,0.0012792737854703251,0.0012792737854703251
2021-12-29,449.27008056640625,0,0.5475300952179184,1.0,-0.0027644938941080444,-0.0027644938941080444
2021-12-30,448.028076171875,0,0.5515911077814777,1.0,-0.0025203351491971393,-0.0025203351491971393
2021-12-31,446.8988952636719,1,0.5494174646175243,1.0,0.005790023110515685,0.005790023110515685
2022-01-03,449.4864501953125,0,0.5394986074343517,1.0,-0.00033492269416623976,-0.00033492269416623976
2022-01-04,449.3359069824219,0,0.5479039166269664,1.0,-0.01920212520661224,-0.01920212520661224
2022-01-05,440.70770263671875,0,0.594188331698506,1.0,-0.0009394014726015198,-0.0009394014726015198
2022-01-06,440.293701171875,0,0.565037986313015,1.0,-0.003953548850726074,-0.003953548850726074
2022-01-07,438.552978515625,0,0.572065889140648,1.0,-0.0012444239951500125,-0.0012444239951500125
2022-01-10,438.0072326660156,1,0.566458857880522,1.0,0.009108371216657973,0.009108371216657973
2022-01-11,441.99676513671875,1,0.5465378820675063,1.0,0.002703587222569359,0.002703587222569359
2022-01-12,443.1917419433594,0,0.5502484348078537,1.0,-0.013778612742276541,-0.013778612742276541
2022-01-13,437.0851745605469,1,0.5837543797182794,1.0,0.0004090094632835939,0.0004090094632835939
2022-01-14,437.2639465332031,0,0.5601525099534369,1.0,-0.017709541245921945,-0.017709541245921945
2022-01-18,429.52020263671875,0,0.5972859274754376,1.0,-0.010383730370020494,-0.010383730370020494
2022-01-19,425.0601806640625,0,0.5858201010921703,1.0,-0.011068055907754282,-0.011068055907754282
2022-01-20,420.3555908203125,0,0.5881243548507298,1.0,-0.01963059665409539,-0.01963059665409539
2022-01-21,412.103759765625,1,0.6120160359185444,1.0,0.004246873624462966,0.004246873624462966
2022-01-24,413.8539123535156,0,0.5690779816428793,1.0,-0.012209275530531527,-0.012209275530531527
2022-01-25,408.8010559082031,0,0.6014971873923272,1.0,-0.002508660870780388,-0.002508660870780388
2022-01-26,407.7755126953125,0,0.5854056863523709,1.0,-0.004938037663257844,-0.004938037663257844
2022-01-27,405.76190185546875,1,0.5889047421830829,1.0,0.024835653654187606,0.024835653654187606
2022-01-28,415.8392639160156,1,0.5217047907344575,1.0,0.01801100980235093,0.01801100980235093
2022-01-31,423.3289489746094,1,0.5302862033601983,1.0,0.006756805952979006,0.006756805952979006
2022-02-01,426.1893005371094,1,0.5462105268319324,1.0,0.009714027647385715,0.009714027647385715
2022-02-02,430.3293151855469,0,0.5386900367687516,1.0,-0.023504947971534795,-0.023504947971534795
2022-02-03,420.2144470214844,1,0.6082106326406198,1.0,0.004702247060859532,0.004702247060859532
2022-02-04,422.1903991699219,0,0.5540874246971873,1.0,-0.0032092615944315783,-0.0032092615944315783
2022-02-07,420.8354797363281,1,0.5744198484661038,1.0,0.008227956371374301,0.008227956371374301
2022-02-08,424.298095703125,1,0.5507383147440268,1.0,0.014636060244256788,0.014636060244256788
2022-02-09,430.5081481933594,0,0.5361926648688616,1.0,-0.017965616945647356,-0.017965616945647356
2022-02-10,422.7738037109375,0,0.6007311463124357,1.0,-0.019718767567823536,-0.019718767567823536
2022-02-11,414.4372253417969,0,0.6120387449558511,1.0,-0.00326937318445375,-0.00326937318445375
2022-02-14,413.082275390625,1,0.5777129746095485,1.0,0.01612676826331194,0.01612676826331194
2022-02-15,419.74395751953125,1,0.5382544551849222,1.0,0.0011208964263200727,0.0011208964263200727
2022-02-16,420.2144470214844,0,0.5646529311701869,1.0,-0.021361425001345302,-0.021361425001345302
2022-02-17,411.2380676269531,0,0.6067285299190277,1.0,-0.006474812082328363,-0.006474812082328363
2022-02-18,408.57537841796875,0,0.5732050667523042,1.0,-0.01073176539516374,-0.01073176539516374
2022-02-22,404.1906433105469,0,0.5780838402923153,1.0,-0.017738583031969624,-0.017738583031969624
2022-02-23,397.0208740234375,1,0.6022711928183888,1.0,0.015048986977288958,0.015048986977288958
2022-02-24,402.9956359863281,1,0.5325447974789362,1.0,0.022063917828524238,0.022063917828524238
2022-02-25,411.8872985839844,0,0.5065670755918531,1.0,-0.002558398805398876,-0.002558398805398876
2022-02-28,410.8335266113281,0,0.5520335698324785,1.0,-0.015230356599403971,-0.015230356599403971
2022-03-01,404.5763854980469,1,0.585840060255509,1.0,0.018396173720176323,0.018396173720176323
2022-03-02,412.01904296875,0,0.5167920337141817,1.0,-0.004978283154482899,-0.004978283154482899
2022-03-03,409.9678955078125,0,0.5691806012706797,1.0,-0.00812471322395969,-0.00812471322395969
2022-03-04,406.63702392578125,0,0.5859134408861563,1.0,-0.029479052483203705,-0.029479052483203705
2022-03-07,394.6497497558594,0,0.6276214502512603,1.0,-0.007581881153734482,-0.007581881153734482
2022-03-08,391.6575622558594,1,0.5877499839563503,1.0,0.026810848043472557,0.026810848043472557
2022-03-09,402.1582336425781,0,0.5185822670597573,1.0,-0.004515507415775222,-0.004515507415775222
2022-03-10,400.34228515625,0,0.5815473896930455,1.0,-0.012714949731735925,-0.012714949731735925
2022-03-11,395.251953125,0,0.60318469510885,1.0,-0.007308586048258348,-0.007308586048258348
2022-03-14,392.36322021484375,1,0.583636654937355,1.0,0.02199058284237987,0.02199058284237987
2022-03-15,400.99151611328125,1,0.5137668930067946,1.0,0.022174115218852153,0.022174115218852153
2022-03-16,409.8831481933594,1,0.5150781623038238,1.0,0.012510934550095998,0.012510934550095998
2022-03-17,415.01116943359375,1,0.5312296243693381,1.0,0.01095286845012966,0.01095286845012966
2022-03-18,419.5567321777344,0,0.5283919404739523,1.0,-0.00029233268608930274,-0.00029233268608930274
2022-03-21,419.43408203125,1,0.5395774014272848,1.0,0.011701237833250389,0.011701237833250389
2022-03-22,424.34197998046875,0,0.5198242625796482,1.0,-0.012878323357668697,-0.012878323357668697
2022-03-23,418.8771667480469,1,0.5661647591259285,1.0,0.01507434885059622,0.01507434885059622
2022-03-24,425.19146728515625,1,0.5136835020726771,1.0,0.0048834846778156304,0.0048834846778156304
2022-03-25,427.26788330078125,1,0.5360202895023476,1.0,0.007113065805072427,0.007113065805072427
2022-03-28,430.30706787109375,1,0.5364232743640426,1.0,0.012370798866577548,0.012370798866577548
2022-03-29,435.63031005859375,0,0.5262232906813035,1.0,-0.006174896148677833,-0.006174896148677833
2022-03-30,432.9403381347656,0,0.5511477611315403,1.0,-0.01539122617847033,-0.01539122617847033
2022-03-31,426.27685546875,1,0.5788477228218201,1.0,0.002834215334215351,0.002834215334215351
2022-04-01,427.4850158691406,1,0.547915257076689,1.0,0.008566566596436953,0.008566566596436953
2022-04-04,431.1470947265625,0,0.5351395727030495,1.0,-0.01263131176285559,-0.01263131176285559
2022-04-05,425.7011413574219,0,0.5671683742813405,1.0,-0.009999301043953635,-0.009999301043953635
2022-04-06,421.4444274902344,1,0.5620582381028436,1.0,0.00503870740181811,0.00503870740181811
2022-04-07,423.5679626464844,0,0.5398040693423336,1.0,-0.0026737322557229826,-0.0026737322557229826
2022-04-08,422.4354553222656,0,0.5523859146876415,1.0,-0.017092165970193696,-0.017092165970193696
2022-04-11,415.2151184082031,0,0.5788934844079807,1.0,-0.00370541349040987,-0.00370541349040987
2022-04-12,413.67657470703125,1,0.5534576785455857,1.0,0.011453481775540508,0.011453481775540508
2022-04-13,418.41461181640625,0,0.5292392463484656,1.0,-0.012451597704259743,-0.012451597704259743
2022-04-14,413.2046813964844,1,0.5789576114355256,1.0,0.000411155451694567,0.000411155451694567
2022-04-18,413.37457275390625,1,0.5606596294392872,1.0,0.016142606621348587,0.016142606621348587
2022-04-19,420.0475158691406,0,0.5297658954952781,1.0,-0.0007414932610642078,-0.0007414932610642078
2022-04-20,419.7360534667969,0,0.5568865849755379,1.0,-0.01495356484421051,-0.01495356484421051
2022-04-21,413.4595031738281,0,0.5895130556191365,1.0,-0.027439060170246443,-0.027439060170246443
2022-04-22,402.11456298828125,1,0.6110145751109335,1.0,0.005797446816261376,0.005797446816261376
2022-04-25,404.44580078125,0,0.559988749692926,1.0,-0.028960950374560146,-0.028960950374560146
2022-04-26,392.732666015625,1,0.6275257365287391,1.0,0.002812014921986572,0.002812014921986572
2022-04-27,393.8370361328125,1,0.5781024870384143,1.0,0.025259173551977154,0.025259173551977154
2022-04-28,403.7850341796875,0,0.5355056073210835,1.0,-0.03695545114935661,-0.03695545114935661
2022-04-29,388.86297607421875,1,0.6377428406096419,1.0,0.006019574860413268,0.006019574860413268
2022-05-02,391.2037658691406,1,0.5658029119651529,1.0,0.004583911415625197,0.004583911415625197
2022-05-03,392.99700927734375,1,0.5615985096065488,1.0,0.030453125031546735,0.030453125031546735
2022-05-04,404.9649963378906,0,0.514163213040344,1.0,-0.035543089910370806,-0.035543089910370806
2022-05-05,390.5712890625,0,0.6324012923450499,1.0,-0.005968633187063199,-0.005968633187063199
2022-05-06,388.2401123046875,0,0.5769727307277408,1.0,-0.03201750814268234,-0.03201750814268234
2022-05-09,375.80963134765625,1,0.6291767458391411,1.0,0.0023106038151679,0.0023106038151679
2022-05-10,376.677978515625,0,0.5747198453142391,1.0,-0.015886352927298564,-0.015886352927298564
2022-05-11,370.6939392089844,0,0.6099612482061224,1.0,-0.0010436408502285666,-0.0010436408502285666
2022-05-12,370.30706787109375,1,0.5788460540080591,1.0,0.02390775444853399,0.02390775444853399
2022-05-13,379.1602783203125,0,0.5339923315279241,1.0,-0.004057605065675984,-0.004057605065675984
2022-05-16,377.6217956542969,1,0.5711436149846312,1.0,0.02057029503444796,0.02057029503444796
2022-05-17,385.38958740234375,0,0.5261356653540503,1.0,-0.04031145241465184,-0.04031145241465184
2022-05-18,369.8539733886719,0,0.6353413855359501,1.0,-0.0061245732556340915,-0.0061245732556340915
2022-05-19,367.5887756347656,1,0.5827909349913702,1.0,0.0004366073014123728,0.0004366073014123728
2022-05-20,367.749267578125,1,0.5738309222999851,1.0,0.018709988906599584,0.018709988906599584
2022-05-23,374.6298522949219,0,0.5316617586039214,1.0,-0.007634000064028035,-0.007634000064028035
2022-05-24,371.7699279785156,1,0.5826929327905553,1.0,0.008835216948853919,0.008835216948853919
2022-05-25,375.0545959472656,1,0.5374616342856237,1.0,0.01998130317778446,0.01998130317778446
2022-05-26,382.5486755371094,1,0.513205442191942,1.0,0.024549045479764997,0.024549045479764997
2022-05-27,391.93988037109375,0,0.5056411611597789,1.0,-0.005610801017761569,-0.005610801017761569
2022-05-31,389.74078369140625,0,0.5514189777981797,1.0,-0.008088778458363532,-0.008088778458363532
2022-06-01,386.5882568359375,1,0.5579839153587085,1.0,0.019043594571526823,0.019043594571526823
2022-06-02,393.9502868652344,0,0.5114796959395788,1.0,-0.01641146542909755,-0.01641146542909755
2022-06-03,387.4849853515625,1,0.5866282915524117,1.0,0.003044551562450204,0.003044551562450204
2022-06-06,388.6647033691406,1,0.5501382735531677,1.0,0.009592435161923873,0.009592435161923873
2022-06-07,392.3929443359375,0,0.5342819317504885,1.0,-0.01087212158222639,-0.01087212158222639
2022-06-08,388.1268005371094,0,0.5605226694846724,1.0,-0.02378296069888841,-0.02378296069888841
2022-06-09,378.89599609375,0,0.5933498296518166,1.0,-0.028995630036379838,-0.028995630036379838
2022-06-10,367.90966796875,0,0.6026946628215659,1.0,-0.03796812850789466,-0.03796812850789466
2022-06-13,353.9408264160156,0,0.6278957532694304,1.0,-0.0030132955587861554,-0.0030132955587861554
2022-06-14,352.8742980957031,1,0.5813283271074695,1.0,0.014256093906547473,0.014256093906547473
2022-06-15,357.9049072265625,0,0.5472353781199631,1.0,-0.03309581279670881,-0.03309581279670881
2022-06-16,346.05975341796875,1,0.6323510888408522,1.0,0.002155703429530531,0.002155703429530531
2022-06-17,346.8057556152344,1,0.5604667460137878,1.0,0.025173504247707035,0.025173504247707035
2022-06-21,355.53607177734375,0,0.5068019205231727,1.0,-0.0018128434810509297,-0.0018128434810509297
2022-06-22,354.89154052734375,1,0.5520680469897156,1.0,0.00980240407543631,0.00980240407543631
2022-06-23,358.3703308105469,1,0.5386673009371195,1.0,0.03179396136226287,0.03179396136226287
2022-06-24,369.76434326171875,0,0.48443960583525086,0.0,-0.0038196869409969914,-0.0005
2022-06-27,368.3519592285156,0,0.5478987983254363,1.0,-0.020432874236847143,-0.020932874236847143
2022-06-28,360.8254699707031,0,0.5916920972952469,1.0,-0.0008143084860704475,-0.0008143084860704475
2022-06-29,360.5316467285156,0,0.5661005175520623,1.0,-0.008124242788220437,-0.008124242788220437
2022-06-30,357.60260009765625,1,0.5814766712005299,1.0,0.01057636328352407,0.01057636328352407
2022-07-01,361.3847351074219,1,0.5536881624423089,1.0,0.0018886399132569398,0.0018886399132569398
2022-07-05,362.0672607421875,1,0.5716937743960153,1.0,0.003377213166984472,0.003377213166984472
2022-07-06,363.2900390625,1,0.5602993214383425,1.0,0.014977124209360593,0.014977124209360593
2022-07-07,368.7310791015625,0,0.5384062921305846,1.0,-0.0008223409238755641,-0.0008223409238755641
2022-07-08,368.4278564453125,0,0.5653853173726424,1.0,-0.011423761025339596,-0.011423761025339596
2022-07-11,364.2190246582031,0,0.5854600016173203,1.0,-0.008848965066571735,-0.008848965066571735
2022-07-12,360.9960632324219,0,0.5783744649610968,1.0,-0.005251532256966951,-0.005251532256966951
2022-07-13,359.10028076171875,0,0.5672717699174701,1.0,-0.002428486857905421,-0.002428486857905421
2022-07-14,358.22821044921875,1,0.556203126046465,1.0,0.01910503813885711,0.01910503813885711
2022-07-15,365.0721740722656,0,0.5148229897014054,1.0,-0.00825700919149841,-0.00825700919149841
2022-07-18,362.0577697753906,1,0.5640840167796515,1.0,0.02701934075859813,0.02701934075859813
2022-07-19,371.84033203125,1,0.4868180534186708,0.0,0.0063730337255705205,-0.0005
2022-07-20,374.2100830078125,1,0.5187836077391559,1.0,0.01018323428028256,0.00968323428028256
2022-07-21,378.020751953125,0,0.5159163539829036,1.0,-0.009278206866174976,-0.009278206866174976
2022-07-22,374.5133972167969,1,0.5546040089877322,1.0,0.0012149554414480068,0.0012149554414480068
2022-07-25,374.9684143066406,0,0.5378027361717933,1.0,-0.011831074638855132,-0.011831074638855132
2022-07-26,370.5321350097656,1,0.5765707789005533,1.0,0.025966518243028425,0.025966518243028425
2022-07-27,380.153564453125,1,0.507997006580611,1.0,0.012542394270407486,0.012542394270407486
2022-07-28,384.9216003417969,1,0.5229485893635621,1.0,0.014578639639340363,0.014578639639340363
2022-07-29,390.5332336425781,0,0.513053264572797,1.0,-0.002961242535648778,-0.002961242535648778
2022-08-01,389.37677001953125,0,0.5405503168829986,1.0,-0.006597253191409025,-0.006597253191409025
2022-08-02,386.8079528808594,1,0.5485729572355704,1.0,0.015659582310677544,0.015659582310677544
2022-08-03,392.8652038574219,0,0.5134313934547892,1.0,-0.0006757340927696642,-0.0006757340927696642
2022-08-04,392.5997314453125,0,0.5442094993528551,1.0,-0.001690050019013234,-0.001690050019013234
2022-08-05,391.93621826171875,0,0.5535091083550763,1.0,-0.0011611803690829703,-0.0011611803690829703
2022-08-08,391.4811096191406,0,0.5518780227828757,1.0,-0.003970828620679989,-0.003970828620679989
2022-08-09,389.9266052246094,1,0.5527192212576485,1.0,0.021003959031440145,0.021003959031440145
2022-08-10,398.1166076660156,0,0.5063747148652793,1.0,0.0,0.0
2022-08-11,398.1166076660156,1,0.5393009432848448,1.0,0.016929075461740162,0.016929075461740162
2022-08-12,404.8563537597656,1,0.5050708183280498,1.0,0.004120807158994211,0.004120807158994211
2022-08-15,406.5246887207031,1,0.5303311697748243,1.0,0.0019585615225161668,0.0019585615225161668
2022-08-16,407.3208923339844,0,0.5296126089657079,1.0,-0.007097876233855049,-0.007097876233855049
2022-08-17,404.4297790527344,1,0.5587821151992872,1.0,0.0029062759034148566,0.0029062759034148566
2022-08-18,405.60516357421875,0,0.5432230120353819,1.0,-0.013438021739735628,-0.013438021739735628
2022-08-19,400.1546325683594,0,0.5800531452439276,1.0,-0.020822410037867556,-0.020822410037867556
2022-08-22,391.82244873046875,0,0.5956633897277622,1.0,-0.0024193024539306274,-0.0024193024539306274
2022-08-23,390.87451171875,1,0.5670289823700967,1.0,0.003201392610470144,0.003201392610470144
2022-08-24,392.1258544921875,1,0.5516399419335408,1.0,0.014117476757271596,0.014117476757271596
2022-08-25,397.66168212890625,0,0.5370632360344944,1.0,-0.033849074077911157,-0.033849074077911157
2022-08-26,384.2012023925781,0,0.6237983488449621,1.0,-0.00661225361918516,-0.00661225361918516
2022-08-29,381.6607666015625,0,0.5811002337286373,1.0,-0.010977942246522931,-0.010977942246522931
2022-08-30,377.4709167480469,0,0.5893104467502461,1.0,-0.007609042857014692,-0.007609042857014692
2022-08-31,374.5987243652344,1,0.5845459019940596,1.0,0.003138042164422261,0.003138042164422261
2022-09-01,375.77423095703125,0,0.5728435618374838,1.0,-0.010544473202705684,-0.010544473202705684
2022-09-02,371.8118896484375,0,0.5902026133709528,1.0,-0.00377329004429916,-0.00377329004429916
2022-09-06,370.408935546875,1,0.5784179339021677,1.0,0.017964895745108622,0.017964895745108622
2022-09-07,377.06329345703125,1,0.5356774017526967,1.0,0.00653638306809623,0.00653638306809623
2022-09-08,379.5279235839844,1,0.5498934306583939,1.0,0.015535078520896528,0.015535078520896528
2022-09-09,385.4239196777344,1,0.5367454947566975,1.0,0.010747791829192055,0.010747791829192055
2022-09-12,389.5663757324219,0,0.5390731607269699,1.0,-0.043482450212141366,-0.043482450212141366
2022-09-13,372.6270751953125,1,0.6406995716920834,1.0,0.003815894260589703,0.003815894260589703
2022-09-14,374.0489807128906,0,0.569468264967655,1.0,-0.01135317374294853,-0.01135317374294853
2022-09-15,369.8023376464844,0,0.5984684034811201,1.0,-0.007629016207141293,-0.007629016207141293
2022-09-16,366.9811096191406,1,0.5958104374650053,1.0,0.007754857554990391,0.007754857554990391
2022-09-19,369.8269958496094,0,0.572048297530807,1.0,-0.011478574353853133,-0.011478574353853133
2022-09-20,365.5819091796875,0,0.5934367642120981,1.0,-0.01744371248347576,-0.01744371248347576
2022-09-21,359.2048034667969,0,0.6030037192047869,1.0,-0.008399868042125558,-0.008399868042125558
2022-09-22,356.1875305175781,0,0.5877284650124901,1.0,-0.016754668380463134,-0.016754668380463134
2022-09-23,350.2197265625,0,0.6044777159609834,1.0,-0.009892906936214696,-0.009892906936214696
2022-09-26,346.7550354003906,0,0.6007279293867452,1.0,-0.0025526142249541195,-0.0025526142249541195
2022-09-27,345.8699035644531,1,0.5791945613423055,1.0,0.01967624199660034,0.01967624199660034
2022-09-28,352.6753234863281,0,0.5329282018824392,1.0,-0.020889000226280263,-0.020889000226280263
2022-09-29,345.30828857421875,0,0.6002846251528297,1.0,-0.01546345923690029,-0.01546345923690029
2022-09-30,339.9686279296875,1,0.590667004463375,1.0,0.026401307996379186,0.026401307996379186
2022-10-03,348.9442443847656,1,0.514380216473097,1.0,0.0309864131349753,0.0309864131349753
2022-10-04,359.75677490234375,0,0.4954998161037757,0.0,-0.002328029581346591,-0.0005
2022-10-05,358.91925048828125,0,0.5547741632741255,1.0,-0.010315816610501072,-0.010815816610501072
2022-10-06,355.2167053222656,0,0.5706744275555875,1.0,-0.027894005545312406,-0.027894005545312406
2022-10-07,345.30828857421875,0,0.6050924076046217,1.0,-0.007635132710717807,-0.007635132710717807
2022-10-10,342.67181396484375,0,0.5841301318241923,1.0,-0.006332985117560641,-0.006332985117560641
2022-10-11,340.5016784667969,0,0.592744165599531,1.0,-0.0032985709508683847,-0.0032985709508683847
2022-10-12,339.3785095214844,1,0.5778876992364966,1.0,0.02639110384142085,0.02639110384142085
2022-10-13,348.3350830078125,0,0.5219629580141428,1.0,-0.022788981907167938,-0.022788981907167938
2022-10-14,340.3968811035156,1,0.6000035661836421,1.0,0.02569712998554352,0.02569712998554352
2022-10-17,349.14410400390625,1,0.5110871402311312,1.0,0.011749575246526645,0.011749575246526645
2022-10-18,353.24639892578125,0,0.5319748797196006,1.0,-0.0070862841158900736,-0.0070862841158900736
2022-10-19,350.7431945800781,0,0.5616328461089287,1.0,-0.008385427393161837,-0.008385427393161837
2022-10-20,347.80206298828125,1,0.5677632029365833,1.0,0.024301517499068614,0.024301517499068614
2022-10-21,356.2541809082031,1,0.5003651391449698,1.0,0.012236527172061473,0.012236527172061473
2022-10-24,360.6134948730469,1,0.5185084501793631,1.0,0.015968406433568783,0.015968406433568783
2022-10-25,366.3719177246094,0,0.5080393067379605,1.0,-0.007534188096482541,-0.007534188096482541
2022-10-26,363.6116027832031,0,0.5473243617628449,1.0,-0.005339818251631878,-0.005339818251631878
2022-10-27,361.66998291015625,1,0.5492088516496255,1.0,0.02379075135163511,0.02379075135163511
2022-10-28,370.2743835449219,0,0.49407498244809994,0.0,-0.007223432725760981,-0.0005
2022-10-31,367.5997314453125,0,0.5461168159146067,1.0,-0.004375822090691428,-0.0048758220906914285
2022-11-01,365.9911804199219,0,0.5537740506495503,1.0,-0.025096226493915186,-0.025096226493915186
2022-11-02,356.8061828613281,0,0.6010584035265304,1.0,-0.010296596125925594,-0.010296596125925594
2022-11-03,353.1322937011719,1,0.5787197355670773,1.0,0.014392937645870907,0.014392937645870907
2022-11-04,358.21490478515625,1,0.5372517828883461,1.0,0.00956543993151815,0.00956543993151815
2022-11-07,361.6413879394531,1,0.5333366666160123,1.0,0.005395491155683052,0.005395491155683052
2022-11-08,363.5926208496094,0,0.535792365182468,1.0,-0.02060213343687367,-0.02060213343687367
2022-11-09,356.1018371582031,1,0.5773117056706426,1.0,0.05495415316728569,0.05495415316728569
2022-11-10,375.6711120605469,1,0.4344891770099976,0.0,0.009678479862414102,-0.0005
2022-11-11,379.3070373535156,0,0.517279760167751,1.0,-0.00850662713159478,-0.00900662713159478
2022-11-14,376.0804138183594,1,0.5450613909094802,1.0,0.008529056462731832,0.008529056462731832
2022-11-15,379.28802490234375,0,0.5229070591979808,1.0,-0.0076286698888281546,-0.0076286698888281546
2022-11-16,376.3945617675781,0,0.5504120617612195,1.0,-0.0030599097740118264,-0.0030599097740118264
2022-11-17,375.2428283691406,1,0.5537399560699865,1.0,0.004540354199351837,0.004540354199351837
2022-11-18,376.9465637207031,0,0.5397115067937306,1.0,-0.003636235572429425,-0.003636235572429425
2022-11-21,375.5758972167969,1,0.5592389480921927,1.0,0.013457035504800485,0.013457035504800485
2022-11-22,380.6300354003906,1,0.5326702683430744,1.0,0.006301791503457332,0.006301791503457332
2022-11-23,383.0286865234375,0,0.5453859791536397,1.0,-0.00022356634693865285,-0.00022356634693865285
2022-11-25,382.94305419921875,0,0.5531779066575315,1.0,-0.01595708988914657,-0.01595708988914657
2022-11-28,376.8323974609375,0,0.5825697859611391,1.0,-0.0017176809541656901,-0.0017176809541656901
2022-11-29,376.18511962890625,1,0.56530474948801,1.0,0.0315005458822597,0.0315005458822597
2022-11-30,388.03515625,0,0.5030482747943743,1.0,-0.0007356586669619025,-0.0007356586669619025
2022-12-01,387.74969482421875,0,0.556286543953842,1.0,-0.0011538841135476652,-0.0011538841135476652
2022-12-02,387.3022766113281,0,0.5493574889328958,1.0,-0.017989191025757245,-0.017989191025757245
2022-12-05,380.33502197265625,0,0.575097936981704,1.0,-0.014414877919263547,-0.014414877919263547
2022-12-06,374.8525390625,0,0.5765889257265641,1.0,-0.001701108378555083,-0.001701108378555083
2022-12-07,374.2148742675781,1,0.5651761343565053,1.0,0.007834028813418215,0.007834028813418215
2022-12-08,377.146484375,0,0.5485409202333246,1.0,-0.007470585036691069,-0.007470585036691069
2022-12-09,374.3289794921875,1,0.5690820200549361,1.0,0.01441748141123611,0.01441748141123611
2022-12-12,379.7258605957031,1,0.5389060577179186,1.0,0.007569724541558243,0.007569724541558243
2022-12-13,382.60028076171875,0,0.5471740893295742,1.0,-0.006393531618213766,-0.006393531618213766
2022-12-14,380.15411376953125,0,0.5687961312132165,1.0,-0.0244613222080311,-0.0244613222080311
2022-12-15,370.85504150390625,0,0.6080622031170136,1.0,-0.01180627867695816,-0.01180627867695816
2022-12-16,366.47662353515625,0,0.5872160228787884,1.0,-0.008479847870370039,-0.008479847870370039
2022-12-19,363.36895751953125,1,0.5859675466116292,1.0,0.0013686211847039331,0.0013686211847039331
2022-12-20,363.86627197265625,1,0.5721329412847602,1.0,0.014952315533536709,0.014952315533536709
2022-12-21,369.3069152832031,0,0.5436131649416931,1.0,-0.014266060204856434,-0.014266060204856434
2022-12-22,364.0383605957031,1,0.5927249425197872,1.0,0.0057521249606729,0.0057521249606729
2022-12-23,366.1323547363281,0,0.5576634473474854,1.0,-0.003943429527586084,-0.003943429527586084
2022-12-27,364.68853759765625,0,0.5723172943942865,1.0,-0.012427831232404984,-0.012427831232404984
2022-12-28,360.15625,1,0.5853411726396306,1.0,0.01800027114967473,0.01800027114967473
2022-12-29,366.63916015625,0,0.5336898353827058,1.0,-0.0026340865414707926,-0.0026340865414707926
2022-12-30,365.67340087890625,0,0.5724668467330375,1.0,-0.004209846018981556,-0.004209846018981556
2023-01-03,364.13397216796875,1,0.5769502211130603,1.0,0.0077200341738168365,0.0077200341738168365
2023-01-04,366.9450988769531,0,0.5543145308900768,1.0,-0.011413202715190085,-0.011413202715190085
2023-01-05,362.757080078125,1,0.5810638019616948,1.0,0.022931945488551042,0.022931945488551042
2023-01-06,371.0758056640625,0,0.5189535977039481,1.0,-0.0005666392420948796,-0.0005666392420948796
2023-01-09,370.86553955078125,1,0.5567466398553838,1.0,0.007012700738167732,0.007012700738167732
2023-01-10,373.46630859375,1,0.5433981972444814,1.0,0.012647837706034615,0.012647837706034615
2023-01-11,378.1898498535156,1,0.5303235697976847,1.0,0.003640662415447915,0.003640662415447915
2023-01-12,379.56671142578125,1,0.5452346745367749,1.0,0.003879593897299749,0.003879593897299749
2023-01-13,381.0392761230469,0,0.5507304271039831,1.0,-0.0018319872143727212,-0.0018319872143727212
2023-01-17,380.3412170410156,0,0.5584607754368713,1.0,-0.015787825439754988,-0.015787825439754988
2023-01-18,374.3364562988281,0,0.5799835076845159,1.0,-0.00728005291263667,-0.00728005291263667
2023-01-19,371.61126708984375,1,0.5674337126431871,1.0,0.018629201151880492,0.018629201151880492
2023-01-20,378.5340881347656,1,0.5180664347570983,1.0,0.011998576243338333,0.011998576243338333
2023-01-23,383.0759582519531,0,0.526763029647255,1.0,-0.0010731613040865229,-0.0010731613040865229
2023-01-24,382.66485595703125,1,0.5519982873624941,1.0,0.00037474593597242034,0.00037474593597242034
2023-01-25,382.8082580566406,1,0.5417876077053345,1.0,0.010990236578673818,0.010990236578673818
2023-01-26,387.0154113769531,1,0.5210296631071324,1.0,0.0022978742396240204,0.0022978742396240204
2023-01-27,387.90472412109375,0,0.5376392720616155,1.0,-0.012546828059340154,-0.012546828059340154
2023-01-30,383.0377502441406,1,0.5645995167532484,1.0,0.014703083270279249,0.014703083270279249
2023-01-31,388.6695861816406,1,0.5202823993313299,1.0,0.010628046254983481,0.010628046254983481
2023-02-01,392.8003845214844,1,0.5231536379303968,1.0,0.01455682390015034,0.01455682390015034
2023-02-02,398.518310546875,0,0.5134729114747014,1.0,-0.010628971697529521,-0.010628971697529521
2023-02-03,394.282470703125,0,0.5606674003907653,1.0,-0.0061114496083855,-0.0061114496083855
2023-02-06,391.8728332519531,1,0.5487092870769857,1.0,0.013078689489489426,0.013078689489489426
2023-02-07,396.9980163574219,0,0.5228515375935896,1.0,-0.010934725802802747,-0.010934725802802747
2023-02-08,392.6569519042969,0,0.5675381382224088,1.0,-0.008669356891414015,-0.008669356891414015
2023-02-09,389.25286865234375,1,0.5711072436784995,1.0,0.0023337445172644244,0.0023337445172644244
2023-02-10,390.1612854003906,1,0.5534862132403493,1.0,0.011739091835972548,0.011739091835972548
2023-02-13,394.7414245605469,0,0.5344872837947159,1.0,-0.0004601509081602062,-0.0004601509081602062
2023-02-14,394.5597839355469,1,0.5585082724145967,1.0,0.0032472898966542374,0.0032472898966542374
2023-02-15,395.8410339355469,0,0.5485489626009059,1.0,-0.013768877902945786,-0.013768877902945786
2023-02-16,390.3907470703125,0,0.5736633998365089,1.0,-0.002498138727568211,-0.002498138727568211
2023-02-17,389.4154968261719,0,0.5542204080873101,1.0,-0.02006094338822695,-0.02006094338822695
2023-02-21,381.60345458984375,0,0.595504019849084,1.0,-0.0013782368452914806,-0.0013782368452914806
2023-02-22,381.0775146484375,1,0.568628696768541,1.0,0.005319389183182643,0.005319389183182643
2023-02-23,383.1046142578125,0,0.5566278482711494,1.0,-0.010682138916317974,-0.010682138916317974
2023-02-24,379.0122375488281,1,0.5826773351463669,1.0,0.0034056195460145933,0.0034056195460145933
2023-02-27,380.3030090332031,0,0.5612158233602724,1.0,-0.003695863725286519,-0.003695863725286519
2023-02-28,378.8974609375,0,0.570050054626458,1.0,-0.0038360264799957022,-0.0038360264799957022
2023-03-01,377.4440002441406,1,0.5675690619672736,1.0,0.007777275140007589,0.007777275140007589
2023-03-02,380.3794860839844,1,0.5512711074340854,1.0,0.016037916364971094,0.016037916364971094
2023-03-03,386.47998046875,1,0.5337014867680329,1.0,0.0006927414780084629,0.0006927414780084629
2023-03-06,386.7477111816406,0,0.5629006662661052,1.0,-0.015328792059369878,-0.015328792059369878
2023-03-07,380.8193359375,1,0.5892208661905004,1.0,0.0016321427380827647,0.0016321427380827647
2023-03-08,381.4408874511719,0,0.5586684759901758,1.0,-0.01844971479843871,-0.01844971479843871
2023-03-09,374.4034118652344,0,0.6007160055105575,1.0,-0.014429449977018338,-0.014429449977018338
2023-03-10,369.0009765625,0,0.5984030265344354,1.0,-0.0014253904254784011,-0.0014253904254784011
2023-03-13,368.4750061035156,1,0.5757120576121325,1.0,0.016530054316691523,0.016530054316691523
2023-03-14,374.56591796875,0,0.5395704374055024,1.0,-0.006254147053034065,-0.006254147053034065
2023-03-15,372.22332763671875,1,0.5815530072517785,1.0,0.01754503192338719,0.01754503192338719
2023-03-16,378.7539978027344,0,0.5254899248962291,1.0,-0.01169252045623037,-0.01169252045623037
2023-03-17,374.3254089355469,1,0.5629269184631994,1.0,0.009615441840974404,0.009615441840974404
2023-03-20,377.9247131347656,1,0.5318528919783282,1.0,0.01313058303335235,0.01313058303335235
2023-03-21,382.8870849609375,0,0.5249577961416076,1.0,-0.017046583079635913,-0.017046583079635913
2023-03-22,376.36016845703125,1,0.5687705973057414,1.0,0.00270332947633789,0.00270332947633789
2023-03-23,377.3775939941406,1,0.5480423353707229,1.0,0.006562154064048142,0.006562154064048142
2023-03-24,379.85400390625,1,0.5370104292350313,1.0,0.0018698397436309744,0.0018698397436309744
2023-03-27,380.56427001953125,0,0.544778551586111,1.0,-0.0022447681817562293,-0.0022447681817562293
2023-03-28,379.7099914550781,1,0.5544112638732595,1.0,0.0145348900290998,0.0145348900290998
2023-03-29,385.2290344238281,1,0.5214671043225285,1.0,0.005855257607331188,0.005855257607331188
2023-03-30,387.4846496582031,1,0.5301311819456592,1.0,0.014094717871337092,0.014094717871337092
2023-03-31,392.9461364746094,1,0.5146883022801453,1.0,0.0038104826950544624,0.0038104826950544624
2023-04-03,394.4434509277344,0,0.527156835874078,1.0,-0.005548109677563584,-0.005548109677563584
2023-04-04,392.2550354003906,0,0.5407607975799836,1.0,-0.0026181372994082963,-0.0026181372994082963
2023-04-05,391.2280578613281,1,0.5433461992057106,1.0,0.0039006967446584273,0.0039006967446584273
2023-04-06,392.7541198730469,1,0.535115212844732,1.0,0.001026514310632054,0.001026514310632054
2023-04-10,393.15728759765625,1,0.5435410873798714,1.0,0.0002684162000432533,0.0002684162000432533
2023-04-11,393.2628173828125,0,0.5465879474620753,1.0,-0.004075991220536035,-0.004075991220536035
2023-04-12,391.6598815917969,1,0.5523339403798263,1.0,0.013282856644400987,0.013282856644400987
2023-04-13,396.86224365234375,0,0.5245016654428499,1.0,-0.0024427150786557883,-0.0024427150786557883
2023-04-14,395.892822265625,1,0.546329010377231,1.0,0.0035881737345806464,0.0035881737345806464
2023-04-17,397.3133544921875,1,0.5387842939533957,1.0,0.0006523460338927478,0.0006523460338927478
2023-04-18,397.5725402832031,0,0.5431665548645072,1.0,-0.00016917854069997684,-0.00016917854069997684
2023-04-19,397.5052795410156,0,0.5435605704551721,1.0,-0.005456854360458729,-0.005456854360458729
2023-04-20,395.3361511230469,1,0.5567844686220583,1.0,0.0007768032035508909,0.0007768032035508909
2023-04-21,395.64324951171875,1,0.5504145636390984,1.0,0.00104323843424603,0.00104323843424603
2023-04-24,396.0559997558594,0,0.5506271197196348,1.0,-0.015873831663721027,-0.015873831663721027
2023-04-25,389.7690734863281,0,0.5771139358460091,1.0,-0.004235609072473112,-0.004235609072473112
2023-04-26,388.1181640625,1,0.5647615857388918,1.0,0.01990791529641478,0.01990791529641478
2023-04-27,395.84478759765625,1,0.5223032331943204,1.0,0.008535397541693301,0.008535397541693301
2023-04-28,399.2234802246094,0,0.5331856287425388,1.0,-0.0010098033482510704,-0.0010098033482510704
2023-05-01,398.8203430175781,0,0.5459106530455352,1.0,-0.01123935373065632,-0.01123935373065632
2023-05-02,394.3378601074219,0,0.5600231278620433,1.0,-0.006863899793703054,-0.006863899793703054
2023-05-03,391.63116455078125,0,0.5568652758856191,1.0,-0.007082927802371519,-0.007082927802371519
2023-05-04,388.8572692871094,1,0.5656673155438634,1.0,0.01851252641347667,0.01851252641347667
2023-05-05,396.0559997558594,1,0.5260735140620179,1.0,0.00026660578397397217,0.00026660578397397217
2023-05-08,396.1615905761719,0,0.5483784680045058,1.0,-0.004385343579051404,-0.004385343579051404
2023-05-09,394.4242858886719,1,0.5532471848950151,1.0,0.004672368243401337,0.004672368243401337
2023-05-10,396.2671813964844,0,0.5381177382776672,1.0,-0.001744028036294254,-0.001744028036294254
2023-05-11,395.5760803222656,0,0.5451477654457416,1.0,-0.0013102676644470845,-0.0013102676644470845
2023-05-12,395.0577697753906,1,0.5513657526255378,1.0,0.0034499132616412354,0.0034499132616412354
2023-05-15,396.4206848144531,0,0.5439826239782662,1.0,-0.006682569775486535,-0.006682569775486535
2023-05-16,393.7715759277344,1,0.5584089488356784,1.0,0.012139091770687394,0.012139091770687394
2023-05-17,398.5516052246094,1,0.5301477845765574,1.0,0.009633040905335122,0.009633040905335122
2023-05-18,402.390869140625,0,0.5278312639260501,1.0,-0.0014550025391444343,-0.0014550025391444343
2023-05-19,401.8053894042969,1,0.5422278695233719,1.0,0.00040588290202325794,0.00040588290202325794
2023-05-22,401.9684753417969,0,0.5410432061237043,1.0,-0.011222618669734619,-0.011222618669734619
2023-05-23,397.45733642578125,0,0.5586381065287035,1.0,-0.007244690945449328,-0.007244690945449328
2023-05-24,394.577880859375,1,0.5615323825113826,1.0,0.008659790210439278,0.008659790210439278
2023-05-25,397.9948425292969,1,0.5405297049569728,1.0,0.012950509124912468,0.012950509124912468
2023-05-26,403.1490783691406,1,0.530183117381461,1.0,0.0003809880238954122,0.0003809880238954122
2023-05-30,403.30267333984375,0,0.5462806209704478,1.0,-0.005545188038641569,-0.005545188038641569
2023-05-31,401.0662841796875,1,0.5532655748306325,1.0,0.009501116256561026,0.009501116256561026
2023-06-01,404.8768615722656,1,0.5286522871587891,1.0,0.014461138742315915,0.014461138742315915
2023-06-02,410.7318420410156,0,0.5175624980211615,1.0,-0.0019162097000630096,-0.0019162097000630096
2023-06-05,409.9447937011719,1,0.5428760612821836,1.0,0.002177461877481246,0.002177461877481246
2023-06-06,410.8374328613281,0,0.5389795311258082,1.0,-0.0034577247118086074,-0.0034577247118086074
2023-06-07,409.4168701171875,1,0.5462519118102546,1.0,0.0060484033270691295,0.0060484033270691295
2023-06-08,411.8931884765625,1,0.5345964403138195,1.0,0.0017944099229778576,0.0017944099229778576
2023-06-09,412.6322937011719,1,0.5432104998087242,1.0,0.009071797596873266,0.009071797596873266
2023-06-12,416.3756103515625,1,0.5293705472460959,1.0,0.006592959906466023,0.006592959906466023
2023-06-13,419.1207580566406,1,0.5300023436225298,1.0,0.0011908620144434057,0.0011908620144434057
2023-06-14,419.619873046875,1,0.5354011140900665,1.0,0.012397651683216271,0.012397651683216271
2023-06-15,424.8221740722656,0,0.517394782507924,1.0,-0.0034062534638480413,-0.0034062534638480413
2023-06-16,423.3751220703125,0,0.5397757705540609,1.0,-0.005188148969131445,-0.005188148969131445
2023-06-20,421.1785888671875,0,0.5473697104923103,1.0,-0.005123837237105855,-0.005123837237105855
2023-06-21,419.0205383300781,1,0.551599849872583,1.0,0.0036097830627004335,0.0036097830627004335
2023-06-22,420.5331115722656,0,0.5397420106353917,1.0,-0.007559998603776541,-0.007559998603776541
2023-06-23,417.3538818359375,0,0.5610345248149738,1.0,-0.0040857417877877555,-0.0040857417877877555
2023-06-26,415.648681640625,1,0.5583242221235233,1.0,0.01096330859907546,0.01096330859907546
2023-06-27,420.20556640625,1,0.5333411743453595,1.0,0.0005044557107349856,0.0005044557107349856
2023-06-28,420.41754150390625,1,0.545676638510929,1.0,0.003941423212513229,0.003941423212513229
2023-06-29,422.0745849609375,1,0.5407507102173187,1.0,0.011800623836813351,0.011800623836813351
2023-06-30,427.0553283691406,1,0.5232979387848584,1.0,0.0011505137043690272,0.0011505137043690272
2023-07-03,427.5466613769531,0,0.5354460925237405,1.0,-0.0014872394413387724,-0.0014872394413387724
2023-07-05,426.9107971191406,0,0.5438866579842938,1.0,-0.007830788347969908,-0.007830788347969908
2023-07-06,423.5677490234375,0,0.555363023835307,1.0,-0.0025246644900221993,-0.0025246644900221993
2023-07-07,422.4983825683594,1,0.551425920004561,1.0,0.00253105455357594,0.00253105455357594
2023-07-10,423.5677490234375,1,0.5476190635181467,1.0,0.006368687906481707,0.006368687906481707
2023-07-11,426.26531982421875,1,0.540476452274886,1.0,0.008046041691992745,0.008046041691992745
2023-07-12,429.695068359375,1,0.5341224683628577,1.0,0.007936792022413153,0.007936792022413153
2023-07-13,433.10546875,0,0.5287396912979141,1.0,-0.0006226747463359272,-0.0006226747463359272
2023-07-14,432.8357849121094,1,0.5394944977142351,1.0,0.0034720746000027614,0.0034720746000027614
2023-07-17,434.338623046875,1,0.5338553070899247,1.0,0.007430506489133792,0.007430506489133792
2023-07-18,437.56597900390625,1,0.5282688821325612,1.0,0.0022238554704570035,0.0022238554704570035
2023-07-19,438.5390625,0,0.5363513995385776,1.0,-0.006634494192364615,-0.006634494192364615
2023-07-20,435.62957763671875,0,0.5528453908574268,1.0,0.0,0.0
2023-07-21,435.62957763671875,1,0.5452642581102048,1.0,0.004467131031033134,0.004467131031033134
2023-07-24,437.5755920410156,1,0.538948518573083,1.0,0.0027302062834149154,0.0027302062834149154
2023-07-25,438.770263671875,1,0.5428414440799056,1.0,0.00015371107214923185,0.00015371107214923185
2023-07-26,438.83770751953125,0,0.5472447661448732,1.0,-0.006630048719616699,-0.006630048719616699
2023-07-27,435.9281921386719,1,0.5575455804571752,1.0,0.009790545623068914,0.009790545623068914
2023-07-28,440.1961669921875,1,0.53259959832803,1.0,0.0019040721979253217,0.0019040721979253217
2023-07-31,441.0343322753906,0,0.5430542755446945,1.0,-0.0028616478776746224,-0.0028616478776746224
2023-08-01,439.7722473144531,0,0.552226653940293,1.0,-0.013911009206717062,-0.013911009206717062
2023-08-02,433.6545715332031,0,0.5710358445429146,1.0,-0.0028657297719991703,-0.0028657297719991703
2023-08-03,432.4118347167969,0,0.5574740526772854,1.0,-0.004522745030425379,-0.004522745030425379
2023-08-04,430.4561462402344,1,0.5647835660766306,1.0,0.008728491157189211,0.008728491157189211
2023-08-07,434.21337890625,0,0.5449537558658485,1.0,-0.004348726313410212,-0.004348726313410212
2023-08-08,432.3251037597656,0,0.562426731239768,1.0,-0.006685100387684106,-0.006685100387684106
2023-08-09,429.4349670410156,1,0.5649751404890717,1.0,0.0003589467531521784,0.0003589467531521784
2023-08-10,429.589111328125,0,0.5562574713185289,1.0,-0.000583230137355284,-0.000583230137355284
2023-08-11,429.33856201171875,1,0.5573434917483207,1.0,0.005520107735216273,0.005520107735216273
2023-08-14,431.70855712890625,0,0.5495405832086566,1.0,-0.011648972665925128,-0.011648972665925128
2023-08-15,426.6795959472656,0,0.5742644140361586,1.0,-0.007338158445373,-0.007338158445373
2023-08-16,423.5485534667969,0,0.5712345757031903,1.0,-0.007619801627499201,-0.007619801627499201
2023-08-17,420.3211975097656,1,0.5752288486009386,1.0,0.00048122842485898154,0.00048122842485898154
2023-08-18,420.5234680175781,1,0.5652003959573796,1.0,0.006506231298140985,0.006506231298140985
2023-08-21,423.2594909667969,0,0.555916838054104,1.0,-0.0027084869843014836,-0.0027084869843014836
2023-08-22,422.11309814453125,1,0.5657272695139078,1.0,0.011137738958380217,0.011137738958380217
2023-08-23,426.8144836425781,0,0.5407309657456841,1.0,-0.01385900056035183,-0.01385900056035183
2023-08-24,420.8992614746094,1,0.5749251343820262,1.0,0.00704965267251878,0.00704965267251878
2023-08-25,423.866455078125,1,0.5459217217606993,1.0,0.006341520380933385,0.006341520380933385
2023-08-28,426.5544128417969,1,0.5459996328968513,1.0,0.014454829908562727,0.014454829908562727
2023-08-29,432.7201843261719,1,0.5270293891711535,1.0,0.004118728787411374,0.004118728787411374
2023-08-30,434.50244140625,0,0.5407495878021251,1.0,-0.001463360569796901,-0.001463360569796901
2023-08-31,433.8666076660156,1,0.5455399185567377,1.0,0.0018651691668412074,0.0018651691668412074
2023-09-01,434.67584228515625,0,0.5426141814393222,1.0,-0.0043219841698554085,-0.0043219841698554085
2023-09-05,432.79718017578125,0,0.5541348436245842,1.0,-0.006722442933942974,-0.006722442933942974
2023-09-06,429.8877258300781,0,0.5645580258523719,1.0,-0.003070302254751911,-0.003070302254751911
2023-09-07,428.5678405761719,1,0.5627391174633817,1.0,0.0015061975057022448,0.0015061975057022448
2023-09-08,429.2133483886719,1,0.5563135146587423,1.0,0.006576646403065656,0.006576646403065656
2023-09-11,432.0361328125,0,0.5473169218717212,1.0,-0.0054855703484364415,-0.0054855703484364415
2023-09-12,429.6661682128906,1,0.5633543404001091,1.0,0.0011658959489537768,0.0011658959489537768
2023-09-13,430.1671142578125,1,0.5531639598570359,1.0,0.00862247792166082,0.00862247792166082
2023-09-14,433.876220703125,0,0.5394451823866007,1.0,-0.012048386833577451,-0.012048386833577451
2023-09-15,428.6487121582031,1,0.570283458689788,1.0,0.000586503123567006,0.000586503123567006
2023-09-18,428.9001159667969,0,0.5567768009064499,1.0,-0.0020738997647606894,-0.0020738997647606894
2023-09-19,428.0106201171875,0,0.5595489273955245,1.0,-0.009193406199135667,-0.009193406199135667
2023-09-20,424.07574462890625,0,0.5725684562393489,1.0,-0.01652836181395745,-0.01652836181395745
2023-09-21,417.06646728515625,0,0.5896797528270777,1.0,-0.002248501694004479,-0.002248501694004479
2023-09-22,416.1286926269531,1,0.5711879306865377,1.0,0.004205136441423507,0.004205136441423507
2023-09-25,417.8785705566406,0,0.562134794669507,1.0,-0.014691180814785931,-0.014691180814785931
2023-09-26,411.73944091796875,1,0.5903140176946788,1.0,0.0003990548980652431,0.0003990548980652431
2023-09-27,411.90374755859375,1,0.5697893955531705,1.0,0.005797472109528634,0.005797472109528634
2023-09-28,414.291748046875,0,0.5573964939237456,1.0,-0.0024269434552449676,-0.0024269434552449676
2023-09-29,413.2862854003906,0,0.5680451170582935,1.0,-0.00039763515995672183,-0.00039763515995672183
2023-10-02,413.1219482421875,0,0.5666291163196685,1.0,-0.01338609666119528,-0.01338609666119528
2023-10-03,407.59185791015625,1,0.5838524972555452,1.0,0.007282061879444246,0.007282061879444246
2023-10-04,410.5599670410156,0,0.5546379863616714,1.0,-0.00037693552975270883,-0.00037693552975270883
2023-10-05,410.40521240234375,1,0.5654303370167257,1.0,0.01187285277284822,0.01187285277284822
2023-10-06,415.27789306640625,1,0.5429441244419487,1.0,0.0064024187258127085,0.0064024187258127085
2023-10-09,417.9366760253906,1,0.5460001501877431,1.0,0.00520469262061507,0.00520469262061507
2023-10-10,420.1119079589844,1,0.5412534512276281,1.0,0.0040962567303299835,0.0040962567303299835
2023-10-11,421.8327941894531,0,0.5423449043151035,1.0,-0.006096313020898969,-0.006096313020898969
2023-10-12,419.26116943359375,0,0.5574399772269779,1.0,-0.00498102028263947,-0.00498102028263947
2023-10-13,417.1728210449219,1,0.5620990943948618,1.0,0.010521496140540432,0.010521496140540432
2023-10-16,421.5621032714844,0,0.5394807832839212,1.0,-4.5968700599474666e-05,-4.5968700599474666e-05
2023-10-17,421.542724609375,0,0.5537336516819938,1.0,-0.013324948063839659,-0.013324948063839659
2023-10-18,415.9256896972656,0,0.5763098696772507,1.0,-0.008786377160614145,-0.008786377160614145
2023-10-19,412.2712097167969,0,0.5731350876921637,1.0,-0.012288198732384625,-0.012288198732384625
2023-10-20,407.20513916015625,0,0.582008996238835,1.0,-0.0017332296708054695,-0.0017332296708054695
2023-10-23,406.4993591308594,1,0.5725168165022239,1.0,0.007539392699988712,0.007539392699988712
2023-10-24,409.5641174316406,0,0.5573564447178208,1.0,-0.014352193125238721,-0.014352193125238721
2023-10-25,403.68597412109375,0,0.5867465486851279,1.0,-0.011974464434559962,-0.011974464434559962
2023-10-26,398.85205078125,0,0.5863148463540147,1.0,-0.004532814510393002,-0.004532814510393002
2023-10-27,397.04412841796875,1,0.5763839180962033,1.0,0.011955873258366223,0.011955873258366223
2023-10-30,401.7911376953125,1,0.5492356285787532,1.0,0.0062802429185959685,0.0062802429185959685
2023-10-31,404.3144836425781,1,0.5547605414887894,1.0,0.01066469251754354,0.01066469251754354
2023-11-01,408.6263732910156,1,0.5404471149473122,1.0,0.01916441452862605,0.01916441452862605
2023-11-02,416.45745849609375,1,0.5158932020977551,1.0,0.009123379673495302,0.009123379673495302
2023-11-03,420.2569580078125,1,0.5221569636245812,1.0,0.002300417254254894,0.002300417254254894
2023-11-06,421.2237243652344,1,0.5334218927921862,1.0,0.0028459733736811987,0.0028459733736811987
2023-11-07,422.4225158691406,1,0.5332559278929527,1.0,0.000732411733296745,0.000732411733296745
2023-11-08,422.7319030761719,0,0.5385119588036356,1.0,-0.007798612756973133,-0.007798612756973133
2023-11-09,419.4351806640625,1,0.5576339227472044,1.0,0.015604713951897109,0.015604713951897109
2023-11-10,425.9803466796875,0,0.5227902012883232,1.0,-0.0009531810096826687,-0.0009531810096826687
2023-11-13,425.5743103027344,1,0.5442396942723955,1.0,0.019400699264744414,0.019400699264744414
2023-11-14,433.83074951171875,1,0.5094922743543817,1.0,0.002117015713398729,0.002117015713398729
2023-11-15,434.7491760253906,1,0.5300130191324723,1.0,0.001223232488369863,0.001223232488369863
2023-11-16,435.2809753417969,1,0.5292468334444682,1.0,0.0012437525796122895,0.0012437525796122895
2023-11-17,435.8223571777344,1,0.5334127247126776,1.0,0.0076976256679579524,0.0076976256679579524
2023-11-20,439.1771545410156,0,0.5223188598005056,1.0,-0.0021793547156037096,-0.0021793547156037096
2023-11-21,438.22003173828125,1,0.5408714188230519,1.0,0.0038607637513985438,0.0038607637513985438
2023-11-22,439.9118957519531,1,0.5323716923113903,1.0,0.0006153298435043197,0.0006153298435043197
2023-11-24,440.1825866699219,0,0.5379380181659762,1.0,-0.0018008301913844393,-0.0018008301913844393
2023-11-27,439.389892578125,1,0.5434172641320077,1.0,0.000990003561623487,0.000990003561623487
2023-11-28,439.82489013671875,0,0.5420638882594546,1.0,-0.0007034326932591206,-0.0007034326932591206
2023-11-29,439.5155029296875,1,0.5443255589446471,1.0,0.003937427215192413,0.003937427215192413
2023-11-30,441.2460632324219,1,0.5379959247744275,1.0,0.005916002011515431,0.005916002011515431
2023-12-01,443.8564758300781,0,0.5334550023461647,1.0,-0.005249414392136997,-0.005249414392136997
2023-12-04,441.5264892578125,0,0.5509382983585619,1.0,-0.00019719462480494165,-0.00019719462480494165
2023-12-05,441.4394226074219,0,0.5457115552783288,1.0,-0.004029840954292263,-0.004029840954292263
2023-12-06,439.6604919433594,1,0.5522268239483834,1.0,0.007630427169956988,0.007630427169956988
2023-12-07,443.0152893066406,1,0.5353794164908853,1.0,0.0042992479364318825,0.0042992479364318825
2023-12-08,444.919921875,1,0.5392470570845848,1.0,0.003889530902242866,0.003889530902242866
2023-12-11,446.65045166015625,1,0.5374456432212876,1.0,0.00456728078917501,0.00456728078917501
2023-12-12,448.6904296875,1,0.5361210495636969,1.0,0.013790199451964247,0.013790199451964247
2023-12-13,454.8779602050781,1,0.516337212584782,1.0,0.003209297866463734,0.003209297866463734
2023-12-14,456.3377990722656,0,0.5330095163262533,1.0,-0.0016465287174175502,-0.0016465287174175502
2023-12-15,455.58642578125,1,0.5413148383003856,1.0,0.005625087750699143,0.005625087750699143
2023-12-18,458.1491394042969,1,0.5309691058388187,1.0,0.006080946104650042,0.006080946104650042
2023-12-19,460.93511962890625,0,0.5289409156878934,1.0,-0.013857394125843636,-0.013857394125843636
2023-12-20,454.5477600097656,1,0.5624935858680561,1.0,0.00948187939793832,0.00948187939793832
2023-12-21,458.85772705078125,1,0.5301308212378075,1.0,0.002009796586159185,0.002009796586159185
2023-12-22,459.7799377441406,1,0.5383483515803081,1.0,0.004222468382429456,0.004222468382429456
2023-12-26,461.7213439941406,1,0.5354840710526071,1.0,0.001808101093975223,0.001808101093975223
2023-12-27,462.5561828613281,1,0.5397074301638732,1.0,0.00037771224607752174,0.00037771224607752174
2023-12-28,462.73089599609375,0,0.5379078223382339,1.0,-0.00289492035951755,-0.00289492035951755
2023-12-29,461.3913269042969,0,0.5462300564010316,1.0,-0.005596449629076128,-0.005596449629076128
2024-01-02,458.8091735839844,0,0.5529300408231149,1.0,-0.008166614663216887,-0.008166614663216887
2024-01-03,455.062255859375,0,0.5611701291554749,1.0,-0.003221075305737564,-0.003221075305737564
2024-01-04,453.5964660644531,1,0.5577264500932486,1.0,0.0013696013623756276,0.0013696013623756276
2024-01-05,454.21771240234375,1,0.5520036841424499,1.0,0.014275985591319929,0.014275985591319929
2024-01-08,460.7021179199219,0,0.5281355009260456,1.0,-0.0015170617781710138,-0.0015170617781710138
2024-01-09,460.0032043457031,1,0.5475865954562458,1.0,0.0056553985717209265,0.0056553985717209265
2024-01-10,462.6047058105469,0,0.5344036738394061,1.0,-0.000440541101633829,-0.000440541101633829
2024-01-11,462.4009094238281,1,0.5418576993167821,1.0,0.0006925839857079286,0.0006925839857079286
2024-01-12,462.7211608886719,0,0.5411619791975921,1.0,-0.0036711752397221575,-0.0036711752397221575
2024-01-16,461.0224304199219,0,0.5537552930084272,1.0,-0.005558695057710117,-0.005558695057710117
2024-01-17,458.4597473144531,1,0.5585885346496561,1.0,0.008892810925040795,0.008892810925040795
2024-01-18,462.5367431640625,1,0.5380062615083258,1.0,0.012466215601009356,0.012466215601009356
2024-01-19,468.3028259277344,1,0.5271389736459927,1.0,0.0021143216898256156,0.0021143216898256156
2024-01-22,469.29296875,1,0.5396875807426094,1.0,0.00291641348770999,0.00291641348770999
2024-01-23,470.66162109375,1,0.5381342333060074,1.0,0.0010931980516954987,0.0010931980516954987
2024-01-24,471.1761474609375,1,0.5393882878415915,1.0,0.005438841931409755,0.005438841931409755
2024-01-25,473.7388000488281,0,0.5341166475684141,1.0,-0.0012702698680894242,-0.0012702698680894242
2024-01-26,473.13702392578125,1,0.546867449004352,1.0,0.007919307801194542,0.007919307801194542
2024-01-29,476.8839416503906,0,0.5323355294035306,1.0,-0.0007734281174205382,-0.0007734281174205382
2024-01-30,476.5151062011719,0,0.5445588096223261,1.0,-0.016317324590489846,-0.016317324590489846
2024-01-31,468.7396545410156,1,0.5701514000458495,1.0,0.013088179485211349,0.013088179485211349
2024-02-01,474.8746032714844,1,0.5290081669667134,1.0,0.010527424521186157,0.010527424521186157
2024-02-02,479.8738098144531,0,0.5271196107984687,1.0,-0.0036413864856159606,-0.0036413864856159606
2024-02-05,478.12640380859375,1,0.5487677819179412,1.0,0.00290350965319619,0.00290350965319619
2024-02-06,479.5146484375,1,0.539498474637479,1.0,0.008340367966469975,0.008340367966469975
2024-02-07,483.51397705078125,1,0.5253958402638703,1.0,0.0004417504755491741,0.0004417504755491741
2024-02-08,483.7275695800781,1,0.5389410615669025,1.0,0.0057793983074023725,0.0057793983074023725
2024-02-09,486.5232238769531,0,0.5328509253353833,1.0,-0.00043901815743718764,-0.00043901815743718764
2024-02-12,486.30963134765625,0,0.5401519532536829,1.0,-0.013773051359759259,-0.013773051359759259
2024-02-13,479.6116638183594,1,0.5628973255026253,1.0,0.009087603235319097,0.009087603235319097
2024-02-14,483.9701843261719,1,0.532927392896025,1.0,0.0068998567666336275,0.0068998567666336275
2024-02-15,487.30950927734375,0,0.5329774487693828,1.0,-0.0049800358939333655,-0.0049800358939333655
2024-02-16,484.8826904296875,0,0.5519490116314008,1.0,-0.0055053813304049015,-0.0055053813304049015
2024-02-20,482.2132263183594,1,0.5560314806951613,1.0,0.0009058194007618425,0.0009058194007618425
2024-02-21,482.6500244140625,1,0.5444359991291989,1.0,0.020695425164566572,0.020695425164566572
2024-02-22,492.638671875,1,0.5108297117207942,1.0,0.0006896579920787627,0.0006896579920787627
2024-02-23,492.9784240722656,0,0.537450748028898,1.0,-0.0036624553660885573,-0.0036624553660885573
2024-02-26,491.17291259765625,1,0.543608617151479,1.0,0.0018576860509953441,0.0018576860509953441
2024-02-27,492.0853576660156,0,0.5347774188551602,1.0,-0.0013216408439921112,-0.0013216408439921112
2024-02-28,491.43499755859375,1,0.5401524895390191,1.0,0.003595030149642131,0.003595030149642131
2024-02-29,493.20172119140625,1,0.5382144313183677,1.0,0.009388206370875007,0.009388206370875007
2024-03-01,497.8320007324219,0,0.5284531045529097,1.0,-0.001072337642729293,-0.001072337642729293
2024-03-04,497.29815673828125,0,0.5419210727145661,1.0,-0.009994191022214438,-0.009994191022214438
2024-03-05,492.32806396484375,1,0.5583683139085354,1.0,0.0050672532385653835,0.0050672532385653835
2024-03-06,494.82281494140625,1,0.5374524424479137,1.0,0.009926328239780569,0.009926328239780569
2024-03-07,499.7345886230469,0,0.5275532774474759,1.0,-0.006002026344184341,-0.006002026344184341
2024-03-08,496.73516845703125,0,0.5529192845668618,1.0,-0.0008599240966619126,-0.0008599240966619126
2024-03-11,496.3080139160156,1,0.5470465738317584,1.0,0.010757349449404208,0.010757349449404208
2024-03-12,501.64697265625,0,0.5247762257302984,1.0,-0.0015674686798270443,-0.0015674686798270443
2024-03-13,500.86065673828125,0,0.5424105158623127,1.0,-0.001976821879233537,-0.001976821879233537
2024-03-14,499.87054443359375,0,0.5480831945246736,1.0,-0.00686664601516096,-0.00686664601516096
2024-03-15,496.4381103515625,1,0.5561892433984471,1.0,0.005943094126837689,0.005943094126837689
2024-03-18,499.38848876953125,1,0.540579701785112,1.0,0.005557333853500657,0.005557333853500657
2024-03-19,502.16375732421875,1,0.5418210631205655,1.0,0.009249219472714065,0.009249219472714065
2024-03-20,506.8083801269531,1,0.5337630745596678,1.0,0.003304611275528835,0.003304611275528835
2024-03-21,508.4831848144531,0,0.5383585727470391,1.0,-0.0018958134439868157,-0.0018958134439868157
2024-03-22,507.5191955566406,0,0.5452203870161647,1.0,-0.002762773618825154,-0.002762773618825154
2024-03-25,506.1170349121094,0,0.5492178017936316,1.0,-0.0018469718880519403,-0.0018469718880519403
2024-03-26,505.1822509765625,1,0.5510455919834075,1.0,0.008403804513425595,0.008403804513425595
2024-03-27,509.4277038574219,0,0.5389663546675157,1.0,-0.0001911588063615577,-0.0001911588063615577
2024-03-28,509.330322265625,0,0.549374962590577,1.0,-0.0017398118220683934,-0.0017398118220683934
2024-04-01,508.4441833496094,0,0.551598899775011,1.0,-0.006358016551406442,-0.006358016551406442
2024-04-02,505.21148681640625,1,0.5589129976116132,1.0,0.0010985957521607581,0.0010985957521607581
2024-04-03,505.7665100097656,0,0.5505010635835683,1.0,-0.012206150055177223,-0.012206150055177223
2024-04-04,499.5930480957031,1,0.5719018980048953,1.0,0.010446857229074125,0.010446857229074125
2024-04-05,504.8122253417969,1,0.543416944650504,1.0,0.0005593746272674061,0.0005593746272674061
2024-04-08,505.0946044921875,1,0.5537715884330954,1.0,0.0011565506249191504,0.0011565506249191504
2024-04-09,505.67877197265625,0,0.5515855010732892,1.0,-0.010012865355765843,-0.010012865355765843
2024-04-10,500.615478515625,1,0.5674462093323044,1.0,0.007546862480315886,0.007546862480315886
2024-04-11,504.3935546875,0,0.5431242175189888,1.0,-0.013803027692212422,-0.013803027692212422
2024-04-12,497.431396484375,0,0.5732876077491853,1.0,-0.012528227284796523,-0.012528227284796523
2024-04-15,491.199462890625,0,0.5769603197037234,1.0,-0.0018237876332101166,-0.0018237876332101166
2024-04-16,490.3036193847656,0,0.567324767955492,1.0,-0.005918300011035549,-0.005918300011035549
2024-04-17,487.40185546875,0,0.5717653032469844,1.0,-0.002057580702845785,-0.002057580702845785
2024-04-18,486.39898681640625,0,0.5708230639228135,1.0,-0.008728522362642654,-0.008728522362642654
2024-04-19,482.1534423828125,1,0.5784106510878968,1.0,0.009209198134285668,0.009209198134285668
2024-04-22,486.59368896484375,1,0.5520715903279879,1.0,0.01186670029957293,0.01186670029957293
2024-04-23,492.3679504394531,0,0.5426014898098455,1.0,-0.0004747143485898109,-0.0004747143485898109
2024-04-24,492.13421630859375,0,0.5542160007465169,1.0,-0.003798898367841641,-0.003798898367841641
2024-04-25,490.2646484375,1,0.5589035465347395,1.0,0.009473954297642972,0.009473954297642972
2024-04-26,494.9093933105469,1,0.538391920125214,1.0,0.0035414887818734364,0.0035414887818734364
2024-04-29,496.662109375,0,0.5453935245919782,1.0,-0.015841226193612834,-0.015841226193612834
2024-04-30,488.79437255859375,0,0.5747338349454749,1.0,-0.003247212585474224,-0.003247212585474224
2024-05-01,487.2071533203125,1,0.5631893879028251,1.0,0.00935338761440474,0.00935338761440474
2024-05-02,491.7641906738281,1,0.5444889516276132,1.0,0.012395395370112805,0.012395395370112805
2024-05-03,497.85980224609375,1,0.5381682977815464,1.0,0.010326734245154512,0.010326734245154512
2024-05-06,503.0010681152344,1,0.536625490222659,1.0,0.0011034841596206935,0.0011034841596206935
2024-05-07,503.5561218261719,1,0.5416207099440017,1.0,9.678478754038267e-05,9.678478754038267e-05
2024-05-08,503.6048583984375,1,0.5418470151152266,1.0,0.00576174315500233,0.00576174315500233
2024-05-09,506.5065002441406,1,0.5363044567135388,1.0,0.0012881687006938147,0.0012881687006938147
2024-05-10,507.1589660644531,1,0.5439823448260054,1.0,0.00013430746360176826,0.00013430746360176826
2024-05-13,507.2270812988281,1,0.5490428247550463,1.0,0.0045881619417385,0.0045881619417385
2024-05-14,509.5543212890625,1,0.5437694949771513,1.0,0.012382886680278649,0.012382886680278649
2024-05-15,515.8640747070312,0,0.5296711611896298,1.0,-0.002057521388343031,-0.002057521388343031
2024-05-16,514.8026733398438,1,0.5477542099401665,1.0,0.0014376621237919274,0.0014376621237919274
2024-05-17,515.5427856445312,1,0.5440427371182547,1.0,0.0011521723456615618,0.0011521723456615618
2024-05-20,516.1367797851562,1,0.5448456848422186,1.0,0.0024525846446206145,0.0024525846446206145
2024-05-21,517.4026489257812,0,0.5438967773111245,1.0,-0.0028795139861687025,-0.0028795139861687025
2024-05-22,515.9127807617188,0,0.5543718044606193,1.0,-0.007304043730328114,-0.007304043730328114
2024-05-23,512.14453125,1,0.5613384107044431,1.0,0.006616393611422522,0.006616393611422522
2024-05-24,515.5330810546875,1,0.5444760818738527,1.0,0.000698751458297453,0.000698751458297453
2024-05-28,515.893310546875,0,0.5510359955787287,1.0,-0.007002629786867498,-0.007002629786867498
2024-05-29,512.2807006835938,0,0.5624706193130208,1.0,-0.006633578797711093,-0.006633578797711093
2024-05-30,508.8824462890625,1,0.5659961412386285,1.0,0.009108093164282405,0.009108093164282405
2024-05-31,513.5173950195312,1,0.5436095554022494,1.0,0.0008152404198553675,0.0008152404198553675
2024-06-03,513.93603515625,1,0.5539139834694424,1.0,0.001118008704648954,0.001118008704648954
2024-06-04,514.5106201171875,1,0.5540587630216037,1.0,0.011885061250984874,0.011885061250984874
2024-06-05,520.6256103515625,0,0.5353928342916892,1.0,-1.852301249838373e-05,-1.852301249838373e-05
2024-06-06,520.615966796875,0,0.5461927547508614,1.0,-0.0012158589936518416,-0.0012158589936518416
2024-06-07,519.9829711914062,1,0.5504406905833635,1.0,0.00308977121748355,0.00308977121748355
2024-06-10,521.589599609375,1,0.5449214948288433,1.0,0.002408338954078104,0.002408338954078104
2024-06-11,522.8457641601562,1,0.5449226762979409,1.0,0.008212875913243822,0.008212875913243822
2024-06-12,527.1398315429688,1,0.5380709879667535,1.0,0.0020137416563510424,0.0020137416563510424
2024-06-13,528.2013549804688,1,0.5438334181636554,1.0,0.0006085011516572258,0.0006085011516572258
2024-06-14,528.5227661132812,1,0.5457719999951898,1.0,0.00795882631389988,0.00795882631389988
2024-06-17,532.7291870117188,1,0.5352085468325193,1.0,0.0025404907177681846,0.0025404907177681846
2024-06-18,534.0825805664062,0,0.5405652535372487,1.0,-0.0027163301738238887,-0.0027163301738238887
2024-06-20,532.6318359375,0,0.5495453034019964,1.0,-0.001340607610718414,-0.001340607610718414
2024-06-21,531.9177856445312,0,0.5494371801362441,1.0,-0.0032507391616305448,-0.0032507391616305448
2024-06-24,530.1886596679688,1,0.5532795646888672,1.0,0.0038508688831582205,0.0038508688831582205
2024-06-25,532.2303466796875,1,0.5470968172753448,1.0,0.001248041585025339,0.001248041585025339
2024-06-26,532.8945922851562,1,0.5503900310753795,1.0,0.0015763471193552814,0.0015763471193552814
2024-06-27,533.734619140625,0,0.5489711536956385,1.0,-0.003934951287109856,-0.003934951287109856
2024-06-28,531.6343994140625,1,0.5569472094587883,1.0,0.0020581385390028295,0.0020581385390028295
2024-07-01,532.7285766601562,1,0.5500326334538094,1.0,0.006729546958287536,0.006729546958287536
2024-07-02,536.3135986328125,1,0.5437293006106082,1.0,0.004462520721040919,0.004462520721040919
2024-07-03,538.7069091796875,1,0.5447518397706587,1.0,0.005766711601198793,0.005766711601198793
2024-07-05,541.8134765625,1,0.541430804559483,1.0,0.0011537588069578941,0.0011537588069578941
2024-07-08,542.4385986328125,1,0.5460049482030678,1.0,0.0009725098044246483,0.0009725098044246483
2024-07-09,542.9661254882812,1,0.546742655504546,1.0,0.009895394053725859,0.009895394053725859
2024-07-10,548.3389892578125,0,0.5345121697565718,1.0,-0.00862278725723753,-0.00862278725723753
2024-07-11,543.6107788085938,1,0.5582067194376322,1.0,0.006307627031391316,0.006307627031391316
2024-07-12,547.0396728515625,1,0.5415256519280018,1.0,0.0027501763419899294,0.0027501763419899294
2024-07-15,548.5441284179688,1,0.5450549389497246,1.0,0.005930114860369873,0.005930114860369873
2024-07-16,551.7970581054688,0,0.5395613013664702,1.0,-0.014021126594645938,-0.014021126594645938
2024-07-17,544.0602416992188,0,0.5677061953141259,1.0,-0.00768475421990622,-0.00768475421990622
2024-07-18,539.8792724609375,0,0.5624205523676182,1.0,-0.006640866386550592,-0.006640866386550592
2024-07-19,536.2940063476562,1,0.5658268662867135,1.0,0.01030996941834772,0.01030996941834772
2024-07-22,541.8231811523438,0,0.5440314562069508,1.0,-0.0015682818212120475,-0.0015682818212120475
2024-07-23,540.9734497070312,0,0.5588946856756513,1.0,-0.02266264213512137,-0.02266264213512137
2024-07-24,528.7135620117188,0,0.5844850772066567,1.0,-0.0052104238954299165,-0.0052104238954299165
2024-07-25,525.958740234375,1,0.5669446154816646,1.0,0.01119966931668226,0.01119966931668226
2024-07-26,531.8493041992188,1,0.5427525568595923,1.0,0.0005878019729350648,0.0005878019729350648
2024-07-29,532.1619262695312,0,0.5563133668059129,1.0,-0.00506655567459402,-0.00506655567459402
2024-07-30,529.4656982421875,1,0.5641189828502886,1.0,0.016254617127424487,0.016254617127424487
2024-07-31,538.0719604492188,0,0.5276319810025221,1.0,-0.014160871465467961,-0.014160871465467961
2024-08-01,530.452392578125,0,0.5638837899999574,1.0,-0.018618371424376612,-0.018618371424376612
2024-08-02,520.5762329101562,0,0.5784682827409701,1.0,-0.029123751439333545,-0.029123751439333545
2024-08-05,505.41510009765625,1,0.5994020215150196,1.0,0.00921954742829767,0.00921954742829767
2024-08-06,510.0747985839844,0,0.5543850697546321,1.0,-0.006683865287402613,-0.006683865287402613
2024-08-07,506.66552734375,1,0.5775976580463326,1.0,0.023117358341099292,0.023117358341099292
2024-08-08,518.3782958984375,1,0.5315001655691456,1.0,0.004409574349089951,0.004409574349089951
2024-08-09,520.6641235351562,1,0.5444086648313193,1.0,0.0005252878444923503,0.0005252878444923503
2024-08-12,520.9376220703125,1,0.5406712751551573,1.0,0.016445613272904724,0.016445613272904724
2024-08-13,529.5047607421875,1,0.5180790182055184,1.0,0.0031547803065354874,0.0031547803065354874
2024-08-14,531.1752319335938,1,0.5289588979330202,1.0,0.017140165062293322,0.017140165062293322
2024-08-15,540.2796630859375,1,0.512396104011612,1.0,0.002242106873271421,0.002242106873271421
2024-08-16,541.4910278320312,1,0.5285959303251823,1.0,0.00956143118372177,0.00956143118372177
2024-08-19,546.66845703125,0,0.5167517502512144,1.0,-0.0016260605567995912,-0.0016260605567995912
2024-08-20,545.779541015625,1,0.5340914214729349,1.0,0.003436571382049669,0.003436571382049669
2024-08-21,547.6551513671875,0,0.5282296432884535,1.0,-0.00784851342649362,-0.00784851342649362
2024-08-22,543.3568725585938,1,0.5499919661174787,1.0,0.010625273593212858,0.010625273593212858
2024-08-23,549.1301879882812,0,0.5265068181208046,1.0,-0.00238369696215901,-0.00238369696215901
2024-08-26,547.8212280273438,1,0.5440391586434299,1.0,0.0013729592647899747,0.0013729592647899747
2024-08-27,548.5733642578125,0,0.539206843405911,1.0,-0.005805074553067668,-0.005805074553067668
2024-08-28,545.3888549804688,1,0.5503394397988395,1.0,8.941710010823556e-05,8.941710010823556e-05
2024-08-29,545.4376220703125,1,0.5428199386206508,1.0,0.009546072545585815,0.009546072545585815
2024-08-30,550.6444091796875,0,0.532166393784347,1.0,-0.020579026837119763,-0.020579026837119763
2024-09-03,539.3126831054688,0,0.5721698765008576,1.0,-0.0020469440190744592,-0.0020469440190744592
2024-09-04,538.208740234375,0,0.5581259715185243,1.0,-0.0024320674546598475,-0.0024320674546598475
2024-09-05,536.8997802734375,0,0.5581525156994853,1.0,-0.016830090287505373,-0.016830090287505373
2024-09-06,527.8637084960938,1,0.5793319061028187,1.0,0.011195905333618361,0.011195905333618361
2024-09-09,533.7736206054688,1,0.5491645128170628,1.0,0.0043559163518611665,0.0043559163518611665
2024-09-10,536.0986938476562,1,0.5490808186316404,1.0,0.010258963429025103,0.010258963429025103
2024-09-11,541.5985107421875,1,0.5375320764025698,1.0,0.00842312265102474,0.00842312265102474
2024-09-12,546.1604614257812,1,0.5356955366466855,1.0,0.005222895584666265,0.005222895584666265
2024-09-13,549.0130004882812,1,0.5320964695874364,1.0,0.0014769268670506985,0.0014769268670506985
2024-09-16,549.8238525390625,1,0.5394511503011831,1.0,0.0004085115150294083,0.0004085115150294083
2024-09-17,550.0484619140625,0,0.5415953059773103,1.0,-0.0029659362844671744,-0.0029659362844671744
2024-09-18,548.4170532226562,1,0.5495053379975919,1.0,0.017064605217542272,0.017064605217542272
2024-09-19,557.7755737304688,0,0.5217783714173683,1.0,-0.001728712126973564,-0.001728712126973564
2024-09-20,556.8113403320312,1,0.5437515497718582,1.0,0.0024989046670664816,0.0024989046670664816
2024-09-23,558.2027587890625,1,0.5390604183664354,1.0,0.0028613778394273037,0.0028613778394273037
2024-09-24,559.7999877929688,0,0.537888436598276,1.0,-0.002205682811472598,-0.002205682811472598
2024-09-25,558.5652465820312,1,0.5434986107470151,1.0,0.003964690943036642,0.003964690943036642
2024-09-26,560.77978515625,0,0.5397548735974201,1.0,-0.0014502902539623719,-0.0014502902539623719
2024-09-27,559.9664916992188,1,0.5460243721138988,1.0,0.004007306781378839,0.004007306781378839
2024-09-30,562.21044921875,0,0.5393039672317769,1.0,-0.008958387433809278,-0.008958387433809278
2024-10-01,557.1739501953125,1,0.5576014712881233,1.0,0.0004219641312961375,0.0004219641312961375
2024-10-02,557.4090576171875,0,0.5497611361804321,1.0,-0.0018282874847113106,-0.0018282874847113106
2024-10-03,556.3899536132812,1,0.554184944963357,1.0,0.00908742566416687,0.00908742566416687
2024-10-04,561.4461059570312,0,0.5383878595970082,1.0,-0.00904048416232972,-0.00904048416232972
2024-10-07,556.370361328125,1,0.564158093739573,1.0,0.00945766211928345,0.00945766211928345
2024-10-08,561.63232421875,1,0.5385909964080753,1.0,0.0069263742769880565,0.0069263742769880565
2024-10-09,565.5223999023438,0,0.5383130350988707,1.0,-0.0017500368840644986,-0.0017500368840644986
2024-10-10,564.53271484375,1,0.548147442093169,1.0,0.005988234357958255,0.005988234357958255
2024-10-11,567.9132690429688,1,0.5400854942501138,1.0,0.008178347889252757,0.008178347889252757
2024-10-14,572.557861328125,0,0.5317555302036386,1.0,-0.007769603150609483,-0.007769603150609483
2024-10-15,568.1093139648438,1,0.5544140650982178,1.0,0.004346306574101622,0.004346306574101622
2024-10-16,570.5784912109375,1,0.5419984204783775,1.0,8.579046716006289e-05,8.579046716006289e-05
2024-10-17,570.62744140625,1,0.5465751113854016,1.0,0.003846655742334004,0.003846655742334004
2024-10-18,572.8224487304688,0,0.54433436114924,1.0,-0.0016423865728770748,-0.0016423865728770748
2024-10-21,571.8816528320312,0,0.5533311480396634,1.0,-0.0005310730568046651,-0.0005310730568046651
2024-10-22,571.5779418945312,0,0.5507295807292532,1.0,-0.009137259973135414,-0.009137259973135414
2024-10-23,566.3552856445312,1,0.5645133168698243,1.0,0.002162586827586299,0.002162586827586299
2024-10-24,567.580078125,0,0.5521375482134332,1.0,-0.00034540486784284674,-0.00034540486784284674
2024-10-25,567.384033203125,1,0.5561285763643995,1.0,0.003091538099100566,0.003091538099100566
2024-10-28,569.1381225585938,1,0.550935304524042,1.0,0.0016184868692048493,0.0016184868692048493
2024-10-29,570.0592651367188,0,0.5518138718151899,1.0,-0.00302542299657671,-0.00302542299657671
2024-10-30,568.3345947265625,0,0.5564494104847605,1.0,-0.019602980971893724,-0.019602980971893724
2024-10-31,557.1935424804688,1,0.580397368913357,1.0,0.004220478802908323,0.004220478802908323
2024-11-01,559.545166015625,0,0.5538573855684156,1.0,-0.0021541107650125957,-0.0021541107650125957
2024-11-04,558.33984375,1,0.5626800919082126,1.0,0.012092034841011623,0.012092034841011623
2024-11-05,565.09130859375,1,0.5427609963783364,1.0,0.02486559313993597,0.02486559313993597
2024-11-06,579.1426391601562,1,0.5148712481207149,1.0,0.007732166552688602,0.007732166552688602
2024-11-07,583.6206665039062,1,0.5241221939341044,1.0,0.004331606609927707,0.004331606609927707
2024-11-08,586.148681640625,1,0.5271415742593587,1.0,0.0009527816016310364,0.0009527816016310364
2024-11-11,586.7071533203125,0,0.5299572857137378,1.0,-0.0031062323344024367,-0.0031062323344024367
2024-11-12,584.8847045898438,1,0.539358143375391,1.0,0.0004858730024395186,0.0004858730024395186
2024-11-13,585.1688842773438,0,0.5427066168963224,1.0,-0.006430310093229585,-0.006430310093229585
2024-11-14,581.4060668945312,0,0.554931469243728,1.0,-0.012808535846547398,-0.012808535846547398
2024-11-15,573.9591064453125,1,0.5679034169514997,1.0,0.0040973033512390344,0.0040973033512390344
2024-11-18,576.310791015625,1,0.5490180226628384,1.0,0.0036553686844147393,0.0036553686844147393
2024-11-19,578.4174194335938,1,0.5473282452665427,1.0,0.0003389332950363144,0.0003389332950363144
2024-11-20,578.6134643554688,1,0.5510326089934127,1.0,0.005368352731534021,0.005368352731534021
2024-11-21,581.7196655273438,1,0.5423902072476644,1.0,0.0030992892063126387,0.0030992892063126387
2024-11-22,583.5225830078125,1,0.540183343864106,1.0,0.0033921054211556445,0.0033921054211556445
2024-11-25,585.501953125,1,0.539656205342964,1.0,0.00522148547086676,0.00522148547086676
2024-11-26,588.5591430664062,0,0.5365088089253696,1.0,-0.003029984694522536,-0.003029984694522536
2024-11-27,586.7758178710938,1,0.5467933121619095,1.0,0.006212153757098493,0.006212153757098493
2024-11-29,590.4209594726562,1,0.5359454341212809,1.0,0.0017922238140926083,0.0017922238140926083
2024-12-02,591.4791259765625,1,0.5434161725626084,1.0,0.00046394547237316175,0.00046394547237316175
2024-12-03,591.7535400390625,1,0.5456727878598657,1.0,0.006209406835690379,0.006209406835690379
2024-12-04,595.427978515625,0,0.5385385861709393,1.0,-0.0016456371446975648,-0.0016456371446975648
2024-12-05,594.4481201171875,1,0.5472693309307797,1.0,0.0018956945975732165,0.0018956945975732165
2024-12-06,595.5750122070312,0,0.5480583631180489,1.0,-0.005149673070058869,-0.005149673070058869
2024-12-09,592.5079956054688,0,0.5584486827287922,1.0,-0.003108991042220177,-0.003108991042220177
2024-12-10,590.6658935546875,1,0.5580313590457828,1.0,0.007730532876877971,0.007730532876877971
2024-12-11,595.2320556640625,0,0.544669164309888,1.0,-0.005152640171807943,-0.005152640171807943
2024-12-12,592.1650390625,0,0.5601166743892306,1.0,-0.0001985151151840947,-0.0001985151151840947
2024-12-13,592.0474853515625,1,0.5557816182502437,1.0,0.004269850246997331,0.004269850246997331
2024-12-16,594.575439453125,0,0.5484639709379397,1.0,-0.004119786596019304,-0.004119786596019304
2024-12-17,592.1259155273438,0,0.56015721770214,1.0,-0.029803561159425507,-0.029803561159425507
2024-12-18,574.4784545898438,0,0.5955630472696819,1.0,-0.00030704650479618234,-0.00030704650479618234
2024-12-19,574.3020629882812,1,0.5642487939782664,1.0,0.012010906155728973,0.012010906155728973
2024-12-20,581.199951171875,1,0.5454886374518921,1.0,0.00598841886167123,0.00598841886167123
2024-12-23,584.680419921875,1,0.5502512289729072,1.0,0.011114992122683187,0.011114992122683187
2024-12-24,591.1791381835938,1,0.5384477430977598,1.0,6.648854481872135e-05,6.648854481872135e-05
2024-12-26,591.2184448242188,0,0.5421678124907736,1.0,-0.01052648096742248,-0.01052648096742248
2024-12-27,584.9949951171875,0,0.5576236712940763,1.0,-0.01141148084241339,-0.01141148084241339
